Transaction_id,Currency,Status,Submit Date,Country
TXN-76F1B342-680,CNY,Failed,2023-09-21,Canada
TXN-5F201653-328,AUD,Cancelled,2023-08-06,Sweden
TXN-199D4261-B96,CHF,Failed,2024-11-01,Sweden
TXN-67C768E0-6FE,AED,Processing,2023-06-08,India
TXN-4417FDA8-05B,CHF,Refunded,2024-06-26,Japan
TXN-7C91202C-609,AED,Cancelled,2023-08-26,UAE
TXN-2FEBF51F-89E,AUD,Cancelled,2024-06-06,Netherlands
TXN-14AAC851-44D,INR,Processing,2023-06-19,United Kingdom
TXN-0165EE54-419,AUD,Processing,2023-04-20,Sri Lanka
TXN-2A4A915F-A82,USD,Refunded,2023-05-24,Sri Lanka
TXN-275B12E6-4A1,CNY,Pending,2024-09-10,Japan
TXN-2C04E312-0C9,GBP,Processing,2024-08-02,Switzerland
TXN-EA62D0D3-8E9,SGD,Completed,2023-11-22,Japan
TXN-99C11DAF-4DC,JPY,Failed,2024-10-09,Singapore
TXN-A8DA2486-E1B,EUR,Failed,2023-10-28,United States
TXN-DDB4201A-07E,GBP,Completed,2024-03-08,Netherlands
TXN-A4F89760-C2D,CNY,Failed,2023-06-04,UAE
TXN-5E14ED02-789,JPY,Completed,2023-09-12,Brazil
TXN-863A3910-BF2,CAD,Refunded,2023-06-14,Netherlands
TXN-243313AB-B27,USD,Cancelled,2023-07-02,Australia
TXN-246A9F96-EFE,SGD,Cancelled,2023-11-13,China
TXN-903BC4EC-D9F,JPY,Pending,2024-10-05,Italy
TXN-9F842E32-E6E,JPY,Cancelled,2023-01-05,United States
TXN-18468688-D82,CNY,Completed,2024-10-24,Switzerland
TXN-CC35500C-9B6,EUR,Cancelled,2024-06-03,Sweden
TXN-B29D1511-B82,INR,Completed,2024-06-11,United States
TXN-D9E66786-14D,CNY,Processing,2023-12-01,Spain
TXN-DD3F3CD8-739,AED,Failed,2023-08-08,Italy
TXN-3BBE6914-704,AED,Completed,2024-04-07,Canada
TXN-BF3198FF-630,JPY,Failed,2024-10-20,France
TXN-4A2DF519-028,LKR,Pending,2024-05-17,United Kingdom
TXN-5B084D74-A4F,AUD,Refunded,2023-08-25,Italy
TXN-AAC083B3-460,CAD,Refunded,2024-07-08,Italy
TXN-20FB9E8B-245,JPY,Pending,2024-04-05,UAE
TXN-9A13D328-3BB,CNY,Failed,2024-05-18,Switzerland
TXN-C88589AB-FBB,AED,Failed,2023-06-05,Sri Lanka
TXN-54EA676A-E42,GBP,Pending,2024-07-30,India
TXN-405E77BF-9F3,LKR,Refunded,2023-08-08,Switzerland
TXN-226091D4-89B,LKR,Refunded,2024-03-02,United Kingdom
TXN-86F46CD3-6AE,GBP,Pending,2024-11-26,India
TXN-016A85F6-F22,AED,Cancelled,2024-02-14,China
TXN-62C7FA66-E03,INR,Failed,2024-07-30,Singapore
TXN-3288552E-586,EUR,Refunded,2024-09-10,Italy
TXN-C1DC7C3F-B8A,JPY,Processing,2023-06-21,Sweden
TXN-0D5BF239-2BB,CHF,Failed,2023-03-30,UAE
TXN-CB918731-12A,USD,Pending,2023-02-17,India
TXN-1603A877-2A8,INR,Failed,2024-02-23,Brazil
TXN-1A50668A-0E7,USD,Refunded,2023-05-05,France
TXN-A52FAE36-B9E,AED,Completed,2024-07-06,Italy
TXN-66B67CFA-89E,AUD,Pending,2023-05-16,Netherlands
TXN-2B2C082A-908,AED,Processing,2023-01-25,Switzerland
TXN-5536DE8B-025,SGD,Pending,2023-05-01,France
TXN-B4B83BF3-2B0,USD,Completed,2024-05-31,Sweden
TXN-32552A8C-E0E,SGD,Failed,2024-04-12,Spain
TXN-EC6135D6-812,AED,Refunded,2024-09-14,China
TXN-BB4592BA-29F,JPY,Refunded,2024-02-13,Germany
TXN-C66FEADB-874,SGD,Processing,2024-03-09,Canada
TXN-D21252EA-B6E,CHF,Pending,2023-04-29,Norway
TXN-A8D857B7-C64,INR,Refunded,2023-09-18,Australia
TXN-CF7CA852-F87,LKR,Cancelled,2023-05-07,Switzerland
TXN-C8973E3A-B03,GBP,Cancelled,2024-11-25,China
TXN-F4D7089B-C8B,LKR,Refunded,2024-10-18,Norway
TXN-5C12A144-BC2,LKR,Cancelled,2024-09-12,Japan
TXN-8CF68628-772,USD,Processing,2024-07-12,Australia
TXN-1528C23D-54C,USD,Completed,2024-02-12,United States
TXN-3727291C-680,GBP,Pending,2024-05-30,Spain
TXN-04E4CB44-368,GBP,Completed,2023-12-07,China
TXN-81062FEC-7CF,JPY,Cancelled,2023-07-04,South Africa
TXN-D5CEE326-D28,EUR,Processing,2024-01-03,Spain
TXN-708D381E-6F5,AUD,Processing,2023-05-30,France
TXN-A6B7CC03-6E6,USD,Failed,2023-06-07,Australia
TXN-4DA8E66E-3B3,GBP,Failed,2023-04-01,France
TXN-C866E7C8-D1D,SGD,Processing,2023-01-25,Singapore
TXN-46558E71-8CE,SGD,Failed,2023-11-18,Netherlands
TXN-31E2891C-04E,USD,Refunded,2023-07-31,France
TXN-C535AACC-A1F,USD,Refunded,2023-09-15,Sweden
TXN-6B84B7D3-F46,LKR,Pending,2023-03-27,Australia
TXN-154343A8-421,SGD,Pending,2024-10-23,Switzerland
TXN-B0D8633C-A26,INR,Refunded,2023-02-26,United States
TXN-B26626CB-BDA,JPY,Processing,2023-03-10,Japan
TXN-684E1498-2EA,SGD,Processing,2024-11-30,Japan
TXN-5F635681-277,USD,Failed,2023-07-19,Netherlands
TXN-BB1016E6-26C,CAD,Refunded,2023-09-06,Singapore
TXN-B375059E-81D,USD,Pending,2024-08-28,Singapore
TXN-0C82BE00-B62,INR,Failed,2023-02-06,Singapore
TXN-D5896C50-D2E,CAD,Refunded,2023-06-20,Italy
TXN-EDE6F4D4-72F,GBP,Pending,2023-09-27,Singapore
TXN-CC9B0EAF-270,GBP,Cancelled,2024-12-06,Netherlands
TXN-3AD374C4-18B,AUD,Failed,2024-10-26,Australia
TXN-26E6495D-FF0,JPY,Completed,2023-08-14,Singapore
TXN-9D897D84-C00,CNY,Refunded,2023-08-09,UAE
TXN-F39DD85F-BC4,LKR,Pending,2023-06-17,Italy
TXN-19DBA425-94A,AED,Refunded,2023-05-18,Sweden
TXN-EEC48B2E-B4A,CAD,Cancelled,2024-10-05,France
TXN-701D08C2-B2B,USD,Pending,2024-03-03,India
TXN-E3B554CA-F6F,AED,Refunded,2024-02-24,Brazil
TXN-D6401997-775,USD,Completed,2024-05-02,United Kingdom
TXN-C2CDE750-6E9,AED,Cancelled,2023-10-30,United States
TXN-1D72F488-98D,CNY,Pending,2024-04-01,South Africa
TXN-6C96ADEE-C63,CAD,Processing,2024-08-11,Sri Lanka
TXN-9EE76380-E89,INR,Failed,2023-12-22,Switzerland
TXN-4950AE70-667,USD,Pending,2024-01-18,Sweden
TXN-F825C4EA-03A,CNY,Cancelled,2024-03-09,Germany
TXN-CDE2EB51-213,AUD,Pending,2024-12-17,Singapore
TXN-A5354549-20D,CNY,Failed,2023-11-11,Japan
TXN-0A58EAA2-198,CNY,Processing,2023-04-20,Sweden
TXN-50A773D1-D8A,INR,Completed,2023-09-10,United States
TXN-B1A7F1F4-8AA,INR,Refunded,2024-06-22,Sri Lanka
TXN-861B0E79-8DC,AED,Pending,2023-11-05,South Africa
TXN-8B1CBC86-8F1,USD,Failed,2023-08-27,Sri Lanka
TXN-3C57F01B-7F2,CHF,Cancelled,2024-03-03,India
TXN-083AEB90-4DC,CHF,Completed,2024-01-29,Sri Lanka
TXN-4261C082-B75,CNY,Cancelled,2024-04-04,Netherlands
TXN-9E6E0C3E-2EA,CAD,Processing,2023-03-24,United Kingdom
TXN-AEA280A6-B5F,EUR,Refunded,2023-05-30,Spain
TXN-025B69BB-C43,AED,Failed,2023-11-24,China
TXN-00F2A644-004,CHF,Completed,2024-10-05,Spain
TXN-23111A5B-902,AED,Pending,2023-10-22,India
TXN-480FCDBF-782,USD,Cancelled,2023-01-21,Brazil
TXN-EF5A35F8-FD5,AUD,Completed,2023-10-31,Norway
TXN-F0A54C17-BE7,AED,Refunded,2023-10-27,Switzerland
TXN-D7A12B41-8B4,CHF,Refunded,2023-07-27,France
TXN-487F888A-6AE,JPY,Refunded,2024-07-27,Sri Lanka
TXN-C8423928-675,INR,Refunded,2023-12-06,Spain
TXN-223C16DD-69E,USD,Pending,2024-09-13,India
TXN-B8964E5B-ED3,CNY,Pending,2024-10-22,Brazil
TXN-26F721AC-219,EUR,Completed,2023-08-21,Sweden
TXN-9EBF310B-D3E,GBP,Refunded,2023-10-12,Sweden
TXN-D510ABBE-ABF,LKR,Pending,2024-03-14,UAE
TXN-3313C6CC-5AF,AED,Pending,2023-02-20,Japan
TXN-C0C0B6D8-F52,CHF,Cancelled,2024-11-06,Australia
TXN-CC42B363-982,USD,Failed,2024-03-27,Norway
TXN-A824AB29-58A,INR,Refunded,2023-02-10,France
TXN-0396DB95-D0F,EUR,Pending,2023-05-10,Switzerland
TXN-0C5A4F0F-4A7,AUD,Refunded,2023-06-12,Switzerland
TXN-79F8177F-B48,EUR,Cancelled,2024-11-25,UAE
TXN-79AD0609-CCD,SGD,Completed,2023-02-19,United Kingdom
TXN-CA53960A-567,CHF,Processing,2023-11-08,Norway
TXN-5754F6CF-249,CNY,Refunded,2024-06-05,United Kingdom
TXN-35BEAF34-981,JPY,Processing,2023-07-17,Singapore
TXN-8F44644E-374,JPY,Completed,2024-06-19,Singapore
TXN-40B7FCA4-E97,CNY,Cancelled,2024-04-23,Norway
TXN-99887E4A-DFE,USD,Pending,2024-08-27,Sri Lanka
TXN-77D8B2A3-314,AUD,Cancelled,2023-11-25,Netherlands
TXN-2E111047-11A,LKR,Processing,2023-01-16,Switzerland
TXN-AC5F8A71-05A,GBP,Refunded,2023-11-01,Sweden
TXN-1C0D8B3E-54B,CHF,Pending,2024-10-30,Sweden
TXN-43B4724A-9ED,INR,Failed,2023-07-16,Singapore
TXN-ABC776C2-6FF,AED,Completed,2023-04-20,India
TXN-C4A8FF03-491,LKR,Refunded,2023-08-14,France
TXN-57C76E6D-447,USD,Failed,2024-04-08,Canada
TXN-929910FA-5F3,CNY,Processing,2024-01-29,Netherlands
TXN-FED835DC-3F0,LKR,Pending,2023-04-17,Singapore
TXN-43B956CA-364,LKR,Cancelled,2023-10-08,Sri Lanka
TXN-C7C2B4EE-A49,JPY,Processing,2024-01-08,Netherlands
TXN-C397C44F-AEF,CAD,Cancelled,2023-12-27,Japan
TXN-A63AE64E-D44,AUD,Completed,2024-11-22,France
TXN-16B2AF4D-191,EUR,Failed,2024-06-04,Norway
TXN-E5497A25-E10,CAD,Refunded,2023-07-14,UAE
TXN-812FFE20-42A,CNY,Pending,2024-06-18,Norway
TXN-533C9734-752,JPY,Completed,2024-03-12,Sri Lanka
TXN-B350C21D-B30,USD,Failed,2024-03-16,Australia
TXN-C7EDB8D0-C77,AUD,Processing,2023-08-22,United Kingdom
TXN-06E44B44-EC6,JPY,Pending,2023-03-06,India
TXN-80EAD052-5D0,AUD,Pending,2024-05-10,UAE
TXN-E4D06683-51A,JPY,Pending,2024-12-31,China
TXN-910F4BCA-2CC,USD,Completed,2024-11-03,South Africa
TXN-A65C561C-03B,SGD,Processing,2024-08-26,Japan
TXN-BC7C2B70-7F9,LKR,Failed,2023-03-12,Spain
TXN-1F3D0A0A-80C,GBP,Processing,2023-07-24,Sri Lanka
TXN-7F39D1C1-888,GBP,Pending,2023-05-30,France
TXN-BF568DC5-709,LKR,Cancelled,2023-12-04,France
TXN-A86E3AED-873,CAD,Pending,2023-05-03,Netherlands
TXN-6738E5FA-707,LKR,Cancelled,2023-09-08,Italy
TXN-8A581C9A-53A,JPY,Refunded,2023-10-12,Sweden
TXN-72054970-F70,EUR,Processing,2024-01-17,Spain
TXN-19C3BFC0-1E7,CNY,Cancelled,2024-03-20,Switzerland
TXN-45AEBD42-C95,GBP,Refunded,2024-07-14,Italy
TXN-8928F344-B10,USD,Cancelled,2024-12-24,Brazil
TXN-2228BED8-04C,CAD,Failed,2023-09-02,Brazil
TXN-1BC5F1E5-E0F,LKR,Refunded,2024-07-03,United States
TXN-1C59C1D8-D1C,CHF,Refunded,2023-09-22,Spain
TXN-119AA5C6-90E,CAD,Cancelled,2024-03-27,Sweden
TXN-447FEAC7-A1F,SGD,Pending,2024-06-09,United States
TXN-09E61F49-843,CHF,Refunded,2023-03-18,France
TXN-D8DF264C-CBD,JPY,Refunded,2024-08-08,Australia
TXN-EAE5EC32-020,CHF,Processing,2024-06-08,United States
TXN-3365CB25-83E,AUD,Cancelled,2024-07-10,United Kingdom
TXN-EA3B1D92-9A3,CAD,Refunded,2024-11-26,France
TXN-D15E3D9E-9D9,CNY,Refunded,2024-04-25,Australia
TXN-40D61FEB-B28,JPY,Pending,2023-11-11,Spain
TXN-4716B8EE-66C,EUR,Refunded,2023-01-04,Germany
TXN-A6C67187-795,AED,Failed,2023-04-29,Spain
TXN-DA819A01-D8D,AED,Pending,2023-07-11,Brazil
TXN-1AFBE65B-AAB,AUD,Processing,2024-06-26,Singapore
TXN-FD3E7CBD-E2F,AED,Pending,2024-07-16,UAE
TXN-584D8657-A95,USD,Refunded,2024-04-10,South Africa
TXN-47F64950-72B,USD,Completed,2024-05-16,Sweden
TXN-E9858FC0-7D2,EUR,Failed,2024-02-10,United Kingdom
TXN-F88A91C3-6ED,CHF,Processing,2024-10-09,UAE
TXN-1CB5BEA6-D90,AUD,Cancelled,2023-01-23,UAE
TXN-40BB9645-FCB,AED,Refunded,2023-10-03,Sri Lanka
TXN-C467B9CA-80E,CHF,Processing,2024-11-14,Australia
TXN-67ED6C01-911,GBP,Failed,2023-02-10,Brazil
TXN-CCE8040C-C8C,SGD,Pending,2023-08-10,South Africa
TXN-65A4E72B-D0E,AED,Pending,2024-09-05,Norway
TXN-06CDE569-8AE,CAD,Completed,2024-09-28,United Kingdom
TXN-2E2BC2DF-AA5,USD,Cancelled,2024-01-22,Japan
TXN-667A7369-A9C,JPY,Pending,2023-03-21,Singapore
TXN-9F9B68A6-EBB,CAD,Cancelled,2024-04-02,Australia
TXN-52D6CCC2-C9E,INR,Failed,2023-11-09,Italy
TXN-DC3CD73C-DED,AED,Refunded,2024-05-18,South Africa
TXN-CB2B5CA6-081,CAD,Processing,2023-10-17,China
TXN-B76B91FB-5C8,CNY,Processing,2023-01-15,Singapore
TXN-3EAB80C5-02E,CAD,Failed,2024-12-06,Netherlands
TXN-D7E66597-39A,SGD,Refunded,2023-08-26,United States
TXN-EF812920-C7A,EUR,Refunded,2024-03-22,South Africa
TXN-4A0B3E31-D3E,CNY,Pending,2023-01-03,Sweden
TXN-DC03266F-A1B,USD,Failed,2023-07-15,Switzerland
TXN-099A8B2F-45E,SGD,Refunded,2024-07-05,Switzerland
TXN-F166ABF9-E4B,GBP,Failed,2023-05-26,UAE
TXN-BECB414A-459,JPY,Completed,2024-04-02,Switzerland
TXN-A0999F9F-4B1,CAD,Completed,2024-05-28,France
TXN-9929D35A-D2B,AED,Refunded,2023-08-24,Italy
TXN-843FD43F-65C,CHF,Pending,2023-09-03,Australia
TXN-2D0A0304-C36,LKR,Failed,2024-09-25,UAE
TXN-D5A34131-3B4,INR,Failed,2023-09-10,South Africa
TXN-E0AD6DF1-815,AED,Processing,2024-08-08,Netherlands
TXN-52400991-1E7,CNY,Cancelled,2024-03-04,Canada
TXN-06C4B1DD-833,AED,Pending,2024-03-27,Switzerland
TXN-0B665D05-54C,CHF,Refunded,2023-02-18,Japan
TXN-1F0FDD76-AEA,AED,Failed,2023-10-01,United States
TXN-C2FCAEDE-3FC,CHF,Failed,2023-08-01,Brazil
TXN-0084B588-659,LKR,Failed,2024-04-25,Singapore
TXN-D3B90EB5-5F1,AED,Completed,2024-03-14,UAE
TXN-5F138B97-3E1,GBP,Processing,2024-03-06,Germany
TXN-EF56245C-067,CNY,Cancelled,2023-10-23,Switzerland
TXN-87BBC6DB-63D,INR,Processing,2024-01-08,South Africa
TXN-2A08C624-7A4,CAD,Completed,2024-08-26,France
TXN-D81BABE3-B64,JPY,Pending,2023-04-08,South Africa
TXN-C12DCA16-549,LKR,Processing,2024-02-18,Sri Lanka
TXN-40D05BDC-522,AED,Failed,2023-11-30,Sri Lanka
TXN-9325B050-8AF,AED,Refunded,2024-06-12,Sri Lanka
TXN-6218130B-D7F,INR,Failed,2024-07-20,Sri Lanka
TXN-C90DD100-EE5,SGD,Pending,2024-04-29,Australia
TXN-9F42F6B6-E85,LKR,Completed,2023-08-07,Germany
TXN-B0BD1AF1-DF8,USD,Cancelled,2024-01-07,Sweden
TXN-76976F38-CD9,CNY,Failed,2023-01-18,Singapore
TXN-E2820CB4-0FB,AUD,Completed,2024-03-22,Germany
TXN-8AA2387D-20B,EUR,Failed,2023-01-17,United Kingdom
TXN-DEE3A7F0-8ED,INR,Cancelled,2024-10-06,Singapore
TXN-D4D162B6-A66,JPY,Cancelled,2023-01-22,Netherlands
TXN-034D0419-EEF,LKR,Failed,2023-12-08,Singapore
TXN-09284A80-44C,EUR,Failed,2023-08-04,Germany
TXN-D3FAA856-277,USD,Refunded,2024-02-06,UAE
TXN-30A406D7-D17,GBP,Failed,2024-01-25,Brazil
TXN-E542A55A-7A0,CNY,Failed,2024-08-15,Sri Lanka
TXN-582F5F7B-EE5,CHF,Pending,2024-09-20,United States
TXN-28645B1C-9CE,CAD,Cancelled,2024-12-11,Japan
TXN-B4053C43-123,CHF,Processing,2024-08-23,Germany
TXN-D42785FD-ED0,USD,Processing,2023-08-15,Norway
TXN-F7A91DCB-D52,CNY,Cancelled,2023-10-01,Netherlands
TXN-6F1DF0F8-936,INR,Pending,2023-05-05,France
TXN-B6CB3CAA-40B,CNY,Pending,2023-06-05,Japan
TXN-7EAB5C85-9CD,AUD,Failed,2023-04-26,Netherlands
TXN-6937AA2C-8E9,GBP,Refunded,2024-07-24,Japan
TXN-EE22D737-737,JPY,Pending,2023-03-09,South Africa
TXN-263AE095-C61,AED,Refunded,2024-12-05,United Kingdom
TXN-24EAD832-572,CHF,Cancelled,2024-08-28,Netherlands
TXN-871A9A4B-C80,EUR,Completed,2023-05-23,Norway
TXN-C369B325-41C,INR,Refunded,2023-06-28,Spain
TXN-BA25F297-5A8,CHF,Pending,2023-04-25,UAE
TXN-BA98DECC-679,CAD,Processing,2023-05-06,Sweden
TXN-69046728-146,INR,Failed,2024-02-25,France
TXN-B863093E-194,AED,Pending,2024-06-06,South Africa
TXN-1FB22133-834,AUD,Pending,2023-07-20,South Africa
TXN-73A5F1B9-E04,JPY,Refunded,2023-10-22,Germany
TXN-21E8CF5A-AFD,CNY,Cancelled,2023-12-27,United States
TXN-0B3B639F-C80,SGD,Cancelled,2023-09-04,Sri Lanka
TXN-83C2EBF5-A8C,EUR,Failed,2023-02-10,Spain
TXN-9AE5CBDD-788,SGD,Pending,2023-02-12,South Africa
TXN-63A58917-7FB,GBP,Pending,2023-06-21,India
TXN-58424491-8F4,GBP,Pending,2024-01-19,South Africa
TXN-E763D177-643,CNY,Completed,2024-05-27,Sri Lanka
TXN-AAEC2C81-742,AED,Completed,2024-11-27,Australia
TXN-6CE9CF1E-A8B,CNY,Completed,2024-05-10,South Africa
TXN-2786B5C7-0D4,CNY,Cancelled,2023-03-25,Japan
TXN-B0E62127-740,USD,Refunded,2024-09-16,Japan
TXN-017F797E-510,AED,Processing,2023-10-25,South Africa
TXN-20133244-B1B,JPY,Refunded,2023-06-15,UAE
TXN-D9FAF09B-55F,GBP,Failed,2024-02-09,United States
TXN-DB31BC74-1AA,INR,Completed,2024-07-12,United States
TXN-158E6FFE-7E6,JPY,Failed,2024-08-06,UAE
TXN-8C87273B-346,AUD,Refunded,2024-10-15,Australia
TXN-563FF87D-13F,AUD,Refunded,2023-08-14,Switzerland
TXN-B6907E03-D2B,LKR,Completed,2023-11-24,United States
TXN-70A29C4F-C43,AUD,Cancelled,2024-11-19,UAE
TXN-CEF717D8-013,CAD,Processing,2023-04-16,Italy
TXN-AB1E0ACA-6BE,CAD,Pending,2023-02-21,Italy
TXN-880EC26A-65F,EUR,Cancelled,2023-11-24,Japan
TXN-B82D779E-9E5,CNY,Pending,2023-02-14,Canada
TXN-BC3A4083-FB0,SGD,Processing,2023-05-26,India
TXN-60199511-6B4,EUR,Failed,2024-08-09,Australia
TXN-5A81CA5D-8BD,EUR,Processing,2023-10-21,Sweden
TXN-8B29B564-541,SGD,Processing,2024-01-28,United Kingdom
TXN-631F1B57-D42,AUD,Pending,2024-08-03,Sri Lanka
TXN-5617A65B-6C5,JPY,Cancelled,2023-12-07,South Africa
TXN-989A35CB-FA4,CAD,Refunded,2024-06-30,China
TXN-AF9CBFBC-FCC,JPY,Completed,2023-07-16,Canada
TXN-6A7E1EA5-BB2,SGD,Pending,2023-04-01,Germany
TXN-4A4A1832-FE7,AUD,Pending,2024-08-05,Sweden
TXN-1D516317-AB1,EUR,Pending,2023-06-30,United Kingdom
TXN-3F304322-C38,EUR,Processing,2023-09-10,United Kingdom
TXN-779FAEF6-161,AED,Pending,2023-12-26,Japan
TXN-A8E7A018-8CB,EUR,Failed,2023-12-04,Spain
TXN-24C898ED-8B1,AUD,Pending,2024-11-28,Australia
TXN-1AFD90C3-ED4,SGD,Processing,2024-09-23,United Kingdom
TXN-8C1755AD-6B6,SGD,Cancelled,2023-03-30,South Africa
TXN-AFC5C603-3EE,AED,Pending,2023-09-29,Canada
TXN-A45FB19B-41B,GBP,Failed,2023-06-27,Canada
TXN-EC651DCB-357,INR,Pending,2024-10-02,Spain
TXN-5F92B648-0C3,CNY,Processing,2023-09-29,Singapore
TXN-F1DCFC1E-CB0,LKR,Pending,2023-04-26,Singapore
TXN-2DDCB2E6-936,SGD,Processing,2024-03-10,Singapore
TXN-EF1A1EDD-20A,INR,Refunded,2023-04-04,Spain
TXN-F615EFB3-3D8,GBP,Refunded,2023-08-28,China
TXN-A49083E6-13C,JPY,Processing,2024-02-06,UAE
TXN-99DA08DC-EA2,JPY,Refunded,2024-07-17,Norway
TXN-2C9C5989-38F,USD,Cancelled,2024-09-09,Norway
TXN-2C4A65CD-05E,INR,Cancelled,2023-08-26,Italy
TXN-DE34A26D-C74,INR,Refunded,2024-02-18,Norway
TXN-67DE5E2F-836,CNY,Failed,2024-07-10,Germany
TXN-2CB6909F-5FE,CNY,Completed,2023-11-18,Australia
TXN-470930A7-483,CAD,Refunded,2023-11-17,Switzerland
TXN-D1F8851E-90B,EUR,Processing,2024-09-03,United Kingdom
TXN-83F1A907-E16,USD,Failed,2023-09-08,Spain
TXN-6D014EFC-0CD,CNY,Completed,2024-01-18,Singapore
TXN-DE039027-38F,AED,Pending,2024-08-23,Germany
TXN-BB896DA6-378,EUR,Processing,2023-05-30,Australia
TXN-095D8311-72D,CNY,Refunded,2023-07-25,South Africa
TXN-5C39C5C3-F99,GBP,Processing,2023-10-19,Canada
TXN-0B5C0D6B-98F,CAD,Pending,2024-08-31,UAE
TXN-49C56F78-A82,CAD,Failed,2024-09-26,Australia
TXN-B47ACA5A-038,CNY,Failed,2024-04-10,Sweden
TXN-7A195CBD-01B,AUD,Pending,2024-11-28,UAE
TXN-C4755629-E69,LKR,Processing,2023-02-19,UAE
TXN-F00BA818-226,GBP,Refunded,2023-07-06,Germany
TXN-D3EE54C0-C29,CAD,Processing,2024-04-28,Singapore
TXN-4F4AA0E5-49E,GBP,Cancelled,2024-04-09,Japan
TXN-5FF0FC2E-8A0,LKR,Refunded,2024-12-11,Germany
TXN-E7E3403B-C8D,GBP,Pending,2024-11-25,Netherlands
TXN-D027A243-12F,CHF,Failed,2024-03-23,France
TXN-AB7996CF-070,JPY,Refunded,2024-03-30,Japan
TXN-48B8E50B-006,LKR,Pending,2024-08-20,UAE
TXN-C0805B6F-D01,GBP,Refunded,2023-06-25,Australia
TXN-6B21CCCB-55E,CHF,Failed,2023-09-27,Brazil
TXN-023E5681-F8C,USD,Failed,2023-03-08,Spain
TXN-E058CAFD-502,USD,Completed,2023-08-01,Switzerland
TXN-0D966EDF-6DB,CHF,Cancelled,2024-08-02,South Africa
TXN-6118DF83-2EB,USD,Failed,2023-12-07,Japan
TXN-10BC5E17-496,CNY,Processing,2023-04-27,Sweden
TXN-E1947E31-B6C,LKR,Completed,2024-04-04,Switzerland
TXN-F29BFC43-F36,CNY,Failed,2024-05-02,Norway
TXN-81F58FD9-308,LKR,Completed,2023-04-01,Spain
TXN-0860ED6E-A50,INR,Processing,2024-11-13,United States
TXN-31446317-AC2,JPY,Processing,2024-02-27,United States
TXN-824D22CE-BF6,SGD,Cancelled,2023-07-30,Norway
TXN-A509E010-0B3,SGD,Failed,2024-09-29,Australia
TXN-F6CA034B-7B0,CHF,Processing,2023-06-24,Australia
TXN-D0B0F360-0C5,GBP,Completed,2023-10-14,United Kingdom
TXN-F4DC642E-273,CAD,Cancelled,2023-09-14,Brazil
TXN-79766843-D8F,CHF,Cancelled,2024-09-26,Japan
TXN-CE8CDBEB-A79,AED,Refunded,2023-10-19,Canada
TXN-47ACECD4-AC6,AED,Completed,2023-03-15,Australia
TXN-6025948F-EE5,CAD,Completed,2023-10-26,South Africa
TXN-BE43B38D-9F5,AED,Completed,2024-08-02,Canada
TXN-C52F4CAE-3AE,CAD,Refunded,2024-03-05,Sri Lanka
TXN-700C825C-BED,CHF,Pending,2024-05-28,South Africa
TXN-A2FC2F6A-CC4,GBP,Failed,2023-06-20,Norway
TXN-07D61DB3-8A8,INR,Refunded,2024-01-28,United Kingdom
TXN-993CD134-2E8,INR,Failed,2023-05-06,Spain
TXN-5AAFB84E-1A1,JPY,Pending,2023-03-22,Sweden
TXN-56D433FB-902,LKR,Failed,2023-04-30,France
TXN-256CD9A1-CC5,INR,Refunded,2023-06-11,France
TXN-B1BA8ADC-6E6,CNY,Failed,2023-11-29,United States
TXN-66E47DE0-B8D,GBP,Cancelled,2024-08-08,France
TXN-5666AE82-425,LKR,Failed,2023-11-29,Switzerland
TXN-DE580D71-E30,CAD,Processing,2023-11-03,Canada
TXN-1156BF9D-E96,EUR,Refunded,2024-05-28,Germany
TXN-F66FA759-64F,EUR,Failed,2023-05-08,Germany
TXN-D79D1894-A66,JPY,Refunded,2023-02-15,United Kingdom
TXN-F871DF7B-82C,LKR,Completed,2023-05-15,Canada
TXN-4B73A0B3-629,CAD,Completed,2024-05-17,United States
TXN-7785D180-264,CNY,Completed,2024-01-10,Netherlands
TXN-917373CA-2B8,JPY,Pending,2023-02-24,Spain
TXN-70431F1D-C85,SGD,Refunded,2024-10-30,Australia
TXN-B0011F51-ECE,JPY,Failed,2023-03-29,United Kingdom
TXN-1E337D57-57E,CNY,Failed,2024-07-27,Germany
TXN-F8F9B742-76F,JPY,Pending,2023-05-24,India
TXN-FB1D1E53-8B8,AUD,Cancelled,2024-10-01,Spain
TXN-88F91517-390,CAD,Failed,2023-07-26,Japan
TXN-CC932AD7-A5C,GBP,Cancelled,2024-05-01,Canada
TXN-98CB6217-CB3,CHF,Refunded,2024-10-22,South Africa
TXN-EDBA7371-135,CHF,Failed,2024-04-08,India
TXN-1ED1717D-BE9,AED,Failed,2024-01-26,France
TXN-50FDAFC8-261,EUR,Cancelled,2023-10-21,United States
TXN-7ACB0A07-8A7,SGD,Pending,2023-07-15,Japan
TXN-AAB9BBAC-89D,SGD,Completed,2023-01-31,Sweden
TXN-2A78318D-4DC,AUD,Cancelled,2023-02-09,India
TXN-08218F57-87B,JPY,Failed,2023-01-09,Germany
TXN-2B8C944A-D7D,CAD,Cancelled,2024-06-18,Switzerland
TXN-83B56CDE-529,AED,Processing,2023-06-10,France
TXN-47BC525E-598,AUD,Cancelled,2023-07-27,Netherlands
TXN-0496534A-619,CAD,Pending,2024-02-07,India
TXN-445284A0-878,CNY,Completed,2024-03-12,Canada
TXN-E3716745-C59,INR,Completed,2023-01-01,Canada
TXN-24903BDE-27C,JPY,Failed,2023-08-18,China
TXN-EFDBA58E-FE6,CHF,Pending,2023-07-03,Germany
TXN-5C458D0A-649,AED,Pending,2023-09-15,Sri Lanka
TXN-0B470F55-C0D,CAD,Failed,2024-10-19,China
TXN-568935CF-B53,SGD,Pending,2024-07-08,Netherlands
TXN-5DE4DBC9-E1A,CHF,Failed,2024-03-19,Australia
TXN-E6595B53-598,GBP,Cancelled,2024-08-06,South Africa
TXN-204E0D81-DD0,INR,Refunded,2023-01-21,France
TXN-2421B500-7F9,JPY,Cancelled,2023-10-06,United States
TXN-C4B95E83-179,EUR,Cancelled,2023-10-14,China
TXN-A2292482-907,AUD,Completed,2023-01-28,United States
TXN-AD83F312-920,LKR,Refunded,2023-05-22,Singapore
TXN-0CA7C3DC-44B,CHF,Completed,2024-05-15,Switzerland
TXN-A3DC3C1C-609,AED,Cancelled,2024-04-06,United Kingdom
TXN-6064B847-FB8,INR,Cancelled,2023-08-04,India
TXN-6A67E592-0EA,EUR,Cancelled,2024-06-01,India
TXN-8FA440B2-409,USD,Pending,2023-03-29,South Africa
TXN-4F90A3A3-613,EUR,Processing,2023-05-16,Germany
TXN-B635475F-B33,LKR,Pending,2024-03-06,Germany
TXN-545607B6-2BF,CAD,Cancelled,2024-04-03,Germany
TXN-9A59B1AD-BEE,CAD,Failed,2023-08-08,Canada
TXN-CB8D5E21-997,CHF,Failed,2024-03-10,Singapore
TXN-3552D666-747,AUD,Processing,2023-07-11,Sri Lanka
TXN-7C6C247E-8E5,AUD,Failed,2024-05-16,Sri Lanka
TXN-31B4E78D-8D3,CNY,Pending,2024-04-24,Sri Lanka
TXN-3261DB9D-972,LKR,Pending,2023-11-26,India
TXN-E323E6F1-FFD,EUR,Processing,2023-01-12,Sweden
TXN-B4DB493C-A23,CHF,Failed,2024-06-23,Switzerland
TXN-DCA40703-1CB,GBP,Completed,2023-11-18,China
TXN-15B539FD-1CF,CNY,Completed,2024-06-05,India
TXN-3A01ED0B-A0B,CHF,Processing,2024-10-16,United States
TXN-42D2439D-58C,JPY,Pending,2023-10-27,Brazil
TXN-B30CBC80-27A,INR,Pending,2024-07-29,China
TXN-1E6CB85F-829,CAD,Pending,2023-05-29,Netherlands
TXN-F5F25090-66A,INR,Cancelled,2024-09-07,Canada
TXN-776A2B19-859,SGD,Pending,2023-07-30,Switzerland
TXN-2194C4B2-103,USD,Refunded,2024-09-04,Sweden
TXN-E863D15B-DCA,EUR,Failed,2024-05-29,Germany
TXN-92508A7A-613,LKR,Refunded,2023-01-15,Norway
TXN-0CA8A991-9B3,GBP,Completed,2024-06-06,China
TXN-3C3DD117-A42,GBP,Completed,2024-09-08,Sri Lanka
TXN-DDDD581D-D86,CNY,Failed,2023-05-13,Australia
TXN-A26822B6-3D4,LKR,Failed,2024-09-19,China
TXN-B4B49869-C03,AED,Refunded,2024-10-24,Brazil
TXN-C0762BA0-507,USD,Completed,2023-09-09,Netherlands
TXN-C24C11F7-A80,CHF,Refunded,2023-06-01,UAE
TXN-65014AFE-EE2,AUD,Processing,2024-05-04,Netherlands
TXN-0660EE87-161,CAD,Completed,2023-11-11,United States
TXN-27386DC2-777,CHF,Cancelled,2023-12-29,Switzerland
TXN-66227DC4-3FF,USD,Cancelled,2023-12-09,United States
TXN-CC756B83-3AE,CNY,Refunded,2024-11-10,Japan
TXN-C5669039-866,SGD,Pending,2024-06-02,Italy
TXN-E67E6197-DB6,CAD,Processing,2023-10-22,South Africa
TXN-AA5AD776-F2B,JPY,Completed,2023-12-15,Spain
TXN-97068CF1-FF4,CNY,Pending,2024-12-21,Brazil
TXN-89C01519-10D,USD,Pending,2023-01-28,Australia
TXN-BA408191-FFF,JPY,Pending,2023-12-21,Japan
TXN-1AC238F1-C16,INR,Cancelled,2023-04-29,South Africa
TXN-2CEA6130-A4E,INR,Completed,2023-03-26,Brazil
TXN-8A84FFD2-617,USD,Failed,2024-10-22,Canada
TXN-1D7008DC-EC3,USD,Refunded,2024-03-27,UAE
TXN-23D97FF2-EE7,SGD,Completed,2023-10-06,Brazil
TXN-3856182E-2C5,LKR,Completed,2023-04-17,Switzerland
TXN-D7562711-F6C,AED,Completed,2023-07-25,Germany
TXN-D5374248-479,CNY,Pending,2024-07-03,Germany
TXN-5257495D-0AC,INR,Processing,2024-12-07,UAE
TXN-DB04CC23-224,CNY,Completed,2024-05-18,Italy
TXN-5DB0D080-EE2,CNY,Cancelled,2024-04-03,China
TXN-A7922C5D-3A5,CNY,Pending,2024-12-08,India
TXN-C84232A3-24E,CAD,Completed,2023-01-11,China
TXN-96E6C6EB-355,AUD,Completed,2024-12-06,Italy
TXN-030D4B79-F6D,LKR,Refunded,2023-04-17,South Africa
TXN-FF48355D-139,JPY,Processing,2023-01-14,Japan
TXN-E47F4FD0-15D,SGD,Refunded,2024-11-06,Brazil
TXN-39609EDC-A0A,EUR,Pending,2024-07-09,South Africa
TXN-FA324087-397,EUR,Refunded,2023-09-19,Japan
TXN-26F9F7C6-313,CAD,Pending,2024-08-23,Italy
TXN-0873E040-12B,CAD,Failed,2023-11-18,India
TXN-AFA98EAD-687,CNY,Completed,2023-04-16,Sweden
TXN-3D1C49AE-222,GBP,Processing,2024-09-13,United States
TXN-3DA2955D-35D,CHF,Pending,2024-02-08,Singapore
TXN-0315347E-904,CHF,Processing,2023-08-15,Australia
TXN-7A171647-66D,AUD,Cancelled,2023-12-27,Germany
TXN-B2A42C95-EE4,SGD,Refunded,2023-12-28,Netherlands
TXN-4E947E22-ACF,LKR,Pending,2023-02-22,Sri Lanka
TXN-B0DFBEB9-C61,INR,Cancelled,2023-05-26,France
TXN-12B7BCE2-53C,GBP,Processing,2024-07-07,Australia
TXN-371D1CED-A42,USD,Refunded,2024-03-11,India
TXN-B450FA9D-43C,SGD,Completed,2024-08-27,Japan
TXN-7AD776D6-721,AUD,Failed,2023-07-21,Italy
TXN-5FB1EFC4-49C,AED,Refunded,2023-10-27,Sweden
TXN-4C4F24B2-E9E,SGD,Processing,2024-06-07,Australia
TXN-39C14A80-E21,LKR,Completed,2023-05-20,Italy
TXN-32B72CE9-EB3,EUR,Failed,2024-10-04,Japan
TXN-F99A1472-F4B,USD,Failed,2023-04-27,Sweden
TXN-038C59AB-19D,LKR,Refunded,2024-12-14,United States
TXN-4683B6DB-689,JPY,Completed,2023-06-29,Canada
TXN-FE7D3841-BBC,CHF,Cancelled,2023-10-11,Canada
TXN-2700D5BA-5AF,CAD,Refunded,2023-11-19,Canada
TXN-D4D02EA9-EB6,AUD,Failed,2024-09-23,Italy
TXN-D00BB194-1C7,SGD,Failed,2024-02-21,Switzerland
TXN-ABF3E417-E0B,AED,Cancelled,2023-07-05,Sweden
TXN-7B6935B8-018,AUD,Completed,2024-08-10,United Kingdom
TXN-4B3C42EC-8E8,CNY,Completed,2024-02-09,United Kingdom
TXN-D7ED8371-F1A,CHF,Pending,2023-07-05,Switzerland
TXN-A5B9CCC5-599,AUD,Processing,2023-03-05,Italy
TXN-6917BB8D-8ED,USD,Pending,2023-02-17,United States
TXN-61D1D457-83D,LKR,Pending,2024-05-06,Japan
TXN-7E570FBE-8BD,JPY,Failed,2024-06-10,Singapore
TXN-3D85DDA2-B7A,INR,Pending,2023-02-18,Norway
TXN-787E657B-577,EUR,Failed,2023-11-01,United Kingdom
TXN-7DFF567C-CF9,USD,Cancelled,2023-09-16,Japan
TXN-92A065FD-6FE,SGD,Processing,2023-04-08,Switzerland
TXN-2137F33F-011,JPY,Pending,2024-05-10,UAE
TXN-B0ADFC13-C85,EUR,Refunded,2023-05-13,United States
TXN-2E9094A2-61C,AUD,Failed,2023-01-27,France
TXN-72EF6FEB-505,INR,Refunded,2023-12-17,South Africa
TXN-0F05E54E-D3B,AED,Failed,2024-01-19,UAE
TXN-B311D576-8C6,SGD,Failed,2023-10-23,Singapore
TXN-7B6A9E56-081,CNY,Completed,2024-11-18,UAE
TXN-1D3AC094-609,AUD,Refunded,2024-08-25,Singapore
TXN-4FE98213-C68,JPY,Refunded,2024-05-18,Japan
TXN-A907E3E1-6E7,USD,Cancelled,2023-12-08,UAE
TXN-BFAF7255-B89,INR,Cancelled,2024-07-01,France
TXN-C884A04D-46A,GBP,Pending,2024-07-19,Brazil
TXN-7B5C0495-774,CAD,Cancelled,2024-12-15,Australia
TXN-726FC596-F8B,JPY,Failed,2024-09-26,Japan
TXN-155D927A-03A,JPY,Completed,2023-08-11,Switzerland
TXN-684603A7-0DB,CNY,Cancelled,2024-06-03,France
TXN-95858F10-9C0,CAD,Processing,2024-04-01,Switzerland
TXN-119DE787-8AA,LKR,Processing,2023-06-11,United States
TXN-748285F5-82F,SGD,Failed,2023-04-11,Italy
TXN-7BB0DAF2-3C5,USD,Failed,2024-06-07,Germany
TXN-594FBA5A-04F,USD,Cancelled,2024-08-26,China
TXN-F6705F65-E69,EUR,Processing,2024-12-15,Netherlands
TXN-A9BB6E6D-5F5,GBP,Processing,2023-01-10,Sri Lanka
TXN-0222D4FF-711,USD,Processing,2023-06-12,France
TXN-138D5094-DDB,CHF,Completed,2024-12-07,Canada
TXN-10401894-17D,EUR,Failed,2024-11-09,United States
TXN-D7D23F5D-96B,AUD,Cancelled,2023-05-16,Sweden
TXN-3F637D68-C97,AUD,Pending,2024-12-03,United Kingdom
TXN-310049F3-CE4,AUD,Pending,2024-02-27,Singapore
TXN-31DF8231-478,GBP,Cancelled,2023-03-19,United Kingdom
TXN-954FBF84-C40,CAD,Pending,2024-06-28,Netherlands
TXN-8E65526A-352,CHF,Pending,2023-02-14,Japan
TXN-EC49D0AF-EC1,AED,Completed,2024-09-08,Japan
TXN-BB739AEB-E25,GBP,Failed,2024-03-15,Japan
TXN-65B314FB-E6B,USD,Failed,2023-11-20,Norway
TXN-DC8055E0-70D,SGD,Refunded,2023-10-29,Canada
TXN-CCB660DE-035,LKR,Pending,2024-05-19,Brazil
TXN-F5BDB2FD-8FB,CHF,Failed,2024-04-29,Australia
TXN-ED6EAF6E-CD3,AED,Processing,2023-07-02,Germany
TXN-68567538-F01,LKR,Cancelled,2024-11-24,Japan
TXN-778FDA00-120,SGD,Completed,2023-01-22,Switzerland
TXN-A90BAF8F-F7D,CAD,Completed,2024-03-11,China
TXN-F6A00068-29B,USD,Pending,2024-07-07,China
TXN-A2F756D9-14E,CNY,Pending,2024-11-29,Switzerland
TXN-47BB9859-546,CAD,Failed,2023-11-10,Sweden
TXN-75791790-D3A,AED,Cancelled,2024-04-28,Canada
TXN-0D0A709D-C7C,EUR,Completed,2023-05-22,South Africa
TXN-AE4F35D8-BBC,USD,Refunded,2024-07-06,Singapore
TXN-024A6FB7-79F,LKR,Pending,2023-12-24,China
TXN-8B5DBBF1-7A7,INR,Pending,2023-01-30,India
TXN-9F594476-AE2,GBP,Cancelled,2023-05-26,Switzerland
TXN-62D0FA6A-C99,CAD,Cancelled,2023-12-08,United Kingdom
TXN-DC67142E-833,INR,Cancelled,2023-12-25,Japan
TXN-E6898840-397,JPY,Processing,2024-05-21,India
TXN-99AE200F-D29,CAD,Failed,2024-11-23,Switzerland
TXN-6C1E9190-709,AUD,Processing,2023-02-12,China
TXN-563B2073-C16,AUD,Pending,2023-09-27,Brazil
TXN-C1978203-E7F,CNY,Cancelled,2023-12-21,Sri Lanka
TXN-5C75CC66-B59,CAD,Pending,2023-02-21,South Africa
TXN-3D6DFC44-B0C,CHF,Cancelled,2024-02-23,Spain
TXN-0DA7BFC7-88C,CAD,Cancelled,2024-01-22,India
TXN-81BA28D3-812,AED,Completed,2023-07-26,Spain
TXN-0653BEEF-2DA,JPY,Completed,2024-10-18,Singapore
TXN-C637E8BA-ADC,LKR,Cancelled,2024-05-19,UAE
TXN-89C5EC63-F24,AUD,Pending,2023-04-01,Japan
TXN-2013C161-79D,AED,Refunded,2024-01-20,Brazil
TXN-646B1DCF-AE1,AUD,Failed,2024-02-22,Norway
TXN-60293BBF-8DB,EUR,Completed,2023-07-20,India
TXN-98BBA4C6-477,GBP,Refunded,2024-02-13,Sweden
TXN-095F5A32-BA1,USD,Refunded,2024-05-29,Norway
TXN-C7FECD65-965,AUD,Pending,2023-03-20,India
TXN-0BA35C06-E7A,EUR,Refunded,2024-05-13,Brazil
TXN-1FDBE005-FFA,GBP,Cancelled,2023-07-27,Switzerland
TXN-09449AE7-0E8,INR,Cancelled,2024-02-11,India
TXN-14CBD506-675,AUD,Failed,2024-09-17,South Africa
TXN-CB3BB23A-7C9,JPY,Cancelled,2024-02-19,Norway
TXN-88625537-A49,AED,Refunded,2024-02-08,Australia
TXN-DFBE115B-620,INR,Processing,2023-09-06,United Kingdom
TXN-7C83292B-655,USD,Cancelled,2024-12-10,India
TXN-A87DFE0A-4EE,AUD,Cancelled,2023-02-25,Singapore
TXN-65F94228-9A6,CNY,Refunded,2024-09-12,Canada
TXN-45A55E23-C35,EUR,Cancelled,2023-09-14,France
TXN-F1B8BE29-F03,GBP,Refunded,2023-08-31,Spain
TXN-68C9672F-643,USD,Failed,2023-05-11,Sri Lanka
TXN-2B16CA1C-FE7,AED,Failed,2024-06-12,Netherlands
TXN-5BA4904C-004,JPY,Cancelled,2024-06-18,South Africa
TXN-D0CC403F-A75,JPY,Cancelled,2023-08-18,France
TXN-62DD471F-4C0,LKR,Refunded,2024-01-09,Netherlands
TXN-E9AE47A4-4EC,GBP,Refunded,2024-01-23,Spain
TXN-7BD89415-1F4,JPY,Completed,2023-01-31,South Africa
TXN-B706E0A3-615,EUR,Refunded,2024-01-06,Brazil
TXN-C5EFD59C-5D8,SGD,Refunded,2023-03-13,Switzerland
TXN-87A2515A-E65,EUR,Refunded,2024-11-16,Sweden
TXN-39477FE8-B73,CNY,Completed,2024-02-18,Canada
TXN-2A8BD37B-96D,INR,Cancelled,2023-04-27,Norway
TXN-CADE2658-A8B,CAD,Processing,2024-05-13,United Kingdom
TXN-8188EC64-BEC,EUR,Pending,2023-07-30,Japan
TXN-E02F0CF5-59F,INR,Refunded,2023-04-20,Spain
TXN-082BF851-ADB,JPY,Cancelled,2023-10-16,South Africa
TXN-6A248EAF-BF3,AED,Processing,2023-07-20,Canada
TXN-B2462D6E-143,GBP,Pending,2024-09-16,Sri Lanka
TXN-0A2523EF-5AD,USD,Refunded,2024-02-12,UAE
TXN-00AF638C-A34,AED,Processing,2024-07-24,France
TXN-1E66D9AA-DEB,GBP,Pending,2024-01-14,Brazil
TXN-5A636A7D-60B,EUR,Refunded,2023-07-13,Sweden
TXN-DE307D2C-B38,AED,Pending,2024-11-06,Switzerland
TXN-5E6421C6-A12,SGD,Refunded,2023-12-05,Spain
TXN-F45BA16A-609,USD,Pending,2024-12-23,India
TXN-1F4F2353-633,JPY,Pending,2023-11-18,Japan
TXN-16070141-9A5,CNY,Refunded,2024-11-18,France
TXN-2D1A88A7-5ED,AUD,Failed,2024-01-27,Sri Lanka
TXN-547765D5-29E,CAD,Processing,2024-02-13,China
TXN-722EB0A7-A7A,GBP,Completed,2024-05-07,Japan
TXN-A28298F8-AE0,GBP,Completed,2024-05-27,India
TXN-8DFA6A46-748,SGD,Completed,2024-04-26,South Africa
TXN-12BF7904-586,CNY,Completed,2024-04-13,United States
TXN-9346FD47-9DE,GBP,Processing,2023-02-08,Sweden
TXN-E3CFE784-449,LKR,Failed,2023-07-27,Italy
TXN-1A4B14F7-909,LKR,Pending,2023-08-16,China
TXN-4B68B6B4-FFC,USD,Refunded,2023-08-18,Sweden
TXN-589E0337-81E,INR,Cancelled,2023-05-21,United Kingdom
TXN-15C944BB-150,GBP,Cancelled,2023-03-24,Spain
TXN-2359D17B-A87,SGD,Pending,2024-01-20,United States
TXN-58C5FF2B-0E7,SGD,Failed,2024-12-09,Netherlands
TXN-3698CBE2-5AE,JPY,Processing,2023-11-05,United States
TXN-1B30F138-D06,CNY,Processing,2023-08-30,Sri Lanka
TXN-89EFB950-D3F,CAD,Cancelled,2023-08-18,United Kingdom
TXN-1D611CE9-C36,INR,Processing,2023-04-12,Sri Lanka
TXN-37FBE67B-35E,SGD,Cancelled,2024-05-04,Spain
TXN-CF2DEF5E-395,AED,Cancelled,2023-06-07,Spain
TXN-F00110AF-346,SGD,Completed,2024-03-25,Brazil
TXN-0322A3FA-A02,JPY,Failed,2023-03-29,UAE
TXN-B67F098F-E51,LKR,Cancelled,2023-05-14,United Kingdom
TXN-49EC0472-78C,CAD,Refunded,2023-06-06,Sri Lanka
TXN-30EE5064-DA2,AUD,Failed,2023-11-01,Spain
TXN-CC4E1393-EF2,CAD,Processing,2023-05-10,India
TXN-39E8314C-20D,CAD,Refunded,2023-11-11,United Kingdom
TXN-C3F2D411-4DC,LKR,Pending,2024-05-12,South Africa
TXN-1781B88C-C6C,AUD,Processing,2024-08-31,Australia
TXN-E9A5FD2C-1EE,AED,Pending,2024-12-15,Netherlands
TXN-4ECF7C68-495,CAD,Processing,2024-04-14,Norway
TXN-13745AC7-BFC,LKR,Pending,2023-08-09,United States
TXN-9B9CA035-7C3,INR,Failed,2023-03-19,UAE
TXN-962F8FEC-E3F,CAD,Completed,2023-01-07,Australia
TXN-35143E23-C18,SGD,Refunded,2024-11-24,France
TXN-22F4101F-B05,CNY,Refunded,2023-01-06,Sweden
TXN-42D018E3-B1F,SGD,Completed,2023-03-21,UAE
TXN-4C6FDFD1-067,AUD,Pending,2023-04-17,Italy
TXN-A1704C85-4D7,LKR,Pending,2024-06-15,Canada
TXN-BC551C43-E96,LKR,Failed,2024-03-30,United Kingdom
TXN-8A82B4C7-166,CHF,Pending,2024-09-23,China
TXN-50A12929-C7D,AUD,Failed,2024-03-11,Japan
TXN-3A8D781A-81D,CHF,Processing,2024-04-30,China
TXN-C49C2091-B07,SGD,Refunded,2023-11-02,China
TXN-CB84A250-1D0,SGD,Refunded,2023-02-23,UAE
TXN-54618623-17A,SGD,Completed,2023-12-02,Australia
TXN-D45A6E4B-86B,EUR,Failed,2024-09-09,Germany
TXN-72D13A2A-07B,CHF,Processing,2024-04-15,United Kingdom
TXN-83E1B1BE-EC5,EUR,Refunded,2023-06-30,Germany
TXN-57CD8388-B65,CNY,Pending,2023-04-18,Switzerland
TXN-0EE634BB-B07,CNY,Processing,2024-01-31,Japan
TXN-7AAA6F64-72F,CNY,Processing,2024-09-24,United States
TXN-31053C92-D99,SGD,Processing,2024-05-18,Sri Lanka
TXN-FFD49294-826,USD,Failed,2024-05-21,UAE
TXN-C3B288E5-5C3,EUR,Completed,2023-08-21,Switzerland
TXN-1E0368D6-482,INR,Completed,2023-08-24,South Africa
TXN-C63FD8A1-597,AED,Cancelled,2023-06-07,Sweden
TXN-E1D88CFB-214,INR,Refunded,2024-09-14,Australia
TXN-BC4692EB-DC6,JPY,Completed,2024-01-21,France
TXN-717935EE-48C,CAD,Failed,2023-11-16,United States
TXN-8201F52B-BD7,AED,Completed,2024-05-18,United Kingdom
TXN-53704314-DA5,EUR,Processing,2024-11-28,Sweden
TXN-5DB605A6-CE5,GBP,Pending,2023-07-10,Canada
TXN-FD91F6FC-6C0,INR,Completed,2023-06-26,Canada
TXN-AC136418-DD4,JPY,Failed,2024-04-24,Italy
TXN-15D60EC9-F62,AED,Cancelled,2024-08-28,Norway
TXN-86595AF6-05C,SGD,Cancelled,2023-02-03,China
TXN-846FEC1E-150,CAD,Completed,2024-03-03,UAE
TXN-ACF8920E-382,AUD,Failed,2024-03-04,Canada
TXN-3A02B9F5-A77,USD,Refunded,2023-04-08,Brazil
TXN-14CD445F-DD7,EUR,Refunded,2023-09-16,Sweden
TXN-27EECA68-C05,CNY,Failed,2023-02-12,United States
TXN-DC54BB86-755,AUD,Refunded,2024-06-12,Germany
TXN-EF3E3EC7-E02,GBP,Cancelled,2023-12-21,Canada
TXN-D8F5048B-BB7,CAD,Cancelled,2024-05-13,Brazil
TXN-71C7EF15-742,AUD,Completed,2024-10-06,France
TXN-2DDA4504-071,CHF,Refunded,2024-06-21,France
TXN-C421A824-E02,CAD,Refunded,2024-04-01,France
TXN-F74D125D-6ED,AED,Pending,2024-08-28,Germany
TXN-701BF2FD-07B,EUR,Refunded,2023-06-18,Canada
TXN-118372E9-93A,CHF,Cancelled,2023-07-28,Brazil
TXN-AECC2C97-7C7,SGD,Cancelled,2023-01-06,Netherlands
TXN-994B9C2C-789,EUR,Cancelled,2024-05-13,Germany
TXN-C8C97BED-6BE,LKR,Processing,2023-07-03,Sri Lanka
TXN-B5543513-A9C,JPY,Completed,2024-07-31,Switzerland
TXN-C5A68814-07B,LKR,Cancelled,2023-12-21,Netherlands
TXN-9E30417E-5A8,AED,Refunded,2024-04-15,Switzerland
TXN-C2C65B7B-0F8,EUR,Completed,2023-01-23,Netherlands
TXN-2C3E7B89-706,GBP,Failed,2023-10-11,UAE
TXN-B32C3640-1AB,CNY,Cancelled,2024-12-16,China
TXN-48DCF2C5-D6E,AUD,Refunded,2023-11-20,Sweden
TXN-FC0E49DC-869,CAD,Processing,2023-03-21,Australia
TXN-E6EDB4A5-4BB,CNY,Failed,2023-04-03,Australia
TXN-0F1F4F29-827,AED,Cancelled,2024-12-30,Switzerland
TXN-448C5DA0-804,JPY,Failed,2023-10-19,Italy
TXN-DBC84DC1-876,LKR,Pending,2023-01-06,Spain
TXN-4626457E-BFB,LKR,Processing,2024-04-15,Italy
TXN-C2A21C12-FBE,GBP,Pending,2023-04-28,Sri Lanka
TXN-80091462-624,AUD,Cancelled,2024-05-30,Japan
TXN-257BD4D4-677,SGD,Failed,2023-02-27,Canada
TXN-4B034F3F-9DE,AED,Processing,2023-04-10,Germany
TXN-B9EE545A-F38,INR,Cancelled,2023-11-24,Australia
TXN-54487A80-F91,SGD,Refunded,2023-03-18,Spain
TXN-D8F8DBBD-65F,CHF,Refunded,2024-10-05,Sweden
TXN-E3ADA554-C87,AUD,Processing,2023-10-30,France
TXN-6889BFC6-825,USD,Completed,2024-06-02,UAE
TXN-F2317739-9E2,LKR,Completed,2024-12-15,United States
TXN-3426B9FF-A90,CHF,Completed,2024-05-17,India
TXN-868EA4FA-4ED,CHF,Pending,2024-03-13,Italy
TXN-05333199-18E,CAD,Processing,2024-07-12,India
TXN-58C99E48-38B,INR,Pending,2023-06-10,UAE
TXN-4570E50F-D86,JPY,Processing,2024-05-30,Italy
TXN-ABF5B640-D86,INR,Completed,2023-11-20,Switzerland
TXN-5AFDD37B-947,AED,Completed,2023-04-10,Netherlands
TXN-8DF4816C-866,GBP,Processing,2023-07-19,Japan
TXN-3F4824D6-C4B,SGD,Completed,2024-02-22,Norway
TXN-F3A32D30-02C,LKR,Pending,2023-10-21,Sweden
TXN-A57951B7-A39,AED,Processing,2024-06-29,United States
TXN-1C1D2DEF-FCF,USD,Completed,2024-05-23,Germany
TXN-3553DC53-BC8,AED,Completed,2023-10-09,Canada
TXN-DE57C39E-22A,CAD,Processing,2023-11-20,Italy
TXN-81050469-700,AUD,Failed,2024-11-26,Netherlands
TXN-40E44025-B67,INR,Pending,2023-10-20,Sri Lanka
TXN-841DB7B4-800,AED,Pending,2024-12-25,Norway
TXN-26AF5251-B8A,USD,Processing,2023-06-28,Norway
TXN-4951AC79-F33,CHF,Cancelled,2023-08-13,Italy
TXN-4EC0586A-BBD,EUR,Processing,2024-01-15,Australia
TXN-316E05BE-990,CAD,Failed,2024-01-10,Sri Lanka
TXN-EB0BD3AF-B74,CNY,Cancelled,2023-11-10,United States
TXN-8B1074A6-3BB,LKR,Pending,2024-12-02,United Kingdom
TXN-15BDDFA7-A0A,AUD,Refunded,2024-10-08,Norway
TXN-75569745-B55,SGD,Completed,2024-04-02,Japan
TXN-BBF5CCD3-BF1,USD,Cancelled,2023-07-19,Japan
TXN-CCBFA85F-9A9,CAD,Cancelled,2024-10-13,Germany
TXN-7D631812-6FB,JPY,Cancelled,2023-03-26,Singapore
TXN-8DC6B4DF-899,GBP,Pending,2023-11-27,India
TXN-5C4F6B12-EBC,JPY,Cancelled,2024-10-29,United States
TXN-EBEAF0AF-B27,EUR,Pending,2023-11-02,Germany
TXN-B55F0D31-BE1,CNY,Failed,2024-03-16,Canada
TXN-BDBE600E-E33,JPY,Cancelled,2023-08-30,Norway
TXN-C33DDB6E-EFC,EUR,Completed,2023-09-19,United Kingdom
TXN-6E272AE7-5C7,SGD,Cancelled,2024-12-28,Spain
TXN-EE472317-3E9,USD,Refunded,2024-11-14,Sweden
TXN-4E46C9A3-BD7,SGD,Completed,2024-01-19,Brazil
TXN-3DC16048-4DD,EUR,Refunded,2023-10-23,Singapore
TXN-F8BDC4EF-436,AUD,Cancelled,2023-05-03,Netherlands
TXN-459D124D-CF6,JPY,Refunded,2024-09-24,China
TXN-099813BD-D88,USD,Pending,2023-03-25,Netherlands
TXN-80E5136C-304,LKR,Pending,2023-03-12,Netherlands
TXN-47D1B4BE-293,CAD,Refunded,2023-03-08,Australia
TXN-963815BB-C3D,AUD,Processing,2024-12-09,Canada
TXN-C6960CC2-E5A,CHF,Processing,2023-09-22,Japan
TXN-1F9D66F3-FB1,CNY,Pending,2024-11-06,Switzerland
TXN-BAF315AD-D7B,AUD,Processing,2023-04-08,South Africa
TXN-6460E74C-21A,CHF,Processing,2023-10-10,Sri Lanka
TXN-62726546-034,INR,Processing,2023-03-31,Australia
TXN-A9768D1D-001,AUD,Processing,2024-12-06,Sri Lanka
TXN-AC8C6109-87A,CHF,Cancelled,2024-07-29,Sweden
TXN-D4531EB6-72D,SGD,Processing,2023-12-22,South Africa
TXN-0F090414-05C,JPY,Refunded,2024-10-05,India
TXN-881A025A-D15,AED,Processing,2023-05-01,UAE
TXN-9F3AC1A5-B30,GBP,Failed,2023-09-12,China
TXN-FB74F626-581,GBP,Completed,2023-08-23,Japan
TXN-A7672E44-E02,CHF,Completed,2023-02-10,United States
TXN-2203D916-20F,JPY,Completed,2024-05-19,Spain
TXN-DDF7BD6A-550,CNY,Processing,2023-04-04,Brazil
TXN-D55DB89C-9C2,CAD,Pending,2024-07-21,Singapore
TXN-F569BAD0-8CD,AUD,Failed,2023-10-14,Switzerland
TXN-E1A51BD1-2D2,AED,Processing,2024-03-28,France
TXN-79A686BD-C47,SGD,Refunded,2023-04-13,Sri Lanka
TXN-32834087-16C,INR,Refunded,2023-04-24,India
TXN-480885A2-40F,CNY,Completed,2023-07-23,Sri Lanka
TXN-47D86BB9-217,CAD,Cancelled,2024-11-19,Norway
TXN-0EDB892A-968,JPY,Pending,2024-01-24,Sweden
TXN-4F70C065-EA4,CAD,Pending,2023-08-01,Canada
TXN-651644ED-2A4,CAD,Failed,2024-01-13,Spain
TXN-3CB0772E-326,JPY,Failed,2023-11-05,Netherlands
TXN-9F5665D8-DD7,EUR,Processing,2023-08-10,India
TXN-C6A4FED3-096,GBP,Failed,2023-09-17,Italy
TXN-8A3C6316-25D,CHF,Processing,2023-04-05,Brazil
TXN-DABB473A-EE0,CNY,Processing,2023-12-08,United Kingdom
TXN-99A2E85E-733,INR,Cancelled,2024-01-01,India
TXN-1DC4C165-466,JPY,Refunded,2024-10-14,Singapore
TXN-772F29BB-F58,CHF,Completed,2023-09-10,South Africa
TXN-F3C8E516-C00,JPY,Failed,2023-07-20,South Africa
TXN-0489FCEF-382,CNY,Pending,2024-03-14,Italy
TXN-2D0BD02B-A40,CNY,Completed,2023-07-01,Norway
TXN-559D15AA-DBC,USD,Completed,2024-09-22,China
TXN-D6779635-4EF,INR,Refunded,2024-10-21,China
TXN-DBC6E3BF-C5A,CAD,Cancelled,2023-09-26,UAE
TXN-F3D864C8-9CC,AUD,Cancelled,2024-05-31,UAE
TXN-608B8F0F-BBD,CNY,Failed,2023-08-06,Australia
TXN-2D18835A-E23,USD,Processing,2023-08-17,Japan
TXN-F34444CD-5C6,JPY,Failed,2024-08-29,Singapore
TXN-67AFB5DC-C11,USD,Processing,2024-07-17,Spain
TXN-9AF43F67-E09,INR,Pending,2024-10-18,United States
TXN-E235CA85-E6B,USD,Pending,2023-07-05,India
TXN-3FDD6852-F85,CAD,Refunded,2023-04-16,Switzerland
TXN-8D796AA4-18C,JPY,Processing,2024-07-02,Spain
TXN-9D32A7FE-915,JPY,Cancelled,2023-12-11,Sweden
TXN-4E16D6F4-5BF,GBP,Failed,2024-11-20,Italy
TXN-9ECF26F3-2F5,JPY,Refunded,2024-10-23,Japan
TXN-56E8A6FD-65A,CHF,Pending,2023-05-24,France
TXN-248B43D8-AEE,AUD,Completed,2024-06-10,Japan
TXN-92D9078E-2FE,SGD,Cancelled,2024-08-22,United Kingdom
TXN-F32A5FA2-186,CHF,Completed,2024-11-10,Japan
TXN-DD201C17-4F7,USD,Processing,2023-12-24,United States
TXN-2F77ACDB-C0C,GBP,Pending,2024-10-24,Canada
TXN-4B72D4ED-1BB,CAD,Failed,2023-03-22,Germany
TXN-55BC49FD-EA2,LKR,Pending,2023-06-18,Brazil
TXN-38649EC9-60B,JPY,Pending,2023-11-15,United States
TXN-F26C47D8-DAB,USD,Refunded,2023-11-12,Spain
TXN-B3CAF543-43A,CHF,Pending,2023-12-17,Netherlands
TXN-F939FBFB-E1C,CNY,Pending,2023-08-12,Italy
TXN-D579EA8D-853,INR,Pending,2024-01-03,Spain
TXN-4A274C2F-752,USD,Cancelled,2023-04-24,United Kingdom
TXN-1454FAE8-B52,JPY,Refunded,2024-02-19,Italy
TXN-E0AA9315-B72,SGD,Processing,2023-12-08,Japan
TXN-0E85637E-250,JPY,Pending,2023-09-10,Sweden
TXN-3D3E8531-5C6,CAD,Failed,2023-01-26,Norway
TXN-70E908F6-6C7,INR,Refunded,2024-01-11,Australia
TXN-72BF3C5A-8A5,SGD,Completed,2024-05-27,United States
TXN-AC2E1326-40C,SGD,Processing,2024-10-04,Spain
TXN-304A6033-293,LKR,Cancelled,2023-01-09,South Africa
TXN-9F4C464F-AA4,SGD,Completed,2024-09-18,Switzerland
TXN-4D6699A8-70D,JPY,Processing,2024-05-01,Italy
TXN-F3E9435D-E61,CNY,Cancelled,2024-02-07,Italy
TXN-EACD45CD-545,CNY,Pending,2024-03-17,Norway
TXN-CA4EDEB7-EEC,CAD,Pending,2024-09-04,Australia
TXN-34C22126-DA6,CHF,Completed,2023-12-14,South Africa
TXN-5CC1BDB1-7ED,CHF,Failed,2023-11-18,South Africa
TXN-E046B709-DA1,CHF,Pending,2024-03-04,Japan
TXN-0484D577-9FE,LKR,Cancelled,2024-04-16,UAE
TXN-5EBF46A2-4DF,LKR,Refunded,2024-10-17,Brazil
TXN-F4DB33ED-159,EUR,Refunded,2024-01-23,Canada
TXN-BC9918F2-D39,CAD,Completed,2024-04-19,Sweden
TXN-1F36D5C2-FA5,CNY,Cancelled,2023-08-25,Singapore
TXN-81E7C42B-5CD,EUR,Cancelled,2024-03-10,China
TXN-B7145ADD-7AE,GBP,Cancelled,2023-07-09,Sweden
TXN-937CDD10-60F,INR,Completed,2024-04-20,South Africa
TXN-BDEC6F86-18A,CHF,Refunded,2024-06-15,United Kingdom
TXN-8E14404C-643,LKR,Pending,2023-04-11,Sri Lanka
TXN-A2CE9D97-107,SGD,Failed,2024-12-01,Sri Lanka
TXN-BD97E3E3-A9A,CAD,Completed,2023-01-22,Singapore
TXN-E6873957-F3A,GBP,Refunded,2024-04-19,India
TXN-3280E7DF-5D3,SGD,Cancelled,2023-10-16,Italy
TXN-64F373C2-99A,SGD,Processing,2024-08-17,Italy
TXN-B9B5A02A-723,CAD,Cancelled,2024-04-28,Norway
TXN-C8B87C02-9B3,CNY,Pending,2024-08-30,Norway
TXN-1FA3237C-A23,AUD,Completed,2024-07-26,Brazil
TXN-8F628F1A-1A7,SGD,Failed,2023-09-29,Spain
TXN-A472114D-7B0,INR,Cancelled,2023-07-08,Sweden
TXN-A40358E5-72B,AUD,Pending,2023-01-05,Netherlands
TXN-07655FEA-626,CAD,Cancelled,2023-04-04,China
TXN-AF9DEDDD-184,CHF,Failed,2024-07-08,United Kingdom
TXN-D7E3C837-1F3,CAD,Processing,2023-11-19,Netherlands
TXN-7E443EEB-1B3,USD,Completed,2024-11-14,China
TXN-8ACACC8A-063,AED,Pending,2023-09-11,United Kingdom
TXN-16D607A6-0E1,USD,Pending,2024-08-27,South Africa
TXN-3BD1D088-CCC,AUD,Refunded,2024-10-06,Sweden
TXN-89746393-37B,AUD,Refunded,2023-06-24,Spain
TXN-6166525E-937,GBP,Refunded,2024-04-12,Norway
TXN-BD76C240-2BB,AED,Processing,2024-02-05,Germany
TXN-ABAA8609-9EE,EUR,Processing,2023-09-01,Switzerland
TXN-89E1AF72-50E,JPY,Processing,2024-07-08,Brazil
TXN-EB09EDC7-22E,AUD,Failed,2024-03-26,China
TXN-13E54110-D14,GBP,Refunded,2023-08-18,Sri Lanka
TXN-B9631DE2-2C9,CHF,Refunded,2024-12-07,Germany
TXN-E6974222-A45,LKR,Processing,2023-01-03,Germany
TXN-C08F2703-6F4,GBP,Refunded,2024-03-05,UAE
TXN-9FACDD9F-D11,EUR,Pending,2024-08-09,Japan
TXN-94E19F5A-454,INR,Pending,2024-01-27,China
TXN-366C4DEF-973,EUR,Processing,2024-03-04,Switzerland
TXN-3153458E-29E,LKR,Failed,2023-08-26,United Kingdom
TXN-503668A1-759,AUD,Cancelled,2024-04-09,Singapore
TXN-3DE48628-32F,USD,Pending,2024-12-02,Canada
TXN-CD5521F1-E28,LKR,Cancelled,2023-06-17,Singapore
TXN-277685FC-F89,JPY,Pending,2024-02-06,Spain
TXN-9D9983B6-599,EUR,Failed,2023-08-07,Germany
TXN-1BECB3D1-52A,JPY,Refunded,2024-10-18,Spain
TXN-1AB5C7FA-855,INR,Cancelled,2024-07-06,France
TXN-A4659BD5-3CB,AED,Processing,2024-04-11,Norway
TXN-B2623371-A89,CNY,Refunded,2024-07-14,China
TXN-18C1FC6D-738,USD,Completed,2023-06-02,Sweden
TXN-0C2CBB19-1B7,SGD,Pending,2024-01-08,Brazil
TXN-0D247B61-F65,GBP,Completed,2023-02-05,Germany
TXN-DD9359C9-713,USD,Pending,2023-03-03,Australia
TXN-E1911AEE-0E1,AUD,Refunded,2023-04-30,Australia
TXN-10581BDA-3E4,AUD,Completed,2023-05-30,China
TXN-B1F633A6-5FA,AED,Pending,2024-10-02,China
TXN-1FBEE430-90F,CNY,Cancelled,2024-03-17,Switzerland
TXN-5479817D-F79,USD,Failed,2024-05-23,Switzerland
TXN-C34FE287-768,EUR,Processing,2023-01-22,South Africa
TXN-D33881BF-F12,JPY,Refunded,2024-07-09,UAE
TXN-59FEB8A8-E58,USD,Pending,2024-11-22,Norway
TXN-97AD3356-31A,USD,Processing,2023-03-14,France
TXN-3BD9EBCB-2DC,CHF,Completed,2024-06-13,Canada
TXN-8BC09AB8-20E,USD,Pending,2024-01-28,Singapore
TXN-3F5FD6D4-914,SGD,Pending,2024-06-26,Italy
TXN-E2EDA001-BF9,EUR,Processing,2023-12-27,Singapore
TXN-81640888-88F,CHF,Cancelled,2024-10-09,Japan
TXN-B286C8F1-983,AED,Completed,2023-08-30,UAE
TXN-C6DD1DCE-B9A,EUR,Completed,2023-12-02,United Kingdom
TXN-87900442-602,CNY,Processing,2023-07-23,Norway
TXN-EB76A92C-2D0,EUR,Refunded,2024-04-21,China
TXN-0C8254B1-CF2,AUD,Refunded,2023-09-12,Singapore
TXN-8252E108-CDD,SGD,Pending,2024-03-25,United States
TXN-D5AA0767-479,AUD,Refunded,2024-03-03,Sweden
TXN-BCA19CAB-28A,JPY,Failed,2023-10-30,Spain
TXN-46C345C6-0E7,AUD,Refunded,2023-06-10,Sri Lanka
TXN-C6603843-924,CAD,Refunded,2023-10-21,Sweden
TXN-00133A6B-9C2,LKR,Failed,2023-03-19,Germany
TXN-2AD5C507-A90,LKR,Completed,2024-03-12,Australia
TXN-F291456E-DAC,USD,Completed,2024-10-08,Singapore
TXN-3F75EDEF-5B8,GBP,Cancelled,2024-09-23,Germany
TXN-73224D12-329,CAD,Pending,2024-07-25,Brazil
TXN-FE114E76-CB8,JPY,Pending,2023-07-21,United Kingdom
TXN-444439BA-8E9,USD,Pending,2024-12-21,South Africa
TXN-26E91B5B-93C,GBP,Completed,2024-04-07,India
TXN-5FC999A2-70B,CNY,Cancelled,2024-07-04,China
TXN-0DAD89F8-882,AED,Refunded,2024-01-06,Netherlands
TXN-46709753-A58,EUR,Pending,2023-09-08,South Africa
TXN-569F155C-E33,JPY,Pending,2024-11-20,France
TXN-08E48A37-730,AUD,Failed,2024-09-12,Spain
TXN-9D145920-20D,GBP,Completed,2024-10-01,South Africa
TXN-B302E220-8BC,INR,Pending,2023-10-17,Norway
TXN-053972C9-79D,AED,Completed,2024-05-27,UAE
TXN-E2074BDD-CCA,EUR,Failed,2024-04-26,Germany
TXN-1D1A4317-C8F,CAD,Processing,2024-04-16,India
TXN-2C65464A-A2E,JPY,Completed,2023-12-27,China
TXN-CCB89468-EFE,LKR,Processing,2024-02-13,China
TXN-115E0CD2-504,CNY,Cancelled,2023-01-21,Spain
TXN-316E173A-959,CNY,Failed,2023-05-14,Canada
TXN-9E41D343-E6C,EUR,Failed,2024-01-29,India
TXN-E6F084CC-2B7,SGD,Cancelled,2023-05-04,Italy
TXN-84B14A29-890,INR,Pending,2023-07-26,Sweden
TXN-6D8BB135-DF0,USD,Pending,2023-01-21,United Kingdom
TXN-E6D9519D-0B3,LKR,Failed,2023-01-26,Australia
TXN-10FD5308-567,CHF,Failed,2023-09-22,UAE
TXN-D5F186FC-186,SGD,Processing,2023-07-06,Singapore
TXN-BB59427F-9E4,EUR,Pending,2024-10-14,Japan
TXN-DB80931A-562,CAD,Completed,2023-03-26,Netherlands
TXN-17185E0C-267,SGD,Pending,2024-10-08,Australia
TXN-BF55BCC2-DCA,CNY,Cancelled,2023-11-26,Italy
TXN-59D48749-FD2,CHF,Refunded,2023-01-09,Netherlands
TXN-47906EEC-8F3,AUD,Processing,2023-04-22,Singapore
TXN-D9460C34-0F9,CAD,Pending,2023-07-12,Netherlands
TXN-BF7377CD-9A1,SGD,Completed,2023-09-01,Switzerland
TXN-52C2D4B5-670,AED,Failed,2023-06-06,Canada
TXN-0B89F893-B97,AUD,Failed,2024-03-11,Sri Lanka
TXN-4DD115CB-950,INR,Cancelled,2023-11-23,UAE
TXN-A9193D9E-902,SGD,Processing,2023-01-28,UAE
TXN-117E4D37-221,USD,Refunded,2023-10-21,South Africa
TXN-AF96405F-06A,EUR,Completed,2024-02-07,Australia
TXN-A435AFF6-964,CNY,Refunded,2024-06-24,Sri Lanka
TXN-0615F1FA-731,CNY,Completed,2023-09-07,India
TXN-422C0BA8-488,LKR,Pending,2024-02-08,Japan
TXN-BC89D427-0F1,EUR,Processing,2024-12-19,France
TXN-B5DBC305-754,LKR,Completed,2023-12-14,India
TXN-9FF8444F-F4D,AED,Completed,2023-08-18,Italy
TXN-B0DCBF7A-EC2,AED,Processing,2023-02-09,China
TXN-02A288BB-0AF,INR,Completed,2023-08-02,United States
TXN-FBD2F548-C8E,SGD,Processing,2023-06-29,Netherlands
TXN-B3DEA7EB-B53,CAD,Cancelled,2024-04-03,Japan
TXN-2F0FF602-F15,AED,Refunded,2024-08-12,Canada
TXN-1FFB85FE-033,CHF,Cancelled,2024-06-02,Brazil
TXN-9A68CC69-417,GBP,Refunded,2024-02-08,Brazil
TXN-D0805C4D-4B7,CNY,Pending,2023-04-19,France
TXN-02DD9232-CA6,EUR,Failed,2024-03-27,Australia
TXN-EAFB4B97-952,GBP,Processing,2024-06-22,Australia
TXN-D1EAEE65-F45,EUR,Cancelled,2024-04-02,United Kingdom
TXN-C4A05402-084,LKR,Failed,2023-09-18,Canada
TXN-06FD0002-454,JPY,Failed,2024-09-10,Australia
TXN-88C9659C-606,SGD,Processing,2024-03-07,Norway
TXN-11E6B962-867,EUR,Processing,2023-03-06,Sweden
TXN-6125D5A9-A90,CHF,Completed,2024-02-05,United Kingdom
TXN-1BDC4BBE-001,AUD,Completed,2023-01-08,UAE
TXN-A2F44A09-F58,AUD,Completed,2023-04-13,Norway
TXN-A05768E1-0EC,CNY,Processing,2024-01-06,India
TXN-7CB07EC1-BC7,LKR,Pending,2024-11-04,UAE
TXN-7711091D-73C,CAD,Processing,2023-10-25,Singapore
TXN-9D0B862F-AD2,AED,Completed,2024-11-22,Canada
TXN-764A267E-A10,CAD,Completed,2023-11-25,Italy
TXN-4EED8B79-3B6,CAD,Refunded,2024-04-10,Italy
TXN-2D2AA8F2-E8C,AUD,Failed,2023-12-14,Germany
TXN-CC2F9306-72E,AUD,Pending,2023-10-04,UAE
TXN-C6E13921-249,AED,Cancelled,2023-04-17,South Africa
TXN-6646A625-032,GBP,Completed,2024-07-06,Sweden
TXN-60230C76-808,CAD,Pending,2023-06-18,Norway
TXN-90B52220-FB5,EUR,Completed,2024-06-19,Spain
TXN-29CDAB49-4C6,INR,Cancelled,2023-01-15,Japan
TXN-64B2EDB2-221,SGD,Completed,2024-10-24,Switzerland
TXN-F86EDB6A-A38,CAD,Pending,2023-07-12,Japan
TXN-EBA9643C-D61,LKR,Pending,2024-03-11,Singapore
TXN-377BC979-478,JPY,Refunded,2024-11-02,UAE
TXN-EA260A9F-786,CNY,Pending,2024-11-03,Switzerland
TXN-D87401E8-F0B,AED,Cancelled,2024-02-12,Germany
TXN-A9F896E0-F5B,CAD,Completed,2024-11-24,China
TXN-070E5BE2-1DF,LKR,Failed,2024-01-13,India
TXN-6856BAE4-3DB,CNY,Pending,2024-09-19,United Kingdom
TXN-AEAEC134-AD8,CNY,Processing,2024-05-27,Japan
TXN-32590AA3-B76,JPY,Completed,2024-01-01,Netherlands
TXN-6E88D825-4A4,AUD,Failed,2023-07-31,Sweden
TXN-1B6C7BD7-3D3,EUR,Cancelled,2024-04-13,Netherlands
TXN-0AFFABF3-DD5,AUD,Processing,2023-07-17,India
TXN-A066CDC6-287,CNY,Completed,2024-11-11,Netherlands
TXN-186A9CEE-883,JPY,Failed,2024-01-03,Netherlands
TXN-329C353F-63A,CAD,Failed,2023-04-27,Sweden
TXN-8A86723F-913,CNY,Refunded,2024-03-10,South Africa
TXN-AE6B0A76-FA7,CAD,Completed,2024-07-24,Switzerland
TXN-A77937C6-39B,AUD,Pending,2023-06-11,Brazil
TXN-9589603B-001,JPY,Failed,2023-08-06,Sweden
TXN-BC7D0825-D3F,GBP,Processing,2024-02-26,South Africa
TXN-BB2A8DBE-CB2,LKR,Refunded,2024-12-14,India
TXN-2184ED65-5F6,CHF,Completed,2024-11-05,UAE
TXN-F7C87388-405,USD,Pending,2024-06-19,Spain
TXN-36AEF684-565,USD,Failed,2023-08-05,Japan
TXN-31D517B8-85C,SGD,Failed,2023-12-02,Australia
TXN-F20823B2-6C0,CHF,Completed,2024-02-17,Singapore
TXN-D3FC5158-823,AED,Completed,2023-04-09,UAE
TXN-B2A2DAC8-57B,SGD,Completed,2024-08-17,Brazil
TXN-14465B8B-33F,USD,Pending,2023-03-13,Switzerland
TXN-5FFB35A9-DBF,SGD,Refunded,2023-03-21,Canada
TXN-05415774-C3C,JPY,Cancelled,2023-06-10,Japan
TXN-76783B3D-555,USD,Processing,2023-02-06,Switzerland
TXN-C8B5B3D6-115,CNY,Failed,2023-07-17,UAE
TXN-A807CFBA-452,AUD,Failed,2024-09-29,France
TXN-5AF6F54E-AC4,USD,Failed,2023-01-30,Singapore
TXN-C23BA05F-600,AUD,Refunded,2023-11-24,United States
TXN-65A9C8B4-06D,GBP,Processing,2023-05-01,India
TXN-FC6FE9EC-F51,EUR,Cancelled,2024-05-27,United Kingdom
TXN-ADD71AEF-AA7,GBP,Processing,2024-11-24,Singapore
TXN-97D2F88E-EF6,INR,Pending,2024-12-17,UAE
TXN-ECAB01E7-2EB,CHF,Refunded,2023-09-30,Italy
TXN-1530679C-A36,CHF,Processing,2023-07-23,Sri Lanka
TXN-2B4E7485-194,LKR,Completed,2023-11-12,Netherlands
TXN-DF9E4928-FF4,CNY,Processing,2024-08-08,China
TXN-5589A0A9-9C8,CNY,Processing,2024-02-26,India
TXN-FE925A37-EAB,CAD,Processing,2023-05-05,Italy
TXN-51887FD9-6FC,SGD,Failed,2023-02-27,Spain
TXN-086B1545-B79,CNY,Failed,2023-01-27,Sweden
TXN-2858D6B6-ACC,SGD,Processing,2023-02-24,China
TXN-D550273A-371,USD,Processing,2023-09-21,India
TXN-5001EB31-783,AUD,Pending,2023-09-26,Netherlands
TXN-E141781A-824,EUR,Refunded,2023-01-31,Sweden
TXN-B80B0DA4-07A,CHF,Completed,2023-09-07,Spain
TXN-7A291F75-FD2,INR,Refunded,2023-01-04,Netherlands
TXN-267524BA-6B8,CHF,Failed,2024-03-22,Sweden
TXN-47152401-3CF,CAD,Completed,2024-10-08,Brazil
TXN-D32D51AF-E80,LKR,Cancelled,2023-03-06,Sri Lanka
TXN-EAD4C160-C07,SGD,Cancelled,2023-02-09,Brazil
TXN-F403E779-1E1,AUD,Processing,2024-02-04,Australia
TXN-4A9924F6-289,CHF,Processing,2024-09-14,Japan
TXN-A92AFADE-6A8,SGD,Refunded,2023-09-16,Sweden
TXN-AEF8478A-11C,AUD,Refunded,2024-05-25,South Africa
TXN-4F9529C4-3A2,CNY,Failed,2024-07-21,Sweden
TXN-8F50ABC0-FE0,CHF,Refunded,2023-12-15,Australia
TXN-338D74CA-5EE,CHF,Pending,2024-03-07,UAE
TXN-CDCC894E-C97,CAD,Failed,2023-10-04,United Kingdom
TXN-2EF32295-36F,USD,Cancelled,2024-09-18,Australia
TXN-B4A33199-48A,GBP,Processing,2023-02-28,Australia
TXN-E477965E-CBB,INR,Completed,2023-07-08,Norway
TXN-2501E084-BB0,USD,Cancelled,2023-08-21,Australia
TXN-B07234D9-60D,CAD,Processing,2024-02-21,Canada
TXN-7C5DC330-223,EUR,Completed,2023-11-16,Netherlands
TXN-5D227C3D-2EA,CAD,Refunded,2023-01-14,UAE
TXN-EB5D9AF1-368,CAD,Failed,2024-10-08,United States
TXN-3799585D-3F9,INR,Pending,2024-04-29,Netherlands
TXN-64FAFDA7-EE8,GBP,Cancelled,2024-02-12,United Kingdom
TXN-0F82F1DA-CB7,CNY,Processing,2023-12-10,United States
TXN-F1DFB7F9-2F6,AUD,Refunded,2024-04-06,Australia
TXN-24519B5B-8A2,JPY,Refunded,2024-03-12,UAE
TXN-DF863718-4AF,CHF,Failed,2023-06-28,China
TXN-51F978D8-74C,EUR,Refunded,2024-09-26,Sweden
TXN-DB14C5B3-1D1,CAD,Pending,2023-10-14,South Africa
TXN-E75BF44B-8C7,SGD,Cancelled,2023-07-19,Canada
TXN-0C3948FF-C4E,CAD,Pending,2023-04-07,Brazil
TXN-013C2961-861,LKR,Failed,2023-12-03,Singapore
TXN-1C1F0957-663,JPY,Cancelled,2024-11-10,United Kingdom
TXN-2547D117-107,AUD,Cancelled,2023-05-07,Australia
TXN-A16AE430-486,AED,Completed,2023-02-06,UAE
TXN-00810594-F8C,CNY,Refunded,2023-04-30,South Africa
TXN-CAF4BBC4-6D5,CNY,Pending,2023-06-29,Germany
TXN-FD1BDCB4-6B7,AUD,Refunded,2024-09-04,Singapore
TXN-3953EAA6-26A,LKR,Completed,2024-08-30,Japan
TXN-37B1E012-A7E,USD,Pending,2024-10-06,India
TXN-90BAE4EE-487,INR,Cancelled,2024-09-13,South Africa
TXN-BC1BF1BC-425,GBP,Pending,2023-03-04,Japan
TXN-1BBDCB19-8F2,CHF,Processing,2023-03-14,Norway
TXN-18EF80FF-92F,CNY,Pending,2023-04-28,Sri Lanka
TXN-9E800F19-8F8,CNY,Refunded,2023-11-05,Canada
TXN-6EAF0E9D-0D5,CHF,Processing,2024-08-14,Italy
TXN-FC6ABA4D-2F4,LKR,Completed,2024-03-08,South Africa
TXN-0CD8840F-36D,CNY,Refunded,2023-10-25,Australia
TXN-E22F92FB-A83,JPY,Completed,2024-09-30,United States
TXN-55F167B8-ACC,USD,Processing,2023-04-30,Norway
TXN-04EC2ACC-D9A,USD,Pending,2023-04-05,United Kingdom
TXN-D8542CCC-197,SGD,Pending,2023-05-24,UAE
TXN-1B8B8CD6-75F,LKR,Refunded,2023-01-01,Australia
TXN-45A9DBA0-F32,JPY,Refunded,2023-12-15,China
TXN-E2C3F693-ADE,CHF,Pending,2023-01-22,France
TXN-492C5D7F-99D,CHF,Pending,2024-11-20,Netherlands
TXN-7DF67796-B54,CHF,Pending,2023-12-17,Norway
TXN-F26E89C1-AE4,LKR,Pending,2023-12-01,Sweden
TXN-03C5B123-7C5,INR,Processing,2023-08-04,Switzerland
TXN-F251C47C-E9E,CNY,Refunded,2024-05-11,Italy
TXN-E5944A3D-0FF,AUD,Cancelled,2024-02-16,UAE
TXN-3FC2272D-469,CHF,Cancelled,2024-03-14,South Africa
TXN-331D1190-8A8,CHF,Completed,2024-02-29,Japan
TXN-8E79313B-147,JPY,Completed,2023-05-18,Singapore
TXN-4B98DBDC-BE8,AED,Processing,2024-05-29,India
TXN-AE54F848-574,JPY,Completed,2024-07-22,Singapore
TXN-4E79B795-E67,INR,Cancelled,2024-10-05,Sri Lanka
TXN-C9E21A47-EBF,USD,Completed,2024-06-08,Netherlands
TXN-90E2757B-622,AUD,Refunded,2024-12-28,UAE
TXN-CD00785C-7AA,GBP,Processing,2023-01-12,France
TXN-4E027420-E76,AUD,Pending,2023-09-15,United States
TXN-A3430831-9BA,AED,Processing,2024-12-04,Sri Lanka
TXN-DB8E8AB6-CCF,EUR,Pending,2024-11-30,United States
TXN-1DD6B562-AB6,JPY,Cancelled,2024-05-02,United Kingdom
TXN-B1468EAD-3FB,LKR,Failed,2023-08-17,Singapore
TXN-D0F53D6C-B20,GBP,Processing,2023-12-17,Switzerland
TXN-4ADDF238-BBE,AED,Failed,2023-05-16,UAE
TXN-CA3BC4DA-80F,EUR,Failed,2023-10-07,UAE
TXN-6F1825AC-6B8,LKR,Pending,2023-01-29,Netherlands
TXN-F154BCA4-510,CNY,Processing,2024-03-31,Italy
TXN-04147602-8B9,JPY,Cancelled,2024-06-23,Australia
TXN-7D4BEE0D-6B5,AUD,Refunded,2023-05-26,China
TXN-8326A288-67F,CNY,Pending,2024-08-27,Brazil
TXN-5B93CD80-33A,LKR,Processing,2024-10-25,Sri Lanka
TXN-D7B8C757-966,GBP,Failed,2024-09-16,Netherlands
TXN-7695392D-7BB,CNY,Completed,2023-08-21,Canada
TXN-B7DD8A12-E4F,CHF,Processing,2023-04-02,China
TXN-4F768B1B-F24,INR,Failed,2023-07-25,UAE
TXN-F6988988-431,CNY,Completed,2023-11-05,Spain
TXN-20BE99F1-B41,USD,Failed,2024-03-20,Sweden
TXN-3AF078B5-9DF,AED,Processing,2023-07-30,Australia
TXN-0DE2FEEE-DA4,CAD,Completed,2023-08-29,United Kingdom
TXN-DE825DB9-82A,AUD,Processing,2023-12-14,South Africa
TXN-6F689EA6-14F,GBP,Failed,2023-08-24,Singapore
TXN-41F48E8D-901,AUD,Pending,2023-08-20,France
TXN-0B8109DA-41B,JPY,Refunded,2024-09-18,China
TXN-ECBCE788-7E4,JPY,Completed,2023-11-10,Germany
TXN-1730A024-C20,CNY,Completed,2023-01-25,India
TXN-F64E4E7A-871,LKR,Failed,2024-01-08,Norway
TXN-75E27B9D-261,SGD,Cancelled,2024-09-22,Netherlands
TXN-796092DC-B40,SGD,Pending,2023-04-29,Sweden
TXN-FBB86974-3C3,CAD,Completed,2023-09-27,Germany
TXN-6998C78D-2C8,CHF,Failed,2023-11-03,Italy
TXN-B9B13A29-D68,CNY,Cancelled,2024-09-12,India
TXN-E578D59D-548,AUD,Pending,2024-06-03,Spain
TXN-D5F5DAA9-EF5,CHF,Processing,2023-09-29,Netherlands
TXN-DA6E227D-708,CNY,Failed,2023-01-04,United Kingdom
TXN-4922C6EB-1CA,SGD,Pending,2024-10-12,France
TXN-7F6B25A7-6FA,CAD,Cancelled,2024-07-04,Spain
TXN-84FB9571-54D,CHF,Completed,2023-09-13,United Kingdom
TXN-3B3097E6-057,AED,Processing,2023-03-16,Japan
TXN-9CF1D1E3-A06,USD,Cancelled,2023-11-22,Canada
TXN-3CF09A85-B78,USD,Failed,2023-02-26,Switzerland
TXN-8E1AFFCD-13E,AUD,Refunded,2024-07-31,France
TXN-461F517D-DFB,GBP,Completed,2024-07-27,UAE
TXN-9E7B3CAC-E4B,AED,Refunded,2023-02-22,Italy
TXN-DE58B753-A81,CHF,Cancelled,2024-07-08,Singapore
TXN-BF60DDE2-4BF,INR,Processing,2024-06-29,Singapore
TXN-5AB2774F-6F2,GBP,Pending,2024-09-25,India
TXN-E3223C74-632,CHF,Processing,2023-03-18,India
TXN-F0243969-643,INR,Pending,2024-03-08,Australia
TXN-605E82BD-A15,CHF,Processing,2024-06-02,UAE
TXN-EB62922C-E47,CNY,Processing,2024-01-06,Canada
TXN-9E3DD194-00B,CAD,Completed,2023-11-11,Singapore
TXN-305D881B-EAB,USD,Pending,2023-09-22,Brazil
TXN-223177DE-F3A,AUD,Cancelled,2023-04-29,Germany
TXN-EE636CF8-D20,GBP,Pending,2023-10-19,Spain
TXN-3071E035-FBC,AED,Refunded,2023-11-25,India
TXN-CFD3316B-5DD,LKR,Refunded,2024-02-16,Spain
TXN-19FA5CAA-855,USD,Completed,2024-04-11,Italy
TXN-57A95498-971,LKR,Cancelled,2024-04-17,Germany
TXN-F9F2267B-B28,CHF,Processing,2024-05-28,Australia
TXN-6BDDACE8-DE7,USD,Cancelled,2024-10-23,Sri Lanka
TXN-8B51DA5F-693,SGD,Failed,2023-02-01,UAE
TXN-AA974382-E6A,JPY,Completed,2023-06-08,Singapore
TXN-45597747-4E6,USD,Pending,2024-04-20,India
TXN-BC2762EC-F80,CHF,Processing,2023-03-30,United States
TXN-2AA46C7B-813,JPY,Failed,2024-04-10,United Kingdom
TXN-078E5DF7-30B,LKR,Cancelled,2024-04-14,Australia
TXN-F133D917-BB3,EUR,Failed,2024-11-05,Italy
TXN-F211F061-47D,AUD,Completed,2023-03-14,United Kingdom
TXN-3C0A835A-6C6,SGD,Completed,2024-09-14,India
TXN-E787F45A-4CC,LKR,Failed,2023-03-02,Brazil
TXN-788BC67F-870,USD,Refunded,2023-05-20,France
TXN-1E929000-FC1,LKR,Refunded,2024-12-19,France
TXN-BC7B98E2-EAF,CAD,Cancelled,2023-08-23,UAE
TXN-2454DE55-48A,CAD,Completed,2023-03-19,Germany
TXN-5DC0FD70-4C9,CNY,Pending,2024-01-21,Spain
TXN-35F7ABE7-EEB,AUD,Cancelled,2023-07-01,Netherlands
TXN-C1A69980-C1D,INR,Pending,2023-04-13,Germany
TXN-B33B378E-7DF,CNY,Failed,2023-05-03,Switzerland
TXN-CD05F06A-93E,AUD,Refunded,2023-09-16,Brazil
TXN-9AE66710-163,INR,Completed,2024-05-23,Brazil
TXN-B83354E7-ADC,JPY,Completed,2023-03-15,United States
TXN-B4DC101F-C61,LKR,Refunded,2024-03-23,Sweden
TXN-9441031A-CE0,SGD,Completed,2023-07-23,Japan
TXN-768F65C4-695,SGD,Processing,2023-05-01,India
TXN-65D3585F-053,CNY,Refunded,2024-10-12,Italy
TXN-BCFC931D-B8A,CHF,Completed,2023-11-21,India
TXN-AB807B4E-430,USD,Completed,2024-10-17,Singapore
TXN-9EBB3806-C70,CNY,Processing,2023-10-30,Sweden
TXN-5442C512-7FC,CHF,Pending,2024-03-14,Germany
TXN-EA5B67B1-2F8,AED,Completed,2024-09-24,France
TXN-91FFEE46-F43,GBP,Pending,2024-10-21,Spain
TXN-5141A3F0-F07,EUR,Failed,2024-07-30,Switzerland
TXN-AE7E481E-65E,CHF,Refunded,2024-05-02,India
TXN-CB0A29AD-25F,CNY,Processing,2023-04-11,Japan
TXN-1C39F5C9-2E2,INR,Completed,2024-03-02,Italy
TXN-33E834C5-DC3,CNY,Failed,2024-01-22,Brazil
TXN-56E9F0E5-18C,GBP,Pending,2023-11-27,Australia
TXN-65A11958-852,CNY,Completed,2023-12-11,Australia
TXN-FC486937-D0D,GBP,Refunded,2023-11-23,Brazil
TXN-07421779-016,EUR,Pending,2024-06-06,Switzerland
TXN-39427712-9FA,EUR,Refunded,2023-02-11,United Kingdom
TXN-C9744392-404,USD,Completed,2024-10-15,UAE
TXN-B340F015-DD7,AED,Processing,2023-11-01,Sweden
TXN-6CA7C053-548,AUD,Failed,2023-11-30,Singapore
TXN-55B52472-690,USD,Completed,2024-02-19,Japan
TXN-7EFC249A-098,EUR,Pending,2024-05-14,Italy
TXN-C03A5234-7B2,GBP,Processing,2024-08-28,Australia
TXN-2D1567F4-3AA,SGD,Pending,2023-10-11,Netherlands
TXN-48A1C02C-C2C,INR,Failed,2023-01-20,Germany
TXN-22642C21-413,CHF,Cancelled,2024-01-20,Brazil
TXN-00F0DFD6-122,AED,Completed,2024-10-25,UAE
TXN-AFD776F2-9C0,USD,Refunded,2023-11-05,United Kingdom
TXN-BCE9A15A-10F,CAD,Cancelled,2023-12-05,South Africa
TXN-17E5A380-7EF,CAD,Pending,2024-07-26,Australia
TXN-F07DA0E3-254,JPY,Processing,2024-10-02,China
TXN-7454015F-182,USD,Cancelled,2024-05-05,Netherlands
TXN-B8BB2745-F07,INR,Completed,2024-07-16,Canada
TXN-611D657E-90B,CNY,Refunded,2023-02-02,China
TXN-DF24842E-5AA,SGD,Cancelled,2024-08-12,Singapore
TXN-5996A93C-33E,AUD,Pending,2023-07-21,United States
TXN-1AD6DE8A-7C2,JPY,Pending,2024-04-21,Singapore
TXN-6D15605F-3C4,INR,Refunded,2023-03-12,Brazil
TXN-719F6A53-4D6,GBP,Refunded,2023-07-01,United Kingdom
TXN-EC991159-20F,USD,Failed,2024-04-18,France
TXN-82110475-494,EUR,Completed,2023-04-13,Netherlands
TXN-76067899-B95,AED,Refunded,2024-04-28,Singapore
TXN-A1B66D7C-4D6,CNY,Failed,2024-10-24,Australia
TXN-F386A3EA-E42,USD,Completed,2023-06-04,Brazil
TXN-8F799F52-A88,CNY,Cancelled,2024-10-11,UAE
TXN-6A67B3F2-C50,AED,Processing,2023-10-18,Canada
TXN-BEB4324D-93F,GBP,Pending,2023-06-15,United States
TXN-39BC1893-4FE,LKR,Failed,2024-05-25,Germany
TXN-2D55D41C-6A6,GBP,Failed,2023-04-04,Norway
TXN-DE2F6973-A89,GBP,Failed,2024-07-30,Canada
TXN-88C93191-FF8,AUD,Failed,2024-08-26,Italy
TXN-A469DD06-2BA,CHF,Completed,2023-05-18,United Kingdom
TXN-7E13B616-8E9,GBP,Refunded,2024-06-04,South Africa
TXN-10F35104-D7D,CAD,Processing,2024-04-04,Canada
TXN-0AF213FE-13D,CAD,Failed,2023-03-03,Japan
TXN-BE4BE0F3-3A9,USD,Completed,2023-12-19,Sweden
TXN-BFC36ABA-711,AUD,Completed,2023-10-18,Sri Lanka
TXN-2E10F3EB-70B,INR,Refunded,2023-08-27,Canada
TXN-2BEDED8F-E6C,JPY,Failed,2024-07-06,Singapore
TXN-6267BFF1-8B4,GBP,Failed,2024-06-11,Singapore
TXN-ABC9AB7B-6F2,JPY,Failed,2024-05-10,United States
TXN-B09BBE98-1C4,AED,Processing,2024-07-09,UAE
TXN-C12D2774-C63,JPY,Refunded,2024-11-27,China
TXN-E60E6212-938,CAD,Failed,2023-06-23,United States
TXN-EB731DAB-4D0,GBP,Cancelled,2024-04-14,Italy
TXN-2043B629-F05,CNY,Completed,2023-01-04,United States
TXN-5D9D394C-0FD,JPY,Cancelled,2023-08-04,Singapore
TXN-AD5042E7-7BA,CHF,Pending,2023-11-09,Japan
TXN-924F6CD5-E6A,SGD,Cancelled,2023-11-05,Netherlands
TXN-CD0ADD35-7D8,CAD,Pending,2023-05-31,Spain
TXN-6A5CFE44-845,EUR,Failed,2023-05-18,Spain
TXN-6E237310-EB8,JPY,Processing,2024-01-20,Brazil
TXN-FA16A7A1-6F4,LKR,Pending,2024-06-12,Netherlands
TXN-32FA411E-EF2,INR,Completed,2023-07-13,India
TXN-9457103E-F2C,SGD,Processing,2024-02-18,India
TXN-B073D4C4-E20,JPY,Completed,2024-11-20,Canada
TXN-52DCB152-7E8,JPY,Cancelled,2023-12-01,Spain
TXN-29D3771E-065,AED,Pending,2024-05-22,Australia
TXN-4B2E2874-E82,LKR,Failed,2023-01-25,Sri Lanka
TXN-BBD5FC24-031,JPY,Refunded,2023-04-29,Germany
TXN-03E65EF4-21F,CNY,Processing,2023-11-28,Sri Lanka
TXN-97A09983-279,USD,Processing,2024-09-15,Sri Lanka
TXN-ADB54AF7-BE0,SGD,Refunded,2023-05-01,Singapore
TXN-91057021-96D,CAD,Cancelled,2023-04-19,France
TXN-5A735600-298,CHF,Refunded,2024-02-20,France
TXN-57F74089-E2B,EUR,Completed,2024-06-10,Brazil
TXN-84BEAAFF-67D,CAD,Processing,2023-12-10,Norway
TXN-02CF9728-12F,USD,Completed,2024-01-17,Japan
TXN-01852DE3-15E,AUD,Pending,2024-09-02,Switzerland
TXN-9D628398-BDB,SGD,Cancelled,2023-12-21,Norway
TXN-69593F7D-CFD,AUD,Failed,2024-02-18,Switzerland
TXN-649A5B73-F52,CNY,Cancelled,2023-10-07,Spain
TXN-FA10BAEE-7A3,LKR,Cancelled,2024-12-06,Netherlands
TXN-CBED58AD-DF0,LKR,Refunded,2024-05-05,India
TXN-9D6FDAFC-1A6,JPY,Cancelled,2024-06-12,South Africa
TXN-F6226309-E2C,SGD,Pending,2023-03-01,Japan
TXN-399A1C08-936,GBP,Failed,2024-01-14,Switzerland
TXN-792E8648-0A1,AED,Cancelled,2023-06-14,Sweden
TXN-5FA56798-2E7,CHF,Processing,2023-04-16,Italy
TXN-AD5FAA9C-28E,CNY,Processing,2023-06-04,Norway
TXN-0A512E47-D86,GBP,Completed,2024-02-22,Singapore
TXN-6A53623C-B4A,JPY,Pending,2023-06-05,Sweden
TXN-CAD579E3-D80,LKR,Failed,2023-11-27,Sri Lanka
TXN-B22CD6ED-9AF,SGD,Refunded,2023-05-14,Switzerland
TXN-8B6CC7DA-4A3,EUR,Processing,2023-04-11,UAE
TXN-150CFB4C-193,AED,Refunded,2023-11-07,Switzerland
TXN-A96FAFA1-ECB,AUD,Processing,2023-07-19,Spain
TXN-63BBE292-576,JPY,Cancelled,2024-07-24,India
TXN-378F3E6B-562,AED,Failed,2023-11-13,South Africa
TXN-C660E063-B9D,CNY,Failed,2024-10-14,Canada
TXN-66C983B6-097,CHF,Refunded,2024-09-26,Singapore
TXN-ED78F4EF-77A,USD,Processing,2024-07-08,China
TXN-D3535615-554,CNY,Cancelled,2023-03-31,India
TXN-88DB2DDD-DBF,USD,Refunded,2024-09-30,Singapore
TXN-A51BB80D-439,SGD,Processing,2023-01-10,Switzerland
TXN-CC3C09C3-715,EUR,Refunded,2023-06-16,China
TXN-B35716B9-CAE,AUD,Failed,2023-09-13,United Kingdom
TXN-25C33447-135,USD,Refunded,2023-03-18,Sweden
TXN-24EB8E9C-AC8,LKR,Processing,2023-12-10,United States
TXN-2FAE80E8-815,GBP,Failed,2023-07-03,France
TXN-F0DD27A1-63D,LKR,Cancelled,2023-05-18,UAE
TXN-611025A7-DDD,JPY,Pending,2023-09-20,France
TXN-C767392D-62E,EUR,Processing,2023-05-04,Spain
TXN-9D45F545-9DD,AUD,Failed,2023-05-09,Canada
TXN-F18E9075-FE4,EUR,Refunded,2023-02-05,Canada
TXN-5EF07CEF-EED,EUR,Pending,2024-01-28,Germany
TXN-82B01616-D68,AED,Failed,2023-08-13,Japan
TXN-22A14B28-8EE,SGD,Cancelled,2023-02-17,Singapore
TXN-143DA241-05E,SGD,Failed,2023-03-01,France
TXN-C1EFF13E-B88,SGD,Pending,2024-11-27,Japan
TXN-E1A3D8AE-A9D,GBP,Processing,2023-02-20,Australia
TXN-27013593-3DD,GBP,Failed,2023-09-08,Brazil
TXN-69A4421F-134,SGD,Failed,2023-06-20,Sweden
TXN-767FA8BC-226,CAD,Failed,2024-04-18,Germany
TXN-4442E546-211,GBP,Failed,2024-05-04,Japan
TXN-40097AC6-919,LKR,Failed,2023-07-01,Norway
TXN-B3396349-766,AED,Completed,2024-08-13,France
TXN-A9379DDD-1AB,EUR,Cancelled,2024-05-21,Sweden
TXN-DFCC6B46-448,AUD,Completed,2024-08-16,Sweden
TXN-E9395EC6-679,USD,Completed,2024-05-22,Sweden
TXN-86DA2A98-DE8,JPY,Refunded,2023-02-14,Singapore
TXN-3087E809-1F6,CNY,Refunded,2024-06-10,UAE
TXN-B87E1218-7C4,USD,Completed,2024-02-01,Germany
TXN-7190971A-14D,INR,Cancelled,2024-07-09,Sri Lanka
TXN-086424D1-534,EUR,Failed,2023-12-09,Norway
TXN-EBC9EE0E-760,AUD,Pending,2024-12-10,UAE
TXN-7D8117C1-280,AED,Failed,2024-02-16,China
TXN-E4135F4C-ABE,CHF,Processing,2024-11-28,UAE
TXN-B7943535-FA5,GBP,Failed,2023-04-15,Netherlands
TXN-A708E385-27F,USD,Completed,2024-12-04,Japan
TXN-3C15337B-131,CAD,Completed,2024-05-27,Netherlands
TXN-03E1910F-106,CHF,Cancelled,2024-11-19,South Africa
TXN-514E85B1-447,CHF,Completed,2023-11-26,South Africa
TXN-21D77CF3-26C,USD,Completed,2023-10-15,Sweden
TXN-E3EDFD6F-3DC,CNY,Failed,2023-08-18,Switzerland
TXN-EE722114-997,USD,Failed,2024-05-22,Japan
TXN-BC0101BE-1B5,AED,Cancelled,2024-12-14,India
TXN-A31862E1-328,CAD,Cancelled,2024-05-09,Netherlands
TXN-0C4020FF-C6B,GBP,Refunded,2024-04-16,Singapore
TXN-332B4A9C-C8C,EUR,Refunded,2024-12-13,Germany
TXN-8C5D1282-EB1,CHF,Completed,2024-04-17,Germany
TXN-0F4B8F03-BF5,USD,Failed,2023-02-18,Canada
TXN-A61AE89C-F6D,CAD,Completed,2024-05-30,Sweden
TXN-3948B282-B4E,JPY,Refunded,2024-12-10,United Kingdom
TXN-2B6CC551-A69,SGD,Refunded,2024-02-21,France
TXN-62DB91E1-7E2,LKR,Processing,2023-11-03,China
TXN-582FB34C-4CF,GBP,Failed,2024-11-03,South Africa
TXN-E30ABB83-67B,AUD,Cancelled,2023-10-11,Sri Lanka
TXN-653894C6-D3B,CNY,Processing,2023-04-15,China
TXN-6B20D892-636,CAD,Completed,2023-05-30,Spain
TXN-42B641F9-3E0,CHF,Processing,2024-02-20,Japan
TXN-93F96E57-8B4,CHF,Refunded,2024-02-29,Japan
TXN-94C0FDE3-0C4,JPY,Processing,2023-07-07,China
TXN-DD7227BA-B41,LKR,Refunded,2024-01-16,China
TXN-BAA46229-F1C,INR,Refunded,2023-07-30,Netherlands
TXN-A28E3360-E3D,SGD,Failed,2023-10-18,United States
TXN-45B1C2D7-2B9,CNY,Completed,2024-08-16,India
TXN-EB78B490-179,AED,Failed,2024-02-15,India
TXN-A91217B6-D5D,EUR,Failed,2024-10-05,South Africa
TXN-77846342-ED4,INR,Pending,2023-01-13,Switzerland
TXN-E163955E-2FC,EUR,Completed,2023-04-08,UAE
TXN-AD84AEC6-CA0,USD,Failed,2024-02-14,Norway
TXN-F6C09227-E6A,AED,Pending,2023-06-09,Switzerland
TXN-C2B402E6-DEA,CAD,Failed,2023-07-30,Brazil
TXN-14C84071-FDD,SGD,Completed,2023-02-25,Germany
TXN-8AEE9B1B-9DE,SGD,Failed,2023-07-28,United States
TXN-CD4B57B8-EAA,GBP,Refunded,2024-03-13,Netherlands
TXN-29878DDB-51E,LKR,Processing,2023-04-25,Germany
TXN-DDBA8A6F-C2D,INR,Completed,2023-01-31,United States
TXN-EF18DDA9-2F7,EUR,Cancelled,2023-04-16,Canada
TXN-71E4A730-2B6,CAD,Failed,2023-02-05,Norway
TXN-EEE6572E-BEA,GBP,Cancelled,2024-07-18,Sri Lanka
TXN-5F551449-68F,LKR,Cancelled,2023-08-02,Australia
TXN-3E996123-2DD,GBP,Completed,2023-06-01,Norway
TXN-3E00FA57-E91,EUR,Completed,2024-09-03,Switzerland
TXN-514513BA-528,SGD,Failed,2024-04-16,South Africa
TXN-3FCA71DA-D2D,CHF,Refunded,2024-03-13,Switzerland
TXN-2F6265D9-57A,USD,Completed,2023-10-16,Sweden
TXN-6113DA1B-E74,USD,Pending,2024-10-14,United States
TXN-6CF6B7B4-F5D,CAD,Refunded,2023-05-26,United States
TXN-F2A73949-A9B,GBP,Pending,2023-03-31,Sri Lanka
TXN-E5BA32DD-29F,AUD,Failed,2024-04-16,United Kingdom
TXN-FE8B7CD2-D56,LKR,Cancelled,2023-07-11,Norway
TXN-BB49218D-781,AED,Pending,2023-02-25,Brazil
TXN-519F96E0-0EF,CAD,Completed,2023-07-12,Singapore
TXN-FF385F40-BDA,LKR,Refunded,2024-08-01,Italy
TXN-C40DBD5B-C68,CHF,Cancelled,2024-12-23,UAE
TXN-2FACEF44-ADC,INR,Processing,2024-04-13,Italy
TXN-1BB1A29E-4DB,JPY,Cancelled,2023-04-01,Brazil
TXN-F5F6C651-5F3,AED,Cancelled,2024-06-30,Italy
TXN-82F667C7-18D,LKR,Pending,2023-08-05,Singapore
TXN-BA03AD80-A7B,INR,Processing,2023-09-03,Switzerland
TXN-A5D3837A-C4C,AUD,Processing,2024-05-20,Brazil
TXN-9A7766EF-CBE,USD,Pending,2023-03-31,Canada
TXN-9018633A-18E,JPY,Pending,2023-08-05,South Africa
TXN-6E2E057A-EF2,AED,Processing,2023-02-16,Norway
TXN-B579725A-58B,AED,Completed,2024-02-28,Switzerland
TXN-FBF42627-8D8,LKR,Completed,2023-03-14,United Kingdom
TXN-7FCF6008-BB6,AED,Pending,2023-10-06,Netherlands
TXN-D61F8994-8CD,SGD,Processing,2023-01-21,Brazil
TXN-541F1039-89D,CHF,Pending,2023-12-18,Canada
TXN-E823D245-A18,JPY,Failed,2024-01-16,South Africa
TXN-7442B44A-AD1,INR,Completed,2023-06-08,Spain
TXN-5B15251B-247,JPY,Failed,2023-07-15,United States
TXN-6E5B542E-330,AUD,Processing,2024-08-05,Netherlands
TXN-3922820F-980,CNY,Refunded,2024-04-13,Norway
TXN-32183B01-A33,JPY,Processing,2023-12-29,Netherlands
TXN-6A812155-5EF,INR,Processing,2023-10-16,Norway
TXN-5E434256-827,CHF,Completed,2024-12-10,United Kingdom
TXN-30AB69C4-BD3,CNY,Refunded,2024-05-07,Brazil
TXN-DE232730-2E1,AED,Processing,2024-06-27,India
TXN-A01C356E-8A9,AUD,Cancelled,2023-04-02,Sweden
TXN-193F06D6-75D,JPY,Pending,2023-08-19,Singapore
TXN-73D136C3-633,CNY,Processing,2024-07-31,China
TXN-1DB9360F-96C,CAD,Processing,2023-03-17,Switzerland
TXN-B5A2FBE9-F56,LKR,Completed,2024-05-16,China
TXN-BDD4BEE7-057,CNY,Failed,2024-11-29,Sri Lanka
TXN-A76EE9F2-400,USD,Failed,2024-11-13,Spain
TXN-176DDBE9-3F9,CHF,Cancelled,2023-11-08,Sri Lanka
TXN-81FD7709-3B6,AUD,Processing,2024-11-04,United Kingdom
TXN-52A638DB-5A4,USD,Cancelled,2024-01-17,Japan
TXN-825D77A1-E75,SGD,Failed,2023-11-06,Canada
TXN-06B6FF09-FD7,JPY,Pending,2024-06-07,South Africa
TXN-30C70838-14B,SGD,Refunded,2023-01-10,Canada
TXN-AAC6A01D-956,LKR,Completed,2023-11-14,Sri Lanka
TXN-03CD9214-8B6,EUR,Processing,2023-10-04,Japan
TXN-4DC9546D-CA0,SGD,Processing,2024-09-02,Brazil
TXN-103B626B-C74,EUR,Processing,2023-12-20,Italy
TXN-BEBBF97B-8FC,GBP,Completed,2024-03-14,India
TXN-CE4B51C7-0F8,CNY,Cancelled,2023-06-23,United Kingdom
TXN-11C3B174-768,AUD,Processing,2023-03-04,Brazil
TXN-D0D271EB-2E6,EUR,Cancelled,2024-09-06,South Africa
TXN-A33E136B-249,CNY,Failed,2024-07-28,Netherlands
TXN-EB8BBE4B-A57,JPY,Pending,2023-06-07,Canada
TXN-537FDC32-CFF,CAD,Refunded,2023-04-10,Australia
TXN-108D44B5-A6C,INR,Pending,2023-03-25,United States
TXN-0D1833CA-31C,JPY,Cancelled,2023-10-16,Germany
TXN-2226EEC8-5FC,LKR,Processing,2023-03-25,United States
TXN-E5913C16-AF0,CHF,Failed,2023-02-04,Sweden
TXN-5DFE7A82-3A6,GBP,Pending,2023-05-15,Norway
TXN-310EDBC1-C31,GBP,Refunded,2023-06-28,Italy
TXN-2EAC743F-AAA,AUD,Cancelled,2023-07-18,Japan
TXN-BD499F10-906,USD,Pending,2024-06-09,France
TXN-B47BA72F-49F,EUR,Cancelled,2023-01-09,Japan
TXN-E3AA8629-06D,INR,Refunded,2024-08-20,Sweden
TXN-6B483074-A6D,CHF,Completed,2024-03-24,United Kingdom
TXN-47B0981A-945,AED,Cancelled,2023-11-01,Italy
TXN-D2B8B1FE-5F1,AUD,Cancelled,2023-06-04,Australia
TXN-03CBF594-CCE,AUD,Refunded,2024-04-21,China
TXN-93026020-100,EUR,Processing,2023-08-02,UAE
TXN-DAE28597-5A0,AUD,Processing,2024-03-11,Germany
TXN-F5452F01-E47,INR,Refunded,2024-06-20,China
TXN-87A24625-88A,SGD,Processing,2024-02-06,Sweden
TXN-A983868A-BE4,CHF,Processing,2024-02-29,Norway
TXN-F7A9FE95-98B,INR,Refunded,2024-09-18,France
TXN-F6D90EFB-137,INR,Processing,2024-03-05,Netherlands
TXN-391A21C4-F5C,SGD,Processing,2024-06-07,United Kingdom
TXN-3A6CB66A-F71,JPY,Processing,2023-03-29,Japan
TXN-0C77580E-9D8,JPY,Completed,2023-03-04,Japan
TXN-D724FB71-3E4,AED,Cancelled,2023-10-02,United States
TXN-59E90733-F85,AUD,Pending,2023-08-12,Italy
TXN-A14137E5-827,JPY,Cancelled,2024-05-27,United Kingdom
TXN-E6F94C2F-151,AUD,Processing,2023-09-09,Canada
TXN-E90B9062-B76,JPY,Processing,2024-11-28,South Africa
TXN-ED75A9E9-332,AED,Cancelled,2023-10-16,China
TXN-4A4E2715-9B3,USD,Refunded,2024-09-18,Brazil
TXN-822A5C3E-20D,CNY,Cancelled,2023-01-10,India
TXN-69127E8D-F45,CAD,Completed,2023-06-24,Brazil
TXN-EA700A9B-5C7,GBP,Completed,2024-07-04,Norway
TXN-BF683E8A-B40,CNY,Processing,2024-02-22,South Africa
TXN-1C145DE1-882,USD,Refunded,2024-02-08,Germany
TXN-D44EAAB9-114,LKR,Cancelled,2024-10-03,South Africa
TXN-CDA1EBFD-D5A,INR,Processing,2023-10-25,Netherlands
TXN-D6E5EB6D-393,CAD,Processing,2024-04-09,Sri Lanka
TXN-F12D3944-1A9,INR,Processing,2023-10-13,Australia
TXN-1648A44B-051,INR,Pending,2023-12-27,Australia
TXN-A0170B4D-D78,LKR,Failed,2023-12-12,China
TXN-4557CF6E-A83,GBP,Pending,2024-10-22,Canada
TXN-63AECADA-FFA,JPY,Refunded,2023-03-13,Italy
TXN-11FA3354-D4D,CAD,Processing,2024-05-02,UAE
TXN-22E91A2B-7FF,SGD,Processing,2024-10-27,Netherlands
TXN-024DB2EB-8B5,JPY,Refunded,2023-11-18,United States
TXN-960EFB36-B6F,CNY,Cancelled,2024-04-10,Netherlands
TXN-E40161CB-C56,EUR,Refunded,2024-08-05,Sweden
TXN-52E5CE2D-AEE,LKR,Processing,2023-11-22,Canada
TXN-B550E885-92D,CAD,Cancelled,2024-12-13,United Kingdom
TXN-103DBE0F-27E,CNY,Cancelled,2023-02-08,Australia
TXN-C4307B28-326,SGD,Refunded,2023-09-16,United States
TXN-55F1A3BB-B28,EUR,Completed,2024-07-02,Germany
TXN-83161F16-66D,AED,Refunded,2024-09-21,Singapore
TXN-23E5646C-3A7,GBP,Failed,2023-03-03,Italy
TXN-167D6DC7-D8E,JPY,Cancelled,2024-11-19,Spain
TXN-0F7880F5-4CB,LKR,Completed,2024-12-22,South Africa
TXN-F0D6BD7A-AC0,AED,Processing,2024-07-19,Switzerland
TXN-2F623F90-754,AUD,Failed,2023-09-18,UAE
TXN-1B5BD468-348,GBP,Completed,2024-01-05,Netherlands
TXN-65ED85B5-980,INR,Completed,2024-11-29,Canada
TXN-404A4900-5F3,EUR,Processing,2024-08-13,Spain
TXN-842C76C9-746,INR,Processing,2024-02-15,Spain
TXN-F178358D-A08,AED,Processing,2023-06-09,Canada
TXN-D6AB6410-DF6,JPY,Completed,2024-04-06,Italy
TXN-6D1AA722-881,CHF,Pending,2023-10-31,Australia
TXN-AEC4F1F6-029,LKR,Refunded,2024-12-31,Germany
TXN-BB5C3727-731,AED,Completed,2024-01-30,Switzerland
TXN-602FB5FB-DEF,AED,Failed,2024-07-15,Sri Lanka
TXN-10146B1F-F92,SGD,Cancelled,2023-03-10,Germany
TXN-C5146685-4EF,INR,Pending,2023-08-23,France
TXN-3D85EA71-369,LKR,Pending,2023-09-04,UAE
TXN-E11F2DB4-27B,AED,Failed,2024-03-22,South Africa
TXN-34B7F0D5-5AF,SGD,Cancelled,2024-03-12,Japan
TXN-3BA6EC20-36C,INR,Cancelled,2023-01-31,Spain
TXN-9229E45E-D76,AED,Refunded,2023-05-31,Germany
TXN-AF5A3755-859,GBP,Refunded,2024-07-29,India
TXN-D89E29EB-EEE,AUD,Processing,2023-09-30,Netherlands
TXN-1586F786-97E,EUR,Completed,2023-06-06,South Africa
TXN-17403E1B-1F0,EUR,Completed,2024-07-04,Sri Lanka
TXN-AEA10E5A-603,SGD,Refunded,2023-04-01,United Kingdom
TXN-0B4D5AC9-C93,USD,Failed,2023-05-03,Sri Lanka
TXN-9328D3B8-511,JPY,Processing,2024-05-19,Switzerland
TXN-93A4EF04-57C,USD,Cancelled,2023-04-09,Netherlands
TXN-98EF2769-4FB,GBP,Cancelled,2024-12-10,China
TXN-FAD244C4-AD6,CNY,Pending,2024-05-13,Netherlands
TXN-78AC70A4-982,LKR,Cancelled,2024-06-15,United States
TXN-460209DA-049,INR,Cancelled,2024-02-27,Sweden
TXN-774E3149-46B,INR,Failed,2024-12-23,United Kingdom
TXN-F3C0C1C9-E04,USD,Completed,2023-11-15,Switzerland
TXN-BD3EA8B9-D43,JPY,Completed,2023-03-04,United Kingdom
TXN-D30A22C7-EFE,SGD,Pending,2024-07-24,UAE
TXN-71839624-B20,INR,Cancelled,2023-01-04,UAE
TXN-5DE0B689-41E,CNY,Refunded,2024-05-05,Italy
TXN-5F29855D-17C,AUD,Refunded,2023-09-20,Netherlands
TXN-EDF1817E-B53,LKR,Completed,2024-01-31,Netherlands
TXN-7E7A9D90-318,GBP,Processing,2023-08-09,China
TXN-511DDE3B-FEE,INR,Cancelled,2023-07-23,Sri Lanka
TXN-D6AA0A04-CFD,SGD,Failed,2023-03-30,Switzerland
TXN-E9F21A20-D5A,GBP,Cancelled,2024-05-19,Germany
TXN-E84F6A95-5C0,EUR,Failed,2024-06-13,Switzerland
TXN-AAA72A08-D42,AUD,Processing,2023-08-04,Spain
TXN-0CB2B771-0F2,AUD,Cancelled,2023-04-24,Germany
TXN-5DF3C77E-847,CHF,Completed,2023-08-03,Brazil
TXN-7E7F6DC5-E5C,JPY,Completed,2023-06-30,Singapore
TXN-7B7796C2-028,CHF,Cancelled,2023-07-05,Netherlands
TXN-35882677-2EC,USD,Pending,2024-11-03,Germany
TXN-705C03AF-279,USD,Processing,2024-02-26,Germany
TXN-C3048322-958,CHF,Failed,2024-12-26,Japan
TXN-AED3B516-779,AUD,Refunded,2024-06-02,Netherlands
TXN-624695DA-DF9,AED,Processing,2023-02-22,Netherlands
TXN-8013428D-0BD,SGD,Processing,2023-03-15,Brazil
TXN-5AE11F05-05E,AED,Refunded,2024-09-10,Germany
TXN-88B03BF5-440,JPY,Completed,2024-11-04,UAE
TXN-037B3185-77B,CHF,Refunded,2024-06-07,France
TXN-CEBB1B6D-3A1,CHF,Cancelled,2023-10-08,UAE
TXN-5EFF30CF-BD1,INR,Completed,2024-02-02,Canada
TXN-65329A35-AED,LKR,Failed,2024-09-25,Germany
TXN-ADC3651E-225,AUD,Refunded,2024-09-07,Japan
TXN-1ACB66EB-5D6,EUR,Pending,2023-04-17,Italy
TXN-B1AB1CBC-07F,JPY,Refunded,2023-09-09,Germany
TXN-4B440CED-8DF,CHF,Refunded,2024-08-20,Germany
TXN-23416C5F-AE1,LKR,Failed,2024-05-01,Canada
TXN-44C2376F-4FD,JPY,Refunded,2024-04-10,India
TXN-1EBF423E-04C,CNY,Failed,2023-01-07,United Kingdom
TXN-3AB35B1F-9E7,CHF,Refunded,2023-08-14,France
TXN-CE566F29-B49,USD,Cancelled,2024-08-20,United States
TXN-3F52B0C8-CEA,EUR,Pending,2023-06-21,United States
TXN-21DC0D84-461,AED,Processing,2024-10-19,South Africa
TXN-6AF0F709-532,CAD,Refunded,2023-10-06,United Kingdom
TXN-E8CD76BD-EB6,EUR,Cancelled,2023-02-26,United States
TXN-B48C4757-2D3,CNY,Cancelled,2024-05-08,Sri Lanka
TXN-60233DE0-A33,LKR,Completed,2023-07-26,South Africa
TXN-43AE24BB-732,SGD,Completed,2023-04-06,United Kingdom
TXN-9E97714C-912,LKR,Cancelled,2023-12-11,Brazil
TXN-4E1C4748-410,AUD,Completed,2024-11-14,Switzerland
TXN-E7C01C40-435,AUD,Pending,2024-03-04,Sweden
TXN-C1866AF7-84A,INR,Pending,2023-04-19,France
TXN-6ED34CF8-BBE,EUR,Refunded,2023-04-22,Sweden
TXN-FD3C1512-44B,USD,Completed,2023-10-25,Spain
TXN-68BAD959-D2A,AUD,Refunded,2024-01-17,Japan
TXN-6CC651BD-DA4,USD,Completed,2023-03-25,Sri Lanka
TXN-AE04D506-87A,AED,Cancelled,2024-08-30,India
TXN-09F5A8BD-BDF,INR,Processing,2023-08-05,Singapore
TXN-6ED89D28-F24,CNY,Cancelled,2023-07-19,Norway
TXN-B70A93A0-896,EUR,Completed,2024-12-14,Switzerland
TXN-EE2344F2-C5D,USD,Refunded,2024-08-23,South Africa
TXN-028E8903-421,EUR,Pending,2023-10-07,Netherlands
TXN-6F5DC86A-69A,USD,Failed,2023-12-23,Sri Lanka
TXN-F41599BF-04B,USD,Completed,2023-02-14,United Kingdom
TXN-50392ADE-5E5,AED,Refunded,2023-12-19,Singapore
TXN-232DBC0F-55E,CAD,Failed,2024-11-24,Singapore
TXN-D2848318-7AF,CHF,Processing,2023-12-01,Japan
TXN-B5CAAE51-C7B,AED,Failed,2024-02-23,Canada
TXN-E4B7E67C-B9C,USD,Completed,2024-09-30,United Kingdom
TXN-05C3CA9E-0B5,CHF,Cancelled,2024-04-15,Italy
TXN-AA4E2BCE-B5A,LKR,Refunded,2024-11-19,India
TXN-227020C2-F87,GBP,Completed,2023-11-15,Italy
TXN-17253855-205,INR,Failed,2023-06-07,United Kingdom
TXN-46D4DB30-96B,GBP,Processing,2023-12-24,South Africa
TXN-6D44D372-46E,CAD,Pending,2024-02-12,Norway
TXN-9CB71019-F80,EUR,Refunded,2023-12-04,South Africa
TXN-4909B3EA-4EF,AUD,Refunded,2024-06-28,Sri Lanka
TXN-D466737A-D73,CAD,Failed,2024-10-30,India
TXN-FFB3C510-ECC,LKR,Refunded,2024-09-15,Singapore
TXN-773D51C6-C92,AED,Pending,2024-12-17,India
TXN-A58783CE-AA5,CHF,Cancelled,2023-07-01,Netherlands
TXN-BC64CE39-EF6,CHF,Completed,2023-12-05,Canada
TXN-CCDB260A-4E6,CNY,Pending,2023-05-10,Sweden
TXN-21CE2E72-6AE,CAD,Failed,2023-03-18,United States
TXN-FDDBA16B-B1D,USD,Cancelled,2023-11-14,Brazil
TXN-F3B114D7-7E0,AED,Completed,2023-11-08,China
TXN-5CA51A9B-6AD,EUR,Completed,2023-06-09,United States
TXN-846E9F71-D0A,CNY,Pending,2023-11-08,Brazil
TXN-E8983D4A-7D3,SGD,Pending,2023-07-08,Switzerland
TXN-34BC5DB6-5BC,INR,Processing,2024-10-19,UAE
TXN-58794946-884,SGD,Refunded,2023-04-01,Sri Lanka
TXN-83078A22-99C,LKR,Processing,2024-08-17,Netherlands
TXN-318A7A94-55E,INR,Refunded,2023-07-26,France
TXN-3CE4D7BA-964,JPY,Failed,2024-10-16,Spain
TXN-15A41B9E-AA8,AUD,Failed,2023-12-19,India
TXN-6DA7BC43-11E,SGD,Failed,2023-02-24,Japan
TXN-842195FF-9BC,AUD,Completed,2024-05-08,Brazil
TXN-802737C4-F1D,INR,Processing,2024-04-30,Australia
TXN-5201A5B7-930,CAD,Failed,2023-08-25,Australia
TXN-ED82F3CD-F41,CAD,Cancelled,2024-12-19,Japan
TXN-EC1A8E42-F31,CHF,Cancelled,2024-04-10,China
TXN-D9447B1E-F16,INR,Failed,2023-12-10,United States
TXN-CAA8250A-EC9,GBP,Cancelled,2024-08-16,Netherlands
TXN-92554C25-B9A,INR,Pending,2023-03-05,Japan
TXN-ACDCACBD-2B7,SGD,Cancelled,2023-04-08,Singapore
TXN-14EBD0FE-5AD,INR,Refunded,2024-08-10,United States
TXN-1F2187FA-326,JPY,Completed,2024-02-09,Japan
TXN-04CC43A2-72A,EUR,Cancelled,2024-04-05,Spain
TXN-998AFABE-663,CHF,Completed,2023-05-08,Sweden
TXN-1F0B3D97-42B,EUR,Processing,2024-08-05,United States
TXN-AB2D1C6A-0BC,SGD,Failed,2024-12-12,South Africa
TXN-0E269EE6-D9D,CAD,Pending,2024-01-22,China
TXN-4DFD972E-6ED,USD,Processing,2023-01-11,France
TXN-03E34D82-695,CAD,Failed,2024-06-01,Sweden
TXN-EE2B98ED-0A7,JPY,Pending,2024-11-14,Australia
TXN-BB8236BC-807,GBP,Failed,2024-07-19,Italy
TXN-640B8DB6-B5D,CHF,Completed,2023-04-10,Brazil
TXN-29E4DF46-400,AED,Completed,2023-10-10,UAE
TXN-68788D9A-3E0,CHF,Cancelled,2024-06-15,Australia
TXN-214A0222-151,AUD,Processing,2023-01-25,Sweden
TXN-F1967171-C5D,EUR,Cancelled,2024-01-06,India
TXN-8C9E5171-81C,LKR,Pending,2023-04-29,United Kingdom
TXN-E80928A6-667,CNY,Cancelled,2023-03-11,United Kingdom
TXN-EE326448-594,LKR,Pending,2024-10-19,Singapore
TXN-195FA4A0-1B5,JPY,Processing,2023-05-18,South Africa
TXN-AD414B55-43F,CNY,Refunded,2024-07-01,Norway
TXN-BA8746BB-328,CHF,Failed,2023-02-21,Japan
TXN-EB885D2E-3EA,JPY,Refunded,2024-05-24,Spain
TXN-1C3DC70B-5BE,EUR,Pending,2024-05-03,Germany
TXN-67348FBB-3CE,INR,Refunded,2023-10-10,Singapore
TXN-603B0233-89D,CAD,Pending,2024-02-16,Switzerland
TXN-28705770-C3A,AED,Cancelled,2023-03-19,Germany
TXN-03CBEEDD-3B8,CHF,Pending,2024-03-26,Brazil
TXN-886A9718-ACC,AUD,Failed,2023-11-11,France
TXN-FF5CAB7E-60D,CHF,Completed,2024-05-18,France
TXN-A07ABCCE-2A1,EUR,Refunded,2023-05-04,Australia
TXN-4B0C5820-40B,CNY,Failed,2023-12-14,India
TXN-CF40BF74-8D0,AUD,Cancelled,2023-03-17,Canada
TXN-F05C7A0C-7CB,CNY,Pending,2023-03-09,Netherlands
TXN-D55E3A81-90A,CHF,Refunded,2024-05-16,France
TXN-223DC952-002,CHF,Pending,2024-03-06,Spain
TXN-7F456637-1B6,INR,Pending,2023-04-23,Sweden
TXN-F8D0F737-537,SGD,Processing,2024-08-20,Switzerland
TXN-E114588D-D38,GBP,Cancelled,2023-07-20,Australia
TXN-F6AEED75-DDD,CHF,Refunded,2023-02-01,India
TXN-574CA656-4BE,CNY,Refunded,2024-05-13,United Kingdom
TXN-3B351781-5B3,CAD,Refunded,2023-07-20,Sri Lanka
TXN-BCE62DB4-828,EUR,Completed,2023-02-08,South Africa
TXN-BEDB5B28-248,LKR,Cancelled,2023-04-05,Sri Lanka
TXN-9BDE3523-FF2,CHF,Refunded,2024-10-19,France
TXN-D60636D1-60D,SGD,Completed,2024-09-25,Japan
TXN-531A12C9-D44,INR,Refunded,2023-09-17,United States
TXN-7F699604-57F,SGD,Processing,2023-08-18,Netherlands
TXN-BA98D11B-99E,CNY,Pending,2024-03-29,China
TXN-6C50842B-0D5,AED,Cancelled,2024-01-11,Sweden
TXN-1F2D8EF1-9FE,AED,Failed,2024-10-19,Brazil
TXN-5E01CD0F-A1A,USD,Processing,2023-08-24,Sri Lanka
TXN-58508869-4D0,EUR,Processing,2024-08-25,Singapore
TXN-17B0216F-355,JPY,Completed,2024-02-17,Spain
TXN-B8496387-56C,AUD,Cancelled,2024-03-05,Canada
TXN-ECC1BC8B-46B,EUR,Completed,2024-04-08,Canada
TXN-6569F998-D9A,SGD,Pending,2023-11-22,South Africa
TXN-80AB934A-551,GBP,Processing,2023-11-26,Japan
TXN-782A9846-8E2,INR,Completed,2024-09-24,Singapore
TXN-815B0124-505,USD,Pending,2023-03-14,Switzerland
TXN-BC12818E-F56,LKR,Cancelled,2023-07-10,Sri Lanka
TXN-DEE3BF5F-0D0,EUR,Refunded,2024-01-01,Italy
TXN-2B4CC82A-B48,CHF,Failed,2024-12-15,Netherlands
TXN-C17A4789-867,AED,Failed,2023-05-30,Japan
TXN-BB57A6F2-91C,CHF,Processing,2024-05-15,China
TXN-397B24FF-BCF,SGD,Failed,2024-06-19,Sweden
TXN-23709A9E-19C,JPY,Failed,2024-04-03,Sri Lanka
TXN-D8F5100F-7AB,CAD,Pending,2024-03-23,South Africa
TXN-236D3D4E-880,CAD,Refunded,2024-06-26,Australia
TXN-E70DADA8-DC0,EUR,Refunded,2024-02-27,Switzerland
TXN-E0B1C99F-B8B,LKR,Failed,2023-12-05,Sweden
TXN-612712FC-097,EUR,Processing,2024-04-01,South Africa
TXN-1F6DCA3C-BFA,USD,Failed,2023-12-21,Canada
TXN-C31CCD99-56A,CHF,Refunded,2023-02-25,China
TXN-6255DAD1-ED3,INR,Pending,2024-02-03,United Kingdom
TXN-6518A2CB-00D,GBP,Refunded,2024-10-18,Norway
TXN-64E70F67-2D4,JPY,Processing,2023-06-14,France
TXN-26DC7A50-CEC,CNY,Cancelled,2024-12-23,Australia
TXN-FD7F9E16-9F5,JPY,Cancelled,2024-02-26,China
TXN-3717DBC3-E7B,AUD,Failed,2023-07-30,Japan
TXN-C93CE32C-FF3,GBP,Failed,2023-04-22,Spain
TXN-72CFE6B1-069,INR,Pending,2023-04-22,UAE
TXN-B9052FDE-7BF,CNY,Completed,2023-09-03,United States
TXN-5D149460-543,AED,Pending,2024-03-11,Australia
TXN-00701795-FBF,AED,Cancelled,2024-02-12,Sri Lanka
TXN-D6CC8B77-8FF,AED,Refunded,2024-12-14,Singapore
TXN-9D862545-7DD,CAD,Processing,2024-07-27,Brazil
TXN-B20D6BF0-C33,CAD,Processing,2024-08-01,Norway
TXN-165DC7B6-398,AED,Failed,2024-03-21,Sweden
TXN-E5AD053A-897,AED,Failed,2023-05-26,United States
TXN-82F4BB4C-C71,INR,Refunded,2024-05-01,Spain
TXN-466F19AD-808,CAD,Refunded,2024-09-23,Italy
TXN-633D65CA-5F1,INR,Refunded,2024-01-01,United Kingdom
TXN-19AA124A-BCB,SGD,Completed,2023-10-06,South Africa
TXN-DE5F8A4C-5E7,USD,Cancelled,2023-10-27,UAE
TXN-1192FD37-429,GBP,Processing,2023-01-07,United Kingdom
TXN-9A0B9859-F1C,SGD,Completed,2024-03-02,Japan
TXN-B164E578-E36,GBP,Failed,2023-04-23,Germany
TXN-60AA799F-1D5,LKR,Refunded,2023-10-28,Brazil
TXN-848CF0D6-6FC,CHF,Failed,2024-12-01,Norway
TXN-C2E156E7-53C,INR,Completed,2023-08-28,Netherlands
TXN-BB7EEA9F-990,CHF,Refunded,2024-04-25,Switzerland
TXN-EFB517B9-B35,CNY,Pending,2023-01-25,China
TXN-216D970B-292,CAD,Processing,2023-01-17,Sri Lanka
TXN-4AA616D4-751,INR,Completed,2023-08-19,Switzerland
TXN-134E7D99-4FE,CNY,Pending,2023-11-04,Australia
TXN-F5FC3AC3-370,EUR,Cancelled,2023-10-22,United States
TXN-E3367658-C73,JPY,Cancelled,2023-09-29,United States
TXN-F18E519B-574,CNY,Pending,2023-10-15,United Kingdom
TXN-F01431BD-D38,EUR,Failed,2024-09-09,France
TXN-094C69DA-DAC,JPY,Refunded,2024-01-19,France
TXN-C6767780-1D0,EUR,Failed,2023-05-21,India
TXN-3DB86F7E-E70,GBP,Cancelled,2023-11-17,Brazil
TXN-4A641D1D-D67,SGD,Failed,2024-10-06,Canada
TXN-4082AF44-380,SGD,Processing,2024-10-23,Netherlands
TXN-852BF28D-8F8,AED,Refunded,2023-08-23,France
TXN-7052B76F-FF3,GBP,Failed,2024-07-04,Netherlands
TXN-C0B7708A-E07,EUR,Completed,2023-11-16,Italy
TXN-1E64011E-EA8,CHF,Processing,2023-04-02,Australia
TXN-4E23D925-371,USD,Refunded,2023-11-05,Canada
TXN-37B0E1E8-6F7,USD,Cancelled,2023-04-20,Australia
TXN-A12AD1E8-A64,LKR,Pending,2024-11-09,France
TXN-7CAC6721-BBC,SGD,Pending,2024-08-10,Sweden
TXN-794CFCBB-CBC,CNY,Cancelled,2024-04-06,UAE
TXN-F395826C-64D,CNY,Refunded,2023-11-23,Singapore
TXN-0FF40608-03A,INR,Cancelled,2023-10-25,UAE
TXN-69D94B44-38D,CAD,Failed,2023-05-05,Brazil
TXN-644CDD6C-817,CAD,Completed,2024-10-26,United Kingdom
TXN-9CA73BA8-75F,CNY,Pending,2024-11-06,Germany
TXN-7E209E95-D16,INR,Completed,2024-06-12,Netherlands
TXN-E986BD4E-B6E,INR,Refunded,2023-01-02,France
TXN-E5CE12C2-5DF,JPY,Processing,2024-02-20,Netherlands
TXN-49E9E95B-9A6,INR,Refunded,2024-01-29,United Kingdom
TXN-AB78EF95-6E8,CAD,Failed,2023-03-17,Brazil
TXN-E19D4BEB-1F7,AED,Refunded,2024-06-19,India
TXN-2D1C7D3D-6D2,AUD,Processing,2023-05-06,Australia
TXN-8D4239DC-0CC,INR,Pending,2023-08-20,Netherlands
TXN-4D99DE11-918,LKR,Completed,2023-08-24,Canada
TXN-368F96A7-42F,LKR,Refunded,2023-01-09,Australia
TXN-613BDCDB-412,EUR,Processing,2024-08-14,Japan
TXN-4B05511C-827,SGD,Cancelled,2023-12-18,Switzerland
TXN-AB2061E4-627,INR,Completed,2024-09-18,Japan
TXN-876A3698-74B,AED,Cancelled,2023-05-31,Sweden
TXN-A7E2CC36-128,CAD,Completed,2024-08-08,UAE
TXN-6B75E920-098,USD,Cancelled,2024-05-22,Japan
TXN-4C7CC0A1-F2A,CAD,Failed,2023-05-18,Canada
TXN-435AC0D7-113,JPY,Refunded,2024-01-20,Netherlands
TXN-A2BCFE2D-836,SGD,Processing,2024-07-11,United Kingdom
TXN-36F44F33-9EE,CNY,Failed,2024-03-14,Brazil
TXN-2E89208B-33A,CAD,Failed,2024-05-26,Sweden
TXN-19F9DC7B-C92,EUR,Refunded,2024-11-19,United States
TXN-10A32236-10F,INR,Failed,2023-11-19,China
TXN-60047C91-61A,CNY,Completed,2023-11-27,France
TXN-2DE6301D-FB4,INR,Processing,2024-09-19,Japan
TXN-BA1802BA-C3B,GBP,Failed,2023-01-02,Singapore
TXN-0BAFE4FA-50D,AUD,Pending,2024-06-23,United States
TXN-FAC163E8-6A2,LKR,Pending,2024-01-03,Switzerland
TXN-E90043AC-403,INR,Cancelled,2024-09-30,Germany
TXN-AAB39E62-22C,SGD,Cancelled,2024-10-30,India
TXN-B1AB48AC-B61,SGD,Processing,2023-06-18,South Africa
TXN-507C989A-EEA,SGD,Processing,2024-01-27,Canada
TXN-F69E4F37-006,USD,Refunded,2024-02-06,France
TXN-4F8C5C7D-CD9,SGD,Failed,2023-09-02,Australia
TXN-1E1F4A67-015,JPY,Processing,2024-10-26,Brazil
TXN-7F06C59C-9CE,JPY,Processing,2024-06-26,France
TXN-C023DCC9-457,CHF,Completed,2024-09-22,United Kingdom
TXN-D4611D40-3FF,AUD,Refunded,2023-06-19,Norway
TXN-F7DE2615-F12,AUD,Pending,2024-07-01,France
TXN-1DE00D28-433,INR,Pending,2023-07-29,Switzerland
TXN-3BDB8E7B-42E,AED,Pending,2023-09-28,Germany
TXN-5C7007F2-4B1,LKR,Completed,2024-05-17,Spain
TXN-B3543D7A-F52,CHF,Pending,2023-03-18,United States
TXN-B9F04C48-038,AED,Pending,2023-08-18,Canada
TXN-C27D30D3-CC4,CNY,Failed,2024-10-10,UAE
TXN-F355BF28-253,GBP,Completed,2023-11-22,Italy
TXN-976DBB85-EDB,JPY,Completed,2024-11-17,Spain
TXN-C2A09F18-708,JPY,Completed,2024-07-28,India
TXN-AA31A851-ED6,JPY,Completed,2024-08-31,Canada
TXN-D9886316-F8B,CNY,Failed,2023-02-01,Canada
TXN-FD4BF40B-0EC,JPY,Completed,2023-10-06,UAE
TXN-3B2E4634-7EF,GBP,Failed,2023-03-13,Germany
TXN-C21FAD17-D51,GBP,Pending,2024-05-27,Italy
TXN-6395F614-099,CHF,Refunded,2023-05-26,India
TXN-3D6AFCF5-847,GBP,Refunded,2023-12-28,Japan
TXN-E79EFF06-BB2,USD,Cancelled,2024-01-15,Switzerland
TXN-3BC4072D-814,CHF,Completed,2024-02-22,Canada
TXN-A9D29F52-47F,CAD,Completed,2023-10-07,Switzerland
TXN-EB7A59B2-C39,SGD,Failed,2023-12-10,Norway
TXN-E3315D13-763,CHF,Cancelled,2023-03-25,Germany
TXN-A2FED9C9-853,JPY,Cancelled,2024-09-04,UAE
TXN-7F1F156E-B0C,INR,Pending,2024-01-01,Italy
TXN-CF7810BE-F4D,GBP,Completed,2023-04-01,Sri Lanka
TXN-1A4EED02-28A,INR,Completed,2023-03-01,Singapore
TXN-E4676298-13F,EUR,Failed,2023-01-06,Netherlands
TXN-4B9E2C5E-C19,AUD,Failed,2023-04-14,Australia
TXN-CF8B2488-731,CAD,Completed,2024-12-17,Italy
TXN-F2698FE8-CBF,GBP,Completed,2024-09-22,China
TXN-9663F13D-C4D,JPY,Refunded,2023-04-02,France
TXN-7A0E9805-3BE,CNY,Failed,2023-09-01,South Africa
TXN-B55AA8C5-A50,INR,Refunded,2024-05-06,Australia
TXN-DAA0CC32-1DB,CHF,Processing,2023-06-05,Germany
TXN-10B0EAD1-82C,SGD,Completed,2024-05-25,Netherlands
TXN-6CDBA0EC-7E6,USD,Cancelled,2024-01-01,United States
TXN-B04DD854-383,AED,Failed,2023-04-07,Switzerland
TXN-6CC6FF5D-964,CHF,Completed,2024-08-22,Spain
TXN-0172F786-234,INR,Processing,2024-11-21,Netherlands
TXN-BA2EE7A3-CB4,GBP,Processing,2023-10-27,Spain
TXN-2821954E-298,SGD,Refunded,2024-05-18,India
TXN-DD114CCF-A4D,JPY,Completed,2023-08-14,United States
TXN-2F486E10-0E5,USD,Failed,2024-04-09,Netherlands
TXN-38C553BB-D2E,INR,Refunded,2023-11-28,India
TXN-34B79F3C-59F,CNY,Pending,2023-11-10,Switzerland
TXN-0E4D1008-AD1,CHF,Processing,2024-11-17,United Kingdom
TXN-E980679A-C4F,EUR,Completed,2024-07-21,France
TXN-1C91C3D7-D34,INR,Cancelled,2024-02-20,Canada
TXN-B4D51FC0-6AD,SGD,Pending,2023-01-11,Spain
TXN-3943192C-87D,AUD,Refunded,2024-05-29,Spain
TXN-DA5E79C0-14D,CHF,Refunded,2024-07-20,Brazil
TXN-879B04B4-4B8,LKR,Refunded,2024-04-02,Singapore
TXN-A55C47CA-25A,LKR,Completed,2024-08-04,Canada
TXN-35BE399D-A7A,AED,Cancelled,2024-02-16,Sri Lanka
TXN-959831CB-4EB,AUD,Refunded,2023-09-01,France
TXN-C874E923-512,CAD,Processing,2023-06-30,United Kingdom
TXN-5CE3C609-A89,GBP,Failed,2024-08-14,Netherlands
TXN-5FE2ED9F-905,CAD,Failed,2024-10-29,Italy
TXN-321969BC-193,INR,Refunded,2024-10-14,Sweden
TXN-D9829542-780,GBP,Pending,2023-04-24,Switzerland
TXN-EA4579E4-A4D,CNY,Completed,2024-02-07,Australia
TXN-E98C8DA6-FC3,EUR,Processing,2024-02-27,Sri Lanka
TXN-A5C64A32-B68,CNY,Completed,2024-01-10,South Africa
TXN-1E566965-C93,EUR,Refunded,2024-05-02,India
TXN-1C84DD82-99E,USD,Pending,2024-09-30,Sweden
TXN-BC0C5738-FDF,AED,Failed,2023-07-12,South Africa
TXN-5E366EA2-8E5,INR,Failed,2024-09-11,France
TXN-C93FB7F1-D1D,INR,Cancelled,2024-09-21,Sri Lanka
TXN-AE4AC39B-574,JPY,Failed,2024-03-01,Japan
TXN-423103D4-6B6,AED,Refunded,2023-07-12,Sweden
TXN-A34EC1C6-842,JPY,Pending,2024-01-10,Sweden
TXN-7513C741-9BE,CNY,Processing,2023-10-22,South Africa
TXN-C7D9D8A6-3CE,USD,Completed,2024-10-19,South Africa
TXN-215B734B-C04,CAD,Completed,2023-12-25,Australia
TXN-B63EB09C-46F,GBP,Pending,2023-06-02,Canada
TXN-2B24E9FB-AE8,CAD,Pending,2024-12-20,Japan
TXN-39CBE1F8-261,SGD,Failed,2024-10-21,Japan
TXN-C414C009-3FB,CAD,Failed,2024-01-28,Sweden
TXN-37D75D94-3DA,CHF,Processing,2024-02-14,Japan
TXN-5811BCBA-4CD,EUR,Pending,2024-12-18,Singapore
TXN-DEBC490A-D3A,AED,Pending,2023-04-27,Switzerland
TXN-F1E49AD6-A02,JPY,Pending,2023-11-02,United Kingdom
TXN-94103552-813,JPY,Failed,2023-03-25,UAE
TXN-DB1539FF-27D,CHF,Failed,2024-11-07,Netherlands
TXN-5407191A-182,JPY,Processing,2024-10-24,India
TXN-BB566E75-558,LKR,Completed,2023-05-14,Brazil
TXN-E2BF2CC8-DDC,CAD,Refunded,2024-07-25,Switzerland
TXN-456B5468-DFF,LKR,Pending,2024-01-06,France
TXN-A7247293-865,GBP,Completed,2024-09-16,Spain
TXN-B0E65E8D-DF1,LKR,Failed,2023-07-09,Japan
TXN-2195D67C-5A2,JPY,Completed,2023-11-07,Netherlands
TXN-DAE0C202-599,EUR,Refunded,2023-03-11,United States
TXN-258CC842-57B,GBP,Pending,2023-12-07,Italy
TXN-0D69C830-210,AUD,Processing,2023-03-18,Singapore
TXN-F450ECBF-152,JPY,Failed,2023-06-08,Switzerland
TXN-FE0B84DB-EA9,GBP,Completed,2024-09-03,Sweden
TXN-7226A9BF-500,USD,Pending,2024-05-17,United States
TXN-F3675C7D-AFA,INR,Completed,2024-02-27,Germany
TXN-412C94FE-8F6,SGD,Refunded,2023-12-03,UAE
TXN-7E9B79ED-801,AED,Cancelled,2023-02-08,South Africa
TXN-D29E701B-EAD,AED,Processing,2023-11-18,Italy
TXN-52EBA744-31A,CHF,Pending,2023-10-06,Brazil
TXN-ADD081C0-302,JPY,Failed,2024-05-18,Singapore
TXN-7A417788-407,JPY,Cancelled,2024-04-06,Netherlands
TXN-CFAD921D-F26,SGD,Pending,2023-01-17,Singapore
TXN-E7D8325D-861,LKR,Completed,2024-10-08,Australia
TXN-518883A3-C72,EUR,Failed,2024-01-01,Canada
TXN-A6FCA713-72E,AED,Failed,2024-12-13,Canada
TXN-D303D30C-142,SGD,Failed,2024-09-15,Netherlands
TXN-2A15E689-3B2,EUR,Refunded,2023-11-20,Italy
TXN-67448172-B1B,AED,Pending,2023-02-14,United Kingdom
TXN-6FF826BF-BDE,EUR,Processing,2024-09-22,France
TXN-19285DED-B50,JPY,Refunded,2023-11-22,United States
TXN-85A5D6AE-847,SGD,Pending,2024-09-22,UAE
TXN-7EF18D68-273,LKR,Cancelled,2023-12-21,Germany
TXN-95D1EE36-22A,CAD,Completed,2024-05-13,China
TXN-67C97F67-0FB,AED,Refunded,2023-08-13,United Kingdom
TXN-7C8098D1-C71,USD,Processing,2024-04-29,South Africa
TXN-BBC49842-C32,CAD,Completed,2024-04-11,Italy
TXN-1D847505-1FC,CHF,Cancelled,2024-07-12,Germany
TXN-ECB14287-BD8,EUR,Processing,2023-04-26,Singapore
TXN-E2D8315A-D3D,LKR,Processing,2023-08-11,Sweden
TXN-77403E9D-AAC,LKR,Processing,2023-08-21,South Africa
TXN-C3C837DE-AA0,USD,Cancelled,2023-05-01,Switzerland
TXN-1291FFBB-862,USD,Failed,2023-12-06,Brazil
TXN-34F02DE1-DC9,CAD,Cancelled,2023-07-10,Netherlands
TXN-DF3B6A01-724,EUR,Cancelled,2023-12-02,United States
TXN-F61BED7C-C75,INR,Completed,2023-10-21,Canada
TXN-AB5BA55D-107,CAD,Pending,2023-02-13,United States
TXN-67B55472-B4A,GBP,Pending,2024-12-27,France
TXN-7939E4DB-BAE,INR,Processing,2023-07-06,Sweden
TXN-93C9B754-24A,AUD,Completed,2024-12-12,Germany
TXN-D04272A5-65B,CAD,Processing,2023-06-23,United States
TXN-21EB0B46-FAA,AED,Refunded,2023-11-15,India
TXN-0D2A74F0-148,CAD,Cancelled,2024-10-04,Norway
TXN-04916541-096,JPY,Completed,2023-04-19,South Africa
TXN-0181883B-DA0,JPY,Pending,2024-02-11,United Kingdom
TXN-C9F68BB0-033,SGD,Processing,2023-07-12,India
TXN-F23FB83F-BB1,CAD,Pending,2024-05-14,Singapore
TXN-B80CF446-8A7,JPY,Refunded,2024-05-07,Australia
TXN-4143B78C-0F1,JPY,Refunded,2023-04-13,Netherlands
TXN-4C5ADD7F-A6A,AUD,Cancelled,2023-04-10,Switzerland
TXN-32740C69-CC5,EUR,Cancelled,2023-02-10,Sri Lanka
TXN-6EFE8E51-0F7,SGD,Failed,2023-11-07,United Kingdom
TXN-BD1D1D21-D8A,AED,Pending,2023-05-20,Spain
TXN-12FE11BF-E22,USD,Completed,2023-06-05,Netherlands
TXN-3A094BA6-E3B,AED,Pending,2024-03-06,Brazil
TXN-FC40F449-587,LKR,Completed,2024-02-26,Norway
TXN-AE36420A-FD0,AED,Cancelled,2023-07-26,UAE
TXN-78FC4C31-10B,CNY,Cancelled,2023-11-09,Italy
TXN-3F650632-175,SGD,Processing,2023-05-12,Norway
TXN-D2D0E83F-F2F,AUD,Failed,2024-10-13,Germany
TXN-675B9537-226,EUR,Pending,2023-10-04,Sweden
TXN-AA6C5D37-A31,CNY,Failed,2024-05-01,China
TXN-12BE12D3-ABA,AED,Cancelled,2024-12-22,Sri Lanka
TXN-C31DB7FC-563,LKR,Completed,2023-06-15,Spain
TXN-4ECC79BA-512,EUR,Failed,2024-06-16,Italy
TXN-FD387FD3-2CA,CAD,Processing,2023-11-08,Japan
TXN-4A328AE4-EBE,USD,Failed,2024-10-27,Germany
TXN-BEA4916D-D7F,JPY,Refunded,2024-10-06,Italy
TXN-F226AB78-501,USD,Processing,2024-06-06,Spain
TXN-BDADED41-E67,AED,Refunded,2024-10-12,Sri Lanka
TXN-BE4F8D50-0C6,CHF,Failed,2023-09-14,Japan
TXN-E0D19182-A59,CNY,Refunded,2024-12-25,Japan
TXN-17DD0262-FA0,INR,Failed,2024-06-21,Australia
TXN-31BE7ECE-EFB,INR,Refunded,2024-08-13,United Kingdom
TXN-E1EC9224-D65,USD,Refunded,2023-05-11,Netherlands
TXN-AE610014-775,CAD,Processing,2024-09-08,UAE
TXN-F8C4F725-91A,GBP,Cancelled,2023-06-06,Netherlands
TXN-78929305-EE0,GBP,Refunded,2023-01-24,United States
TXN-38FEDA62-744,SGD,Refunded,2024-06-16,Sweden
TXN-3F6D3264-6E3,GBP,Failed,2024-10-03,Switzerland
TXN-3215FBF2-F45,USD,Cancelled,2024-06-04,Switzerland
TXN-754F5453-953,GBP,Failed,2023-06-09,Spain
TXN-9758BF2E-B8C,EUR,Pending,2024-09-10,Italy
TXN-F7246527-FEC,USD,Pending,2024-07-26,Singapore
TXN-4B442239-3F9,CAD,Cancelled,2023-03-12,Netherlands
TXN-5FD6F852-575,CAD,Cancelled,2023-04-07,Sweden
TXN-F5A7180D-487,INR,Cancelled,2023-06-26,Netherlands
TXN-8D9FC6D7-C97,AED,Cancelled,2023-01-01,Norway
TXN-E5D88BC2-86A,JPY,Refunded,2024-12-28,Singapore
TXN-3D15C2BE-0DC,SGD,Failed,2024-07-28,Germany
TXN-24330FD8-6EC,AED,Processing,2023-10-09,Switzerland
TXN-F292532C-FB0,USD,Processing,2024-08-04,Norway
TXN-FB4AF597-590,LKR,Completed,2023-03-15,UAE
TXN-5EB2BD39-8B1,CNY,Failed,2023-04-24,Australia
TXN-2DE57A30-C5B,CAD,Pending,2023-05-05,Sweden
TXN-D1CE51D6-1C6,JPY,Pending,2023-11-09,South Africa
TXN-5CB4C035-6BF,AUD,Failed,2024-02-02,Japan
TXN-66FC94E9-3FA,SGD,Cancelled,2023-03-13,Italy
TXN-1DDC3A05-614,CHF,Refunded,2024-07-08,Sweden
TXN-5067207A-8C6,INR,Cancelled,2023-06-30,Sweden
TXN-74CE77BB-90A,CHF,Completed,2023-01-09,Brazil
TXN-0C5B5662-3E5,CAD,Refunded,2023-05-11,South Africa
TXN-4EE0AAA6-43D,CNY,Completed,2023-09-15,France
TXN-577986FC-284,AUD,Cancelled,2024-09-11,China
TXN-10D83FE1-8E5,AED,Processing,2024-02-04,Netherlands
TXN-7DBF3F0C-6F2,AUD,Processing,2024-02-29,Switzerland
TXN-2B9CCE9D-8BA,CNY,Processing,2023-09-02,Singapore
TXN-1C71AA28-5D3,INR,Processing,2024-10-19,Singapore
TXN-4AB94C28-3B0,CNY,Failed,2024-11-15,Singapore
TXN-6D464A66-5F0,INR,Refunded,2024-01-07,Canada
TXN-64A1C212-178,INR,Failed,2024-11-04,Canada
TXN-9AE95CE8-6C5,LKR,Cancelled,2024-07-26,Canada
TXN-17460B44-8FC,GBP,Refunded,2024-01-13,Spain
TXN-F8192580-DB1,CAD,Pending,2023-09-28,Japan
TXN-E838CC97-A87,EUR,Completed,2023-10-04,Germany
TXN-51E046C3-C96,CAD,Refunded,2023-04-25,Japan
TXN-37E0C5CA-089,CAD,Cancelled,2023-05-25,France
TXN-6AD05021-8F3,CNY,Processing,2024-10-16,UAE
TXN-57198758-EB8,JPY,Pending,2024-03-15,India
TXN-B4E297EB-567,AED,Processing,2023-01-18,China
TXN-21EA7EFA-398,AUD,Pending,2024-09-17,Singapore
TXN-8F294DDC-5BC,CNY,Cancelled,2023-07-28,France
TXN-C09B8DD3-D66,CHF,Failed,2024-04-29,South Africa
TXN-038049B1-791,CHF,Completed,2023-11-18,United Kingdom
TXN-7B130957-A2C,CNY,Processing,2024-12-01,Spain
TXN-C80077A8-FFC,CNY,Refunded,2024-11-03,United States
TXN-46FE1005-83F,GBP,Cancelled,2023-09-06,Netherlands
TXN-7B985B24-D6E,EUR,Refunded,2023-02-26,South Africa
TXN-BD2BCEA1-4D6,GBP,Pending,2023-03-26,United Kingdom
TXN-F66656BB-817,AED,Cancelled,2023-08-15,India
TXN-C1EFD2AC-1F6,CAD,Completed,2023-01-26,South Africa
TXN-836E47C7-CC6,LKR,Pending,2023-11-01,Germany
TXN-A87176F9-D56,AUD,Failed,2024-06-22,India
TXN-A5E6C374-208,LKR,Completed,2024-11-27,Switzerland
TXN-E1DADE4D-FD7,LKR,Processing,2024-06-23,Sri Lanka
TXN-61765F5D-616,EUR,Refunded,2023-07-26,Singapore
TXN-8AD61311-531,LKR,Processing,2023-12-02,Australia
TXN-25D6B2BE-298,LKR,Failed,2023-08-17,Sweden
TXN-0369A988-F67,USD,Completed,2024-09-06,UAE
TXN-28E9E5CB-B35,INR,Processing,2024-10-09,Switzerland
TXN-BBA7F941-EDB,AUD,Completed,2023-11-22,South Africa
TXN-AC8B1E43-58D,CNY,Processing,2024-02-05,Brazil
TXN-ABDE1500-AC9,AED,Processing,2023-02-19,UAE
TXN-FC702FD6-8EC,SGD,Refunded,2024-04-14,Australia
TXN-171EDDAB-177,SGD,Cancelled,2024-07-15,United States
TXN-4BFB0E18-4AA,AED,Cancelled,2023-02-18,United States
TXN-C062FE92-B57,CHF,Refunded,2023-12-09,China
TXN-04B7C63B-0FB,SGD,Pending,2024-08-01,Australia
TXN-35676E24-8B8,GBP,Processing,2024-11-29,China
TXN-FEEF5F53-18E,INR,Pending,2024-01-27,China
TXN-CF396586-6F3,SGD,Pending,2023-03-12,Switzerland
TXN-84D6DA53-BCE,AED,Processing,2024-07-25,United Kingdom
TXN-FB522C32-DF8,GBP,Refunded,2023-09-15,Italy
TXN-954EFAEF-28C,AED,Processing,2024-05-06,India
TXN-48567028-D42,INR,Cancelled,2023-05-01,United Kingdom
TXN-6A948C4B-88E,INR,Refunded,2024-04-25,United States
TXN-20AF9527-63F,CAD,Completed,2024-09-16,France
TXN-183745EC-D2C,EUR,Refunded,2023-06-03,Italy
TXN-403267D5-E29,JPY,Refunded,2023-02-15,South Africa
TXN-502F719C-02F,EUR,Failed,2023-10-07,Sweden
TXN-166D1B8A-9F7,AED,Completed,2023-02-11,Netherlands
TXN-3BFE4102-4EB,LKR,Pending,2023-04-04,India
TXN-0C5F15D7-FEF,CNY,Processing,2023-01-30,Germany
TXN-D0A8FD2C-709,CAD,Refunded,2024-02-27,China
TXN-585FA439-8BF,CNY,Refunded,2024-03-05,Canada
TXN-A07C46A2-2FF,INR,Failed,2024-08-14,UAE
TXN-DA0518F9-AD7,LKR,Failed,2023-03-24,Singapore
TXN-20442F7E-786,SGD,Failed,2024-08-11,United Kingdom
TXN-F13B6929-EA5,GBP,Processing,2024-04-06,China
TXN-135AE27C-C17,CNY,Refunded,2023-06-12,Japan
TXN-823EA161-E9E,CAD,Refunded,2024-02-06,India
TXN-FDC341B9-B70,CNY,Refunded,2024-01-03,Switzerland
TXN-B4223C18-F82,INR,Completed,2024-01-21,Switzerland
TXN-37CF0E2F-355,SGD,Pending,2024-09-03,Netherlands
TXN-2C538F6B-A3E,LKR,Completed,2023-11-22,Switzerland
TXN-F25FD1FF-775,CHF,Processing,2023-06-01,Norway
TXN-8023D50B-A5A,INR,Pending,2023-04-20,Switzerland
TXN-943F9FEA-60A,EUR,Completed,2023-01-24,Germany
TXN-9A14329E-CA5,CNY,Processing,2023-03-24,France
TXN-1740A2CC-86C,AED,Completed,2024-11-09,Japan
TXN-8786ED3C-826,CAD,Pending,2024-02-24,Australia
TXN-C0836AC6-185,CNY,Cancelled,2023-09-28,UAE
TXN-C0809362-D6C,AUD,Pending,2023-11-12,United Kingdom
TXN-D4118282-388,CAD,Pending,2023-03-27,Japan
TXN-43DCD6D6-F6A,AUD,Cancelled,2024-04-17,India
TXN-6C34F5C1-B2E,INR,Pending,2024-05-21,Germany
TXN-E165B700-F14,EUR,Completed,2023-12-06,Italy
TXN-ADD38256-1A9,USD,Completed,2024-02-23,United States
TXN-9D959028-79B,INR,Pending,2024-05-26,Japan
TXN-28947E5F-BC4,EUR,Failed,2024-03-26,Norway
TXN-7C01E1C3-4B0,AUD,Failed,2024-09-22,Sweden
TXN-1B42C492-938,GBP,Cancelled,2023-04-23,United States
TXN-15297F18-EB4,LKR,Completed,2023-01-23,Italy
TXN-49C058CB-7ED,CAD,Cancelled,2023-02-22,Spain
TXN-D9C8A4C1-1D4,SGD,Failed,2023-05-15,Germany
TXN-DF7CFE52-543,AED,Completed,2023-10-31,China
TXN-59BEBD44-0FF,CAD,Completed,2024-06-28,Canada
TXN-DB90992E-A37,SGD,Completed,2023-03-18,UAE
TXN-F03D7BC5-BE9,GBP,Refunded,2023-03-23,Japan
TXN-7C2C8A2F-44F,GBP,Processing,2023-11-27,Canada
TXN-39B7A047-C65,LKR,Failed,2024-03-18,Sri Lanka
TXN-FEB33EDF-E0B,AED,Refunded,2024-03-08,United States
TXN-871C2EF4-C4C,JPY,Processing,2024-02-04,United Kingdom
TXN-6E05FF2D-9BD,GBP,Cancelled,2023-09-26,South Africa
TXN-2956D1D3-998,EUR,Cancelled,2023-02-17,Spain
TXN-702306E7-BD1,GBP,Refunded,2023-12-15,Spain
TXN-74663D10-5BF,CHF,Cancelled,2024-09-20,Netherlands
TXN-42450297-696,USD,Failed,2024-02-14,India
TXN-201C9C39-0DD,AED,Processing,2023-10-28,India
TXN-05C1787F-C6B,JPY,Refunded,2024-08-01,India
TXN-74C46CC4-222,USD,Completed,2023-05-17,Singapore
TXN-65928E9E-1FD,USD,Refunded,2023-03-31,China
TXN-C462059A-598,USD,Processing,2023-05-16,United States
TXN-DA84D24C-155,USD,Refunded,2024-06-22,India
TXN-A98333BC-C03,CNY,Pending,2024-12-13,Norway
TXN-3AD74142-2E1,SGD,Completed,2024-08-20,Switzerland
TXN-978A12F6-78D,SGD,Processing,2023-01-12,Germany
TXN-249B9ADF-174,AUD,Refunded,2024-11-20,China
TXN-B643D0AD-C80,EUR,Failed,2023-01-28,Canada
TXN-32F9E262-B7A,CAD,Processing,2023-04-17,Japan
TXN-50DBA2A2-D59,GBP,Completed,2024-09-07,Spain
TXN-46293E64-1B0,LKR,Processing,2024-07-21,Spain
TXN-99156802-B5E,GBP,Failed,2024-04-23,Norway
TXN-A06177FC-3C8,CAD,Pending,2024-08-10,United States
TXN-DAAB82F6-94A,CAD,Cancelled,2023-10-28,Japan
TXN-596E81D8-4F6,INR,Failed,2023-10-08,Singapore
TXN-FF43A50A-1A2,CNY,Refunded,2024-04-16,Brazil
TXN-093E888E-F46,JPY,Failed,2024-03-23,Singapore
TXN-AEF8F5B9-784,AUD,Refunded,2024-10-20,Italy
TXN-0A942D36-D88,AUD,Cancelled,2023-02-16,United Kingdom
TXN-792EC4CA-C23,GBP,Cancelled,2023-10-19,Singapore
TXN-4E875372-A83,CHF,Cancelled,2023-10-15,Australia
TXN-AA3072AD-B5C,LKR,Processing,2024-11-22,India
TXN-DAD39870-FC2,CNY,Failed,2024-02-01,Norway
TXN-3BB44778-01B,CAD,Cancelled,2024-10-11,Germany
TXN-14AA8EBF-4E4,AED,Completed,2023-01-12,Brazil
TXN-963816DD-86F,JPY,Pending,2023-08-12,Australia
TXN-20EF2D1E-BE4,CNY,Cancelled,2023-04-20,Switzerland
TXN-7BADF841-847,USD,Cancelled,2023-04-27,Spain
TXN-3AC92905-791,CNY,Processing,2024-05-05,Sri Lanka
TXN-FB7C97F3-62C,INR,Refunded,2023-04-19,UAE
TXN-5ED1FEA6-5F2,SGD,Refunded,2023-07-10,United States
TXN-7FF0521F-337,EUR,Failed,2024-10-09,France
TXN-A5ED3230-C6D,USD,Cancelled,2024-09-12,Switzerland
TXN-C940D642-D60,JPY,Processing,2024-12-08,Spain
TXN-D12D8249-088,JPY,Pending,2023-01-23,United Kingdom
TXN-CD88B6C3-4B6,CNY,Cancelled,2024-06-30,Sweden
TXN-D7EE5D95-0B5,INR,Pending,2024-06-19,Canada
TXN-65D8315A-40C,SGD,Processing,2023-06-03,Italy
TXN-200D37BC-A40,AED,Processing,2024-04-11,Italy
TXN-6A566061-D66,JPY,Pending,2023-01-02,Australia
TXN-2B24CBE4-366,CNY,Pending,2024-09-20,South Africa
TXN-93A368A1-441,CNY,Refunded,2024-02-25,Netherlands
TXN-150A3AA2-2D6,CAD,Processing,2023-01-30,Australia
TXN-8A85DC05-F9E,EUR,Processing,2024-12-17,United States
TXN-BDBDFF29-957,CNY,Refunded,2023-06-30,Spain
TXN-045EAB79-9EA,CNY,Completed,2024-10-22,United States
TXN-E2DBD91D-EA9,AED,Pending,2023-02-18,Australia
TXN-10619A97-F8A,CAD,Processing,2024-07-18,Switzerland
TXN-8D80BB4C-F95,AED,Pending,2024-05-19,United Kingdom
TXN-D6EB7E1F-E23,USD,Cancelled,2023-10-06,Netherlands
TXN-B5C1AFBD-5D4,INR,Refunded,2024-07-29,United States
TXN-D8AD5BDA-BBF,AUD,Completed,2023-08-03,Italy
TXN-440EC85A-BC2,LKR,Processing,2023-01-30,United Kingdom
TXN-F0BBF2A2-819,EUR,Completed,2023-12-16,France
TXN-45E346BC-1CE,CAD,Failed,2024-03-24,South Africa
TXN-D2D93F70-58F,CAD,Processing,2023-02-04,South Africa
TXN-B6FBE12D-D84,CNY,Cancelled,2023-10-21,South Africa
TXN-CC053169-583,CNY,Cancelled,2024-07-18,China
TXN-7DA22506-4FE,GBP,Failed,2024-07-18,Japan
TXN-1296FBF1-55A,EUR,Processing,2024-03-22,China
TXN-B3617475-AE4,SGD,Cancelled,2024-03-12,South Africa
TXN-0E14E304-8A2,AED,Processing,2024-04-28,India
TXN-A71ABA97-FD4,GBP,Cancelled,2023-03-03,Brazil
TXN-68F676F5-1EC,CAD,Refunded,2024-08-31,Canada
TXN-4D8F455D-816,INR,Pending,2023-01-26,India
TXN-1849FFB5-DEE,CHF,Failed,2023-12-30,Sri Lanka
TXN-1D49441F-6C4,EUR,Processing,2023-05-01,France
TXN-14C19B39-097,CNY,Pending,2024-11-25,India
TXN-C3041DFD-E39,CHF,Processing,2024-07-27,India
TXN-622168FA-4C3,CNY,Cancelled,2023-11-10,UAE
TXN-D70A029B-E29,GBP,Cancelled,2023-01-23,Norway
TXN-7076879B-E09,AUD,Cancelled,2023-11-27,France
TXN-17FEE013-B8B,EUR,Failed,2023-05-04,France
TXN-0A8D8C8B-90A,SGD,Processing,2023-08-23,Canada
TXN-33A8A590-AD6,CAD,Cancelled,2023-01-16,Sweden
TXN-55CF0A0A-46D,CAD,Pending,2024-05-08,India
TXN-3555871A-607,EUR,Failed,2024-11-21,Switzerland
TXN-0E60DD15-0FD,GBP,Refunded,2023-07-17,Sweden
TXN-C164F3E9-776,AED,Failed,2023-06-25,Canada
TXN-5FC40FFC-9EF,USD,Processing,2024-11-25,Sweden
TXN-538C6C46-81C,EUR,Failed,2023-05-13,Spain
TXN-2CD74CA2-AD8,INR,Cancelled,2024-06-02,United States
TXN-3EF91092-C46,EUR,Processing,2024-02-07,China
TXN-DE8CD994-0BE,CAD,Processing,2024-11-30,Norway
TXN-EC7B228F-484,CHF,Pending,2023-08-21,United States
TXN-99383334-B03,GBP,Pending,2023-10-17,United States
TXN-03DE9EFB-9E0,EUR,Failed,2023-11-20,Switzerland
TXN-E584BB13-FF4,CHF,Pending,2024-12-06,India
TXN-CC233652-1B4,AUD,Completed,2023-10-02,Brazil
TXN-E02044BB-B24,JPY,Pending,2023-12-26,United Kingdom
TXN-A1234C01-12A,AUD,Refunded,2023-11-13,India
TXN-FED5100A-B87,USD,Failed,2024-10-27,UAE
TXN-DD1F5D5F-1D1,CHF,Refunded,2023-11-04,Japan
TXN-EAAD1B87-059,CAD,Failed,2023-06-23,United Kingdom
TXN-A6761603-76C,CAD,Cancelled,2023-07-16,Canada
TXN-8FC0682D-E09,AED,Processing,2023-10-12,Norway
TXN-3CB026FF-91D,GBP,Pending,2023-10-04,Switzerland
TXN-ACC4EA94-308,AUD,Completed,2023-08-05,Australia
TXN-AF37E033-0E7,CHF,Processing,2023-02-09,Brazil
TXN-0DE95376-056,GBP,Cancelled,2024-03-22,India
TXN-6934AA96-DCD,GBP,Completed,2024-02-18,India
TXN-DBEDF2D2-85A,JPY,Cancelled,2023-04-10,South Africa
TXN-92C5898B-F38,EUR,Failed,2024-10-12,Sri Lanka
TXN-752E9780-530,INR,Completed,2024-08-07,Switzerland
TXN-4DE758D7-3D6,AED,Processing,2023-06-18,Norway
TXN-5E3DB64F-A70,EUR,Cancelled,2023-05-01,Spain
TXN-D01C5866-4BA,AED,Completed,2024-07-09,Australia
TXN-F2F96697-C1B,EUR,Refunded,2024-07-01,United States
TXN-E31E9ED9-F9A,SGD,Processing,2023-06-22,Germany
TXN-56CE2048-998,GBP,Pending,2024-04-06,Sri Lanka
TXN-AE453606-692,AED,Cancelled,2024-08-23,Canada
TXN-FB131977-72C,CNY,Processing,2024-05-10,Japan
TXN-C6BABDCF-42D,CNY,Refunded,2024-09-14,Switzerland
TXN-3145C2DD-2AF,LKR,Failed,2024-05-16,Switzerland
TXN-0D735574-971,AUD,Cancelled,2023-02-20,Sweden
TXN-0C8D824A-DBD,USD,Failed,2023-01-05,South Africa
TXN-73E5826C-886,CNY,Processing,2023-05-04,Canada
TXN-C75D565A-393,CNY,Pending,2024-02-10,Sri Lanka
TXN-B9A6854E-25F,AUD,Failed,2024-04-10,Japan
TXN-BC12E59E-563,INR,Processing,2024-01-26,Netherlands
TXN-55D52F7A-26A,LKR,Pending,2024-09-23,Brazil
TXN-ED788BE3-39E,USD,Refunded,2024-04-27,UAE
TXN-3823A5E5-CED,USD,Completed,2023-01-12,France
TXN-7DD131F5-AF8,GBP,Processing,2023-10-10,United Kingdom
TXN-006357B6-863,JPY,Failed,2023-03-09,United Kingdom
TXN-2B8792FA-DC3,USD,Pending,2024-01-02,Netherlands
TXN-9CE932D3-6B2,USD,Completed,2023-03-25,South Africa
TXN-DC0B55A8-5D0,INR,Cancelled,2024-11-19,Sri Lanka
TXN-D7DD6EEA-29F,SGD,Completed,2024-01-28,Germany
TXN-5F0112DF-A28,CNY,Failed,2023-01-23,Spain
TXN-6C0CCB05-F84,GBP,Processing,2024-11-28,Brazil
TXN-E9E35C96-0E4,AED,Cancelled,2023-05-30,UAE
TXN-78C9EFA1-7D5,SGD,Refunded,2024-03-31,Germany
TXN-B86D40A5-682,JPY,Pending,2023-02-26,Singapore
TXN-9B60CF13-67F,AUD,Failed,2023-12-20,Norway
TXN-9EEE7ABD-DD7,AED,Failed,2024-12-12,Canada
TXN-5C4F1CBD-720,EUR,Failed,2024-03-02,Canada
TXN-1C185C1C-EC5,USD,Completed,2024-03-08,Australia
TXN-7329562A-56B,AED,Completed,2023-09-18,Canada
TXN-ED302819-F48,AUD,Completed,2023-03-07,Singapore
TXN-03E3EEA3-D32,USD,Refunded,2023-08-25,India
TXN-E49419A0-9CA,AUD,Cancelled,2024-03-16,Japan
TXN-FBB12C67-59F,AED,Cancelled,2024-02-07,Italy
TXN-B7E62E91-6FF,CNY,Failed,2024-01-03,United States
TXN-A0221FF6-CCA,JPY,Processing,2024-02-08,Sri Lanka
TXN-246BEB98-A49,LKR,Completed,2024-12-28,France
TXN-D1C83553-5AE,AED,Refunded,2024-02-20,United Kingdom
TXN-F8FC42C0-1EB,CNY,Completed,2024-04-20,Netherlands
TXN-B3DFE28E-44C,USD,Refunded,2024-05-01,Italy
TXN-DA21BF46-342,AED,Pending,2023-05-30,Switzerland
TXN-D735EE03-04C,USD,Cancelled,2024-11-05,Spain
TXN-92DA502A-2EC,EUR,Cancelled,2024-04-23,United Kingdom
TXN-84AA3181-992,INR,Completed,2024-08-28,Sweden
TXN-0713057F-DDD,EUR,Processing,2023-09-11,Sri Lanka
TXN-5262DF6F-212,INR,Completed,2023-12-14,Netherlands
TXN-95AF2C02-045,CHF,Failed,2023-03-20,Australia
TXN-1B93B75E-59E,CAD,Pending,2024-10-11,Japan
TXN-2505285F-5DB,INR,Completed,2024-02-15,South Africa
TXN-C362CA27-BAD,AUD,Pending,2023-06-09,UAE
TXN-38FC799B-71D,SGD,Pending,2023-03-17,Germany
TXN-4282DF88-0CF,CNY,Completed,2023-08-08,Switzerland
TXN-5AC2AFB2-13C,SGD,Pending,2023-03-02,Italy
TXN-C80E89BB-19C,AED,Pending,2024-10-15,Japan
TXN-59811D88-473,GBP,Failed,2023-04-18,Italy
TXN-881017BD-68F,AUD,Completed,2023-09-02,France
TXN-6C72CBFD-B52,SGD,Pending,2024-10-29,France
TXN-04102888-49A,AUD,Failed,2024-12-18,India
TXN-27457995-4F6,CHF,Completed,2023-01-02,Sri Lanka
TXN-20DE37F1-886,GBP,Processing,2024-12-11,Brazil
TXN-AD3AF717-C52,CNY,Failed,2023-10-15,United States
TXN-94A01666-41F,EUR,Failed,2024-05-25,South Africa
TXN-6A5668D6-34E,INR,Refunded,2023-09-24,United States
TXN-9112A20B-AB2,JPY,Completed,2024-03-09,Australia
TXN-E14E550E-E6F,INR,Pending,2023-05-09,Germany
TXN-6248723D-2BA,LKR,Cancelled,2023-02-09,Italy
TXN-0C8ED453-CF6,LKR,Cancelled,2023-01-25,France
TXN-F864831F-BC1,AED,Pending,2023-04-13,France
TXN-A74D926C-A28,CHF,Failed,2024-09-13,Italy
TXN-A01BA226-D6C,LKR,Pending,2024-08-14,China
TXN-8326D19E-16A,SGD,Failed,2023-07-15,Italy
TXN-BADA5F36-326,SGD,Refunded,2024-12-30,South Africa
TXN-81F41AE0-AB7,CHF,Cancelled,2023-12-18,Spain
TXN-E483C202-742,EUR,Refunded,2023-07-22,Switzerland
TXN-B463E3A3-99C,CAD,Completed,2024-09-30,Spain
TXN-BD0DFF44-1C5,CHF,Cancelled,2024-11-13,Brazil
TXN-84C80CCF-3A4,CNY,Processing,2024-03-31,Japan
TXN-CAAE7F07-E02,CNY,Completed,2023-06-28,United Kingdom
TXN-B5AEBD37-7E5,JPY,Cancelled,2024-09-01,Brazil
TXN-2E33F6F0-B40,CNY,Failed,2023-05-09,United Kingdom
TXN-1901C62A-E94,CHF,Cancelled,2024-07-04,Spain
TXN-94BB4923-DC8,LKR,Completed,2024-03-09,Netherlands
TXN-F9242830-91A,JPY,Processing,2024-05-29,India
TXN-411F022E-917,USD,Refunded,2024-03-19,United Kingdom
TXN-E6161CB4-556,AUD,Refunded,2024-06-03,China
TXN-24D5FC96-5F2,CAD,Completed,2024-06-07,Norway
TXN-EC8B7597-9AB,EUR,Refunded,2023-02-14,South Africa
TXN-6E3E40DF-438,CAD,Refunded,2024-10-04,Netherlands
TXN-5F57D7DD-831,CNY,Cancelled,2024-12-11,Spain
TXN-0010E3D5-829,EUR,Refunded,2024-07-26,Singapore
TXN-1675C48E-D25,CNY,Refunded,2023-01-24,United States
TXN-88001B01-777,CHF,Cancelled,2023-05-28,UAE
TXN-DA94B10A-FDC,EUR,Failed,2023-10-05,Norway
TXN-71545C5A-861,CNY,Completed,2023-05-08,Japan
TXN-47051497-91A,AED,Processing,2024-11-05,Germany
TXN-1770C841-BB2,AED,Completed,2023-03-03,United States
TXN-D8A1D530-517,CNY,Cancelled,2024-01-19,Switzerland
TXN-A1378DC4-0AE,INR,Pending,2023-12-06,India
TXN-BF5C7C03-AFD,LKR,Completed,2023-05-09,Japan
TXN-C4CF9E48-D9A,EUR,Completed,2023-04-21,France
TXN-CEEDE46A-184,EUR,Completed,2023-08-07,Sri Lanka
TXN-A0836730-745,CAD,Processing,2023-09-01,China
TXN-ED5F437B-9C1,LKR,Processing,2023-04-05,Canada
TXN-CFB50F1B-E6A,CNY,Cancelled,2024-02-22,United States
TXN-A156D488-FB5,CNY,Refunded,2023-12-24,Norway
TXN-06EB7361-E58,CHF,Cancelled,2023-02-05,France
TXN-C87AF60C-A3F,CHF,Pending,2024-05-12,France
TXN-FA15D647-DF5,CAD,Failed,2024-08-19,United States
TXN-56D1F9E8-7D3,EUR,Failed,2023-12-31,Norway
TXN-5E8D817B-812,CHF,Completed,2024-01-20,United States
TXN-1F0A2F43-0B8,JPY,Refunded,2024-06-01,Netherlands
TXN-DEDA6942-B45,INR,Cancelled,2024-04-20,United States
TXN-96145976-748,CAD,Failed,2023-06-06,Canada
TXN-37E329CB-70B,EUR,Cancelled,2024-11-11,Norway
TXN-AEADD689-F4A,SGD,Cancelled,2024-05-03,UAE
TXN-803B5A2B-A4A,SGD,Failed,2024-08-26,UAE
TXN-B821BE1D-50D,CNY,Refunded,2024-11-30,Spain
TXN-1D52896F-F39,CHF,Processing,2024-05-14,Japan
TXN-A1EE5D87-634,JPY,Failed,2024-10-23,UAE
TXN-5E8FB7A1-F7C,USD,Failed,2023-05-09,China
TXN-ED7A8175-B85,LKR,Cancelled,2024-11-25,Australia
TXN-294320EB-94F,EUR,Failed,2023-04-02,United Kingdom
TXN-1501BD3B-372,SGD,Failed,2023-04-20,Japan
TXN-5E8055C1-2AC,USD,Cancelled,2023-12-17,Singapore
TXN-8F155343-F69,SGD,Cancelled,2024-10-21,Switzerland
TXN-B1DEBBBE-B96,LKR,Pending,2023-05-23,South Africa
TXN-B69D6D7F-FC4,INR,Refunded,2023-11-11,Spain
TXN-B594684B-DDC,AED,Failed,2023-06-06,Norway
TXN-D9D4B68F-D7D,CHF,Cancelled,2024-01-13,France
TXN-077C2686-7DE,CAD,Completed,2024-08-30,France
TXN-9F8C52E2-373,CHF,Completed,2023-12-26,France
TXN-C72DDFF2-A61,EUR,Processing,2023-12-11,Sweden
TXN-FE2B6B7E-F74,CNY,Processing,2023-05-09,Germany
TXN-93638E9B-52C,JPY,Completed,2024-01-10,France
TXN-D902DA57-790,CAD,Pending,2024-12-16,Switzerland
TXN-10D2B041-FF0,AUD,Failed,2024-12-31,South Africa
TXN-292396C5-000,CHF,Failed,2024-08-20,Switzerland
TXN-3A12F2A5-942,CHF,Processing,2024-07-30,Netherlands
TXN-FA29D52F-505,AED,Cancelled,2023-01-22,United States
TXN-0B44EF54-504,AED,Processing,2023-02-13,Canada
TXN-36E0F8B1-559,LKR,Refunded,2023-03-21,Singapore
TXN-FD49ED79-E4D,AED,Completed,2023-02-18,China
TXN-E99C5D66-795,AED,Cancelled,2024-01-04,Switzerland
TXN-E1B12ABA-316,JPY,Completed,2023-11-09,Norway
TXN-EF921619-F57,CAD,Cancelled,2023-02-09,United Kingdom
TXN-AA618528-857,GBP,Completed,2023-12-07,Italy
TXN-E8E9BE01-108,AUD,Cancelled,2023-07-18,Japan
TXN-8301AAD1-AD6,LKR,Failed,2023-11-15,Japan
TXN-1CFD0789-99F,CAD,Processing,2023-05-08,Singapore
TXN-0BA83BDD-D55,LKR,Refunded,2023-02-28,Canada
TXN-D2527FD4-B98,AUD,Cancelled,2023-01-13,India
TXN-9D1DC1F4-93F,AED,Failed,2023-08-29,Germany
TXN-152B2C72-68C,USD,Refunded,2024-04-15,Brazil
TXN-591A3636-7A0,CAD,Completed,2024-01-26,France
TXN-48851AD7-09D,CNY,Cancelled,2023-02-26,Sweden
TXN-B06D96CB-088,EUR,Cancelled,2023-05-23,United States
TXN-116A5480-9E7,AUD,Pending,2023-08-07,Germany
TXN-44FA3A11-983,SGD,Refunded,2024-07-18,Switzerland
TXN-E7C75EF8-1B2,CHF,Completed,2023-03-04,Brazil
TXN-0B12D19F-937,USD,Pending,2023-07-17,United Kingdom
TXN-6CF48470-73C,EUR,Refunded,2024-05-22,Switzerland
TXN-E07858CC-958,LKR,Processing,2024-11-01,China
TXN-0B073670-412,AUD,Cancelled,2023-03-29,Netherlands
TXN-DECB101C-121,CAD,Completed,2023-08-08,Norway
TXN-1D336B38-01C,EUR,Completed,2023-03-09,Switzerland
TXN-C880284D-360,JPY,Completed,2024-09-12,Brazil
TXN-BB7B9EED-063,AUD,Cancelled,2023-08-14,Brazil
TXN-E06D295C-200,AUD,Pending,2023-09-15,Sweden
TXN-A47F6BD3-B03,CNY,Processing,2023-10-19,Spain
TXN-452A0E00-0AF,JPY,Pending,2024-07-08,Sri Lanka
TXN-D75D5C97-28B,USD,Refunded,2024-07-03,Spain
TXN-29114471-3DB,GBP,Completed,2023-10-25,UAE
TXN-D1A569A7-212,CHF,Pending,2023-09-02,United Kingdom
TXN-92A3F6AD-B63,CHF,Processing,2023-12-14,United States
TXN-3F469800-CC7,CHF,Cancelled,2023-06-08,Singapore
TXN-ECE83A9E-9D1,CAD,Pending,2024-05-30,United States
TXN-3880C414-E4E,SGD,Failed,2023-08-01,India
TXN-A6BADA01-873,AUD,Refunded,2023-12-14,Italy
TXN-57EAD9C2-22B,LKR,Completed,2024-10-24,Norway
TXN-00A63DC8-915,CNY,Cancelled,2024-01-24,Italy
TXN-B51C7C57-F30,LKR,Completed,2023-04-18,Germany
TXN-D928CE4D-D56,JPY,Failed,2024-05-31,Sweden
TXN-A77A98F7-FEF,AUD,Refunded,2023-05-13,Switzerland
TXN-5280D963-185,CHF,Completed,2023-09-25,UAE
TXN-DFA426E8-131,LKR,Processing,2024-01-14,Netherlands
TXN-F833252A-ABF,CNY,Failed,2024-02-24,Brazil
TXN-234E3554-C10,JPY,Cancelled,2024-07-25,India
TXN-3D13905F-040,CHF,Pending,2023-04-29,Australia
TXN-2C330F6D-85A,JPY,Completed,2023-08-15,United States
TXN-88B7089E-781,AED,Processing,2024-10-23,South Africa
TXN-953019F0-6B2,JPY,Processing,2024-03-15,Singapore
TXN-307F90EF-236,LKR,Failed,2024-06-05,Germany
TXN-C71D57DB-1FB,CHF,Failed,2024-12-28,United States
TXN-7EFA2DB8-307,USD,Completed,2023-11-10,Sweden
TXN-CA95F165-A28,INR,Processing,2024-03-25,Germany
TXN-F4C7CF8D-320,INR,Pending,2024-05-25,Germany
TXN-AA456432-3CD,AED,Cancelled,2023-10-15,Australia
TXN-542F5C17-04B,AUD,Pending,2024-02-12,France
TXN-C083DC45-5C2,JPY,Cancelled,2024-10-29,United Kingdom
TXN-30CCAB6D-26F,GBP,Completed,2023-04-05,Canada
TXN-6F72FB7F-025,GBP,Refunded,2023-01-27,Brazil
TXN-28907316-046,GBP,Failed,2023-02-22,Australia
TXN-6AD5693E-DCE,JPY,Cancelled,2024-01-11,Norway
TXN-61DC82AD-7A4,GBP,Refunded,2024-06-25,Australia
TXN-D8273AE2-A79,SGD,Pending,2023-09-17,France
TXN-7C89DB2E-5F4,LKR,Completed,2024-12-13,Japan
TXN-A7F7C298-ABE,JPY,Refunded,2023-07-24,United Kingdom
TXN-8CB09845-2CB,CHF,Completed,2023-01-22,Italy
TXN-F0F93E7B-581,LKR,Cancelled,2023-05-15,Norway
TXN-F3639128-007,USD,Failed,2024-11-06,United States
TXN-06D2BDE3-1D7,AUD,Processing,2023-04-02,United Kingdom
TXN-F529963E-CB8,JPY,Failed,2024-12-21,Sri Lanka
TXN-385337B7-BB1,CHF,Pending,2024-12-31,Sri Lanka
TXN-4F261BC5-F9E,CNY,Pending,2024-11-27,Japan
TXN-79CC74ED-FAF,AUD,Completed,2023-04-08,China
TXN-43864C6E-A37,LKR,Cancelled,2024-09-06,South Africa
TXN-6AE9AD7F-49D,CAD,Refunded,2024-03-05,United States
TXN-1A973ACE-587,LKR,Processing,2024-07-02,Germany
TXN-F28565DC-CB4,AUD,Refunded,2024-03-11,UAE
TXN-C82C87B5-73A,AED,Completed,2023-08-24,Italy
TXN-70FB6A3E-8E0,INR,Pending,2023-02-14,France
TXN-CD106547-B21,EUR,Completed,2024-08-31,South Africa
TXN-178E5CC4-4CC,SGD,Cancelled,2023-11-09,Sri Lanka
TXN-110DD35C-A89,AED,Pending,2023-01-05,Australia
TXN-7D70777D-E3C,AED,Completed,2023-05-17,Italy
TXN-B2A0FFEB-6FC,JPY,Cancelled,2023-02-06,Germany
TXN-A9781F5C-02A,LKR,Completed,2023-05-22,Norway
TXN-7D7D5CC3-0AB,CNY,Completed,2023-06-19,China
TXN-B2D1BE20-40A,EUR,Failed,2024-01-12,Sri Lanka
TXN-5325C602-A82,CHF,Cancelled,2024-06-22,Germany
TXN-27B7F4DE-4C3,AED,Completed,2023-07-05,Netherlands
TXN-3E15E3EB-B0D,GBP,Pending,2024-04-26,Spain
TXN-BEF4D459-4CE,LKR,Refunded,2023-10-14,Australia
TXN-86856430-3D9,CAD,Completed,2023-03-13,Singapore
TXN-F55633C5-200,USD,Failed,2024-11-20,South Africa
TXN-DB50CC31-FE4,SGD,Cancelled,2024-07-26,Netherlands
TXN-A9C60CD4-217,SGD,Cancelled,2024-11-10,Netherlands
TXN-E1637A0C-1BD,INR,Refunded,2024-03-22,China
TXN-21A2EFB5-136,EUR,Processing,2023-01-07,UAE
TXN-A8979755-7F9,JPY,Cancelled,2023-01-18,India
TXN-31AFDC22-4C5,AUD,Refunded,2024-11-17,Netherlands
TXN-93302CAC-7C2,USD,Failed,2024-06-17,Brazil
TXN-F90CE71E-513,JPY,Completed,2023-09-29,Switzerland
TXN-12627EA4-D70,GBP,Processing,2023-11-18,South Africa
TXN-062D5BED-57C,INR,Processing,2023-11-18,Netherlands
TXN-7EB209EB-04B,AUD,Cancelled,2024-07-13,Netherlands
TXN-D064DA76-305,CHF,Completed,2024-05-11,Brazil
TXN-0CA6C645-10B,CAD,Cancelled,2023-12-03,Singapore
TXN-1FD02628-BCD,AUD,Completed,2024-09-28,Norway
TXN-7BB4ECC5-AFC,INR,Refunded,2023-02-21,South Africa
TXN-631F6F8D-0D7,USD,Completed,2024-09-20,South Africa
TXN-DD7635F6-018,AUD,Failed,2024-10-26,UAE
TXN-0432AD3C-62A,GBP,Failed,2023-08-11,UAE
TXN-2D490EE8-D86,CAD,Processing,2024-06-22,Japan
TXN-53CC8AB4-C5F,CNY,Pending,2024-01-09,Sri Lanka
TXN-B102373A-189,CNY,Processing,2023-09-25,Japan
TXN-3AAF19DD-127,JPY,Failed,2023-06-04,Sweden
TXN-24968312-E4C,EUR,Cancelled,2024-05-09,Brazil
TXN-12EEDAF5-479,AUD,Refunded,2023-11-08,India
TXN-C9A89006-B53,SGD,Completed,2023-02-22,Germany
TXN-189372CB-02A,SGD,Pending,2023-01-17,UAE
TXN-3E7CBC62-3E2,CHF,Failed,2023-11-24,United Kingdom
TXN-779FFDC9-55A,USD,Processing,2024-05-23,United States
TXN-DE8E5FB1-5E3,AED,Refunded,2023-01-18,Norway
TXN-733581A4-870,AUD,Processing,2023-03-02,Singapore
TXN-04618837-C16,CNY,Completed,2023-10-06,Germany
TXN-23C8D93D-0E5,GBP,Completed,2024-08-18,Germany
TXN-171DE03A-8AC,USD,Failed,2023-12-14,Brazil
TXN-31C99DD2-DE4,INR,Failed,2023-11-16,UAE
TXN-ACBC75A6-358,EUR,Refunded,2024-01-07,Spain
TXN-66BD1724-B0E,JPY,Completed,2024-07-01,Singapore
TXN-FFC1BD99-51C,GBP,Refunded,2023-03-06,India
TXN-EE6C4A0E-7F0,USD,Completed,2024-08-10,China
TXN-3C29815D-ACD,GBP,Processing,2024-02-03,Norway
TXN-2A72555F-508,JPY,Failed,2024-04-21,Spain
TXN-D3E7912B-15D,USD,Refunded,2023-09-08,Switzerland
TXN-2A8CFCE3-236,CNY,Cancelled,2024-07-04,Australia
TXN-3B73F683-1E6,GBP,Cancelled,2023-12-16,Norway
TXN-84BC0A69-787,JPY,Failed,2023-04-12,Australia
TXN-BF295E0B-201,EUR,Failed,2023-04-13,Italy
TXN-DBC10BAC-193,AUD,Processing,2023-12-16,Switzerland
TXN-1FBCC5B5-314,EUR,Refunded,2024-04-18,Canada
TXN-78FBDD04-6E4,CHF,Cancelled,2023-05-03,Switzerland
TXN-54CE9709-412,CNY,Pending,2023-01-26,Canada
TXN-CEAF6549-2BC,SGD,Refunded,2024-07-13,Canada
TXN-A5DB7E14-C06,CAD,Pending,2023-09-02,UAE
TXN-5A16B9D6-791,SGD,Failed,2023-02-21,Italy
TXN-FF9FE889-38A,AUD,Cancelled,2023-04-30,China
TXN-E180F6FC-8F5,AED,Refunded,2023-11-08,Australia
TXN-D01598D7-83E,INR,Failed,2024-11-16,United States
TXN-FA63F747-B9A,INR,Failed,2023-03-12,Canada
TXN-54CEF129-34D,USD,Processing,2024-12-30,Canada
TXN-8CD2CEA2-5F9,USD,Refunded,2024-01-26,Switzerland
TXN-2ECBC82D-3D9,CHF,Pending,2024-12-04,Norway
TXN-8F3D1FDC-20D,INR,Processing,2024-05-22,Australia
TXN-237044EE-ADF,INR,Processing,2024-05-25,France
TXN-CADE702F-D89,USD,Refunded,2024-08-07,South Africa
TXN-954B8C2A-3BC,SGD,Pending,2024-04-14,Japan
TXN-3FA6C9B1-FA3,GBP,Pending,2023-04-27,Italy
TXN-1BC458DB-514,GBP,Failed,2024-02-17,United Kingdom
TXN-8754F34E-BF3,CAD,Failed,2024-02-22,Sweden
TXN-9C96E649-B31,AUD,Completed,2024-11-22,United States
TXN-165E8BC5-932,LKR,Completed,2024-02-27,Italy
TXN-51B1AFDF-60A,EUR,Failed,2024-06-03,India
TXN-F2DEE43E-83D,CAD,Processing,2023-06-03,Spain
TXN-7B29CCD6-614,INR,Failed,2023-10-13,Australia
TXN-B8C62616-2DC,AUD,Failed,2023-02-25,Switzerland
TXN-1F43C09C-C23,USD,Completed,2023-05-29,United Kingdom
TXN-9D5EF9D2-69C,LKR,Processing,2023-06-16,Spain
TXN-D7C8DA4D-983,JPY,Cancelled,2024-12-28,Australia
TXN-D832C579-AAB,EUR,Cancelled,2024-09-08,Canada
TXN-EDD2349B-BB0,AUD,Processing,2024-12-08,Netherlands
TXN-7283989C-E25,CHF,Processing,2023-11-17,Sri Lanka
TXN-ADE8D278-946,JPY,Pending,2024-06-04,Spain
TXN-E8EEAE1B-DC8,AUD,Completed,2024-11-01,South Africa
TXN-4CAF0F2D-065,CAD,Pending,2023-03-07,United Kingdom
TXN-E0A231AC-32B,CHF,Failed,2024-12-09,China
TXN-E0662B20-9D6,AED,Cancelled,2024-07-30,India
TXN-2AD77553-423,GBP,Pending,2024-06-30,Netherlands
TXN-8BB3A8C5-809,CAD,Cancelled,2024-05-06,China
TXN-C27002C9-596,AUD,Failed,2024-03-13,India
TXN-CB8C98C5-75C,SGD,Refunded,2024-09-21,Sri Lanka
TXN-DE2DC140-AC0,EUR,Failed,2023-01-23,France
TXN-EEBF9B01-03E,AED,Cancelled,2023-09-18,Norway
TXN-DF07A358-A14,LKR,Processing,2023-11-18,Sweden
TXN-B46AEAC3-9B4,JPY,Failed,2024-01-27,UAE
TXN-49E0E96B-3B1,CHF,Cancelled,2023-10-08,Japan
TXN-6972C919-3A0,CHF,Cancelled,2023-06-25,United Kingdom
TXN-A8360E75-1C4,INR,Completed,2024-11-17,United Kingdom
TXN-A6307B51-D8B,CAD,Pending,2023-11-17,United States
TXN-DBFED2D4-297,AUD,Processing,2023-04-10,South Africa
TXN-578EE400-28A,JPY,Processing,2024-07-17,Japan
TXN-CCFCDA0E-7E7,AUD,Completed,2023-01-31,Norway
TXN-6A708ABF-486,LKR,Completed,2023-06-19,Switzerland
TXN-B0AC27E3-441,CAD,Processing,2023-01-20,Spain
TXN-167B3350-6F1,JPY,Processing,2023-01-04,Spain
TXN-73422920-27F,CHF,Refunded,2024-04-28,Singapore
TXN-5028928B-9E3,LKR,Pending,2023-12-08,Germany
TXN-0355C6A3-72A,JPY,Completed,2023-08-07,Germany
TXN-597279D4-468,CHF,Cancelled,2023-09-05,Japan
TXN-6110E59F-A02,USD,Refunded,2024-08-23,Japan
TXN-0CA8FA9D-B42,USD,Completed,2024-12-24,China
TXN-D98FA658-F37,LKR,Completed,2024-05-13,Norway
TXN-138B806A-8EA,JPY,Pending,2023-06-10,Switzerland
TXN-AA96D2E7-2BD,INR,Cancelled,2023-12-18,Australia
TXN-2AF970A5-744,CNY,Completed,2024-02-26,Switzerland
TXN-8F14ADE9-408,AED,Cancelled,2023-08-28,Sweden
TXN-104399D2-AEB,INR,Processing,2023-05-13,China
TXN-FB640573-CB4,SGD,Refunded,2023-01-02,South Africa
TXN-5AF129BD-3D9,GBP,Cancelled,2023-11-03,UAE
TXN-62E3B53C-65A,CNY,Processing,2023-08-16,India
TXN-1B774E21-961,CAD,Completed,2023-12-08,China
TXN-EE2D180D-4B3,CNY,Refunded,2024-06-03,Germany
TXN-BCEB660D-777,GBP,Refunded,2023-08-12,Sweden
TXN-CADDEDC1-47D,LKR,Cancelled,2023-06-13,France
TXN-7A32D203-E2E,EUR,Refunded,2023-05-24,United Kingdom
TXN-ABCE7D13-E18,CHF,Pending,2024-12-13,Norway
TXN-5F6A3F8F-BDC,EUR,Completed,2024-04-29,Germany
TXN-AC643AAF-33B,USD,Completed,2023-10-28,Sweden
TXN-EE389F45-06C,SGD,Completed,2023-12-25,Norway
TXN-6B26C2C8-1A2,CAD,Refunded,2023-02-07,China
TXN-8EB10927-F45,AED,Completed,2024-10-18,Singapore
TXN-11E325CE-E7B,SGD,Refunded,2023-04-11,Brazil
TXN-C2BD33B5-252,CNY,Pending,2024-05-13,United Kingdom
TXN-EB178E94-163,SGD,Refunded,2023-02-25,Norway
TXN-16320EB2-C09,USD,Completed,2024-06-15,Norway
TXN-882D6C61-866,CHF,Processing,2023-05-19,Italy
TXN-1D185DBB-C07,SGD,Processing,2023-12-19,Sri Lanka
TXN-BA0E3243-911,SGD,Pending,2024-05-02,United Kingdom
TXN-EF09D4B8-1A7,AED,Pending,2024-08-16,Japan
TXN-08C00581-1BD,CHF,Cancelled,2023-05-04,Norway
TXN-BB1757A6-CEC,CAD,Pending,2023-12-05,Netherlands
TXN-DCBF9C8C-028,JPY,Processing,2024-01-17,Canada
TXN-DC256203-7B6,CAD,Processing,2024-04-26,Sweden
TXN-9ACCA649-7A7,LKR,Processing,2024-05-13,India
TXN-12C1D325-D13,USD,Failed,2023-02-28,Sweden
TXN-0C3F6641-CD5,CAD,Failed,2023-01-09,France
TXN-B8D8A716-5D5,AUD,Cancelled,2023-02-28,Japan
TXN-969A91DC-8EA,CNY,Failed,2023-06-26,Italy
TXN-25CADB66-E2C,CHF,Cancelled,2024-09-12,Netherlands
TXN-6B2BB7EE-662,USD,Failed,2023-05-27,Italy
TXN-56609935-157,JPY,Completed,2023-08-10,Australia
TXN-C7078C90-1B3,SGD,Processing,2023-04-28,United States
TXN-099B915C-342,LKR,Processing,2024-07-24,Switzerland
TXN-8FF29245-E44,USD,Refunded,2024-05-28,Canada
TXN-918DC21C-277,CHF,Pending,2024-02-13,Sweden
TXN-05AFA7E6-D5B,USD,Cancelled,2024-01-16,South Africa
TXN-3B644735-AB7,AED,Completed,2023-10-13,Singapore
TXN-61F44F4F-071,LKR,Refunded,2024-03-06,Sri Lanka
TXN-C99244EF-820,GBP,Completed,2024-09-26,Switzerland
TXN-5CCD1948-658,GBP,Processing,2023-07-24,Germany
TXN-B71072E1-532,CHF,Completed,2023-06-27,Netherlands
TXN-32D04C4C-0FF,GBP,Processing,2023-12-04,United States
TXN-D8439A80-B2F,SGD,Failed,2023-09-15,United States
TXN-C3049817-1D6,AUD,Pending,2024-01-16,India
TXN-1099D6AA-394,JPY,Processing,2023-01-26,United Kingdom
TXN-CDA4241C-DB7,CHF,Processing,2023-12-13,Australia
TXN-E47D7BD8-032,CAD,Processing,2024-01-23,UAE
TXN-9BA69334-D63,EUR,Completed,2024-06-23,Spain
TXN-B39CAA1D-CE4,CNY,Processing,2023-12-23,Brazil
TXN-B700647F-23F,CHF,Refunded,2024-05-16,UAE
TXN-CC9EB459-803,CNY,Processing,2023-04-25,United Kingdom
TXN-764B6C39-C44,SGD,Failed,2023-10-23,Norway
TXN-B5B02873-DDA,CHF,Failed,2024-12-17,India
TXN-AA62EE7C-11B,USD,Cancelled,2024-05-08,Norway
TXN-EE2DEEA6-977,AED,Processing,2024-01-25,Canada
TXN-D1BBC75C-BBC,EUR,Processing,2024-09-15,Sweden
TXN-FBFC9E5F-876,GBP,Completed,2024-02-26,Italy
TXN-6E7FCB06-558,CHF,Refunded,2023-09-01,Canada
TXN-3A1613BE-3D4,LKR,Refunded,2024-01-11,Sri Lanka
TXN-B233782C-C2A,LKR,Refunded,2024-03-31,Australia
TXN-51DAE584-4B6,CNY,Pending,2023-02-15,Japan
TXN-C0BAAD00-6C4,INR,Refunded,2024-12-10,Singapore
TXN-150492A3-60D,USD,Refunded,2023-03-18,Switzerland
TXN-774CF640-2D0,SGD,Cancelled,2024-09-27,United Kingdom
TXN-B7764BF5-217,GBP,Cancelled,2024-04-18,Italy
TXN-038FAC92-46E,EUR,Cancelled,2023-07-11,Australia
TXN-A92A3CB4-3BA,INR,Refunded,2024-07-26,Netherlands
TXN-009C7602-10D,INR,Pending,2024-03-26,Germany
TXN-476BB665-DA0,CNY,Processing,2023-12-28,Japan
TXN-5369DD8D-4A5,AED,Completed,2024-06-10,India
TXN-BDCFEB47-17E,CNY,Pending,2024-08-13,Canada
TXN-7E218DF3-71A,JPY,Processing,2023-03-07,Netherlands
TXN-A4FD506C-488,CHF,Failed,2024-10-01,Sweden
TXN-1401E0EB-69F,SGD,Completed,2023-05-08,Norway
TXN-E57D1AC6-F72,USD,Refunded,2023-07-12,South Africa
TXN-E9446BF9-6F8,GBP,Completed,2024-02-07,United States
TXN-73A4566D-7C3,AUD,Completed,2023-03-23,South Africa
TXN-6009AF93-A58,EUR,Failed,2024-06-07,Brazil
TXN-09777805-4A3,INR,Failed,2024-06-01,Spain
TXN-E1EB75B3-1F0,AUD,Completed,2023-04-12,Norway
TXN-517C6C4B-572,INR,Cancelled,2024-04-07,South Africa
TXN-C2127C38-CB4,LKR,Pending,2024-04-26,China
TXN-52D9E539-A9C,CNY,Failed,2024-08-12,UAE
TXN-30BACFFE-E2D,USD,Pending,2024-05-25,Canada
TXN-7FD40FFE-F23,EUR,Pending,2023-01-13,China
TXN-3942A503-95F,LKR,Cancelled,2023-09-12,Brazil
TXN-EA998390-95B,SGD,Refunded,2023-10-28,Australia
TXN-37B1E80F-06A,USD,Refunded,2024-05-24,Japan
TXN-945D68AC-8E8,CAD,Processing,2023-12-22,France
TXN-57D01D5F-733,CHF,Completed,2023-11-29,South Africa
TXN-C544A4A1-E10,CHF,Cancelled,2024-11-24,Brazil
TXN-834510DF-69E,EUR,Processing,2023-10-01,South Africa
TXN-4F4E6DE7-F2A,LKR,Refunded,2023-09-11,Sri Lanka
TXN-34B185A0-0F0,LKR,Pending,2023-07-19,India
TXN-C5AF5E0D-B22,CHF,Completed,2024-02-24,United States
TXN-D58AAE2E-CCE,INR,Processing,2023-11-18,Singapore
TXN-5AD35936-BE0,USD,Failed,2023-09-19,South Africa
TXN-60B10D39-630,INR,Completed,2024-12-01,Spain
TXN-AFF8E18C-D91,AED,Completed,2024-07-04,United Kingdom
TXN-908F1D75-F8A,CHF,Processing,2024-05-23,United Kingdom
TXN-9F9C0293-EEE,EUR,Completed,2024-05-04,Norway
TXN-6D322708-993,JPY,Pending,2023-10-27,Australia
TXN-A71FFB5A-F3B,AUD,Completed,2024-06-27,Canada
TXN-C469B063-714,CAD,Pending,2024-09-02,Canada
TXN-275BB981-4B3,LKR,Failed,2023-02-12,Canada
TXN-FF7DA07E-B85,GBP,Processing,2024-06-04,India
TXN-17B20FC1-B2C,LKR,Failed,2024-08-04,France
TXN-F4F0161E-D56,GBP,Pending,2024-01-01,China
TXN-C42513A0-B38,AUD,Pending,2024-10-13,Germany
TXN-8603D410-8E1,AUD,Refunded,2023-06-20,Netherlands
TXN-827B1245-398,GBP,Processing,2023-06-26,United Kingdom
TXN-7DEAB8F8-2F3,CNY,Pending,2023-02-13,Germany
TXN-559F9D46-158,AED,Completed,2024-07-09,Spain
TXN-D3DBC23F-E31,AED,Failed,2024-03-29,China
TXN-E6F7B2AC-FB8,CNY,Refunded,2024-09-23,India
TXN-019F142A-F65,JPY,Refunded,2023-04-19,Sweden
TXN-9F57F305-6B4,AED,Completed,2023-03-19,France
TXN-0AEC9BA3-FB8,AED,Cancelled,2024-09-22,Netherlands
TXN-07F38BF5-A33,USD,Refunded,2024-04-18,Sri Lanka
TXN-DDE613E4-7AB,AUD,Pending,2023-10-15,Norway
TXN-D15C8DCC-F40,EUR,Refunded,2024-10-07,Norway
TXN-5C3B1188-269,CHF,Processing,2024-08-22,Germany
TXN-89072496-E3A,USD,Cancelled,2024-08-02,United Kingdom
TXN-F95E09CC-6D5,GBP,Processing,2024-07-07,United States
TXN-37854E85-BEF,AUD,Processing,2023-12-01,United Kingdom
TXN-E785EEA9-EFD,INR,Pending,2024-10-22,Germany
TXN-9F5584F6-8CA,CNY,Failed,2023-01-17,United States
TXN-02F11588-982,JPY,Cancelled,2024-08-10,Germany
TXN-2A6A7F89-83F,AED,Failed,2024-03-08,Italy
TXN-479C070D-4C5,AED,Cancelled,2024-01-26,India
TXN-9B327C4A-26A,CAD,Cancelled,2024-07-24,Netherlands
TXN-6849E468-B0D,CHF,Completed,2024-02-27,Japan
TXN-C66C0D1F-2B7,AUD,Completed,2024-09-11,France
TXN-8AEE8D31-F72,AUD,Failed,2024-07-02,Sri Lanka
TXN-BDE7975C-79E,CNY,Failed,2024-02-13,Sweden
TXN-4CCD8FC0-DAC,JPY,Cancelled,2023-02-13,Sri Lanka
TXN-0C832244-F2F,LKR,Pending,2024-09-08,United States
TXN-345663EE-7F1,CAD,Failed,2023-08-02,India
TXN-614425F4-910,LKR,Processing,2023-05-25,Sri Lanka
TXN-08102961-F2E,INR,Completed,2024-02-06,Spain
TXN-AB4555D9-0DC,USD,Failed,2024-05-18,UAE
TXN-763EE313-12B,USD,Cancelled,2023-03-22,Germany
TXN-6AA77D62-5D3,JPY,Failed,2023-08-02,Canada
TXN-D845C76A-427,USD,Processing,2023-05-24,UAE
TXN-CC76E3A7-D86,SGD,Pending,2024-12-17,Netherlands
TXN-9CF5D100-E34,CNY,Failed,2024-10-05,UAE
TXN-EF1D7640-BD6,LKR,Failed,2024-06-04,Australia
TXN-150F2B25-C15,INR,Failed,2023-07-04,Italy
TXN-5A7EC05C-252,EUR,Cancelled,2024-01-02,Japan
TXN-A060DB92-D08,GBP,Refunded,2024-06-16,United States
TXN-AE0027E5-FD7,USD,Completed,2023-06-20,United States
TXN-3877BEF2-ED7,CAD,Refunded,2024-07-01,UAE
TXN-20C5D4CD-6E0,INR,Failed,2023-01-08,United States
TXN-940429BD-629,JPY,Completed,2024-09-01,United Kingdom
TXN-3F424BE9-424,CNY,Pending,2024-03-03,India
TXN-C0CAA817-498,USD,Completed,2023-07-04,Sri Lanka
TXN-0BE9F184-2B9,JPY,Pending,2023-02-16,Italy
TXN-1AC4BD42-5EE,INR,Pending,2023-04-25,Sri Lanka
TXN-151CB541-FBF,EUR,Cancelled,2024-03-04,United States
TXN-67F7FB86-008,CNY,Refunded,2023-03-04,Netherlands
TXN-31BE7F38-63D,USD,Completed,2024-01-12,Netherlands
TXN-F9872F4D-B2F,LKR,Completed,2024-07-16,UAE
TXN-69747892-77A,LKR,Cancelled,2024-10-10,Italy
TXN-0BCF1F61-9AE,CHF,Failed,2024-09-09,Switzerland
TXN-7FF5A12F-578,CAD,Pending,2023-05-31,Australia
TXN-DC3E9BB0-327,JPY,Pending,2024-06-16,South Africa
TXN-AC22A1E8-16E,INR,Refunded,2024-06-02,Switzerland
TXN-74D89301-C15,SGD,Completed,2024-06-05,Canada
TXN-0E4A3D2F-C68,CNY,Refunded,2024-04-03,South Africa
TXN-F7FC9760-8B3,AUD,Cancelled,2024-03-18,Australia
TXN-4DFF5612-2B6,AUD,Cancelled,2023-12-09,Sri Lanka
TXN-9163D711-58A,INR,Cancelled,2024-01-09,Norway
TXN-04B4722B-1FC,AUD,Completed,2024-12-17,Germany
TXN-AF721599-C2B,GBP,Refunded,2024-11-25,Switzerland
TXN-821F8B9F-F1E,JPY,Pending,2024-12-02,Switzerland
TXN-7A147625-6B1,INR,Pending,2024-02-01,France
TXN-52DD4AB2-F9C,EUR,Failed,2024-03-23,India
TXN-1016EEF2-6BD,CAD,Processing,2023-06-11,Spain
TXN-F41016B2-6AE,CNY,Processing,2023-05-13,Sri Lanka
TXN-DC0C4BD2-DA3,GBP,Processing,2023-12-19,Italy
TXN-4DCAD0E3-4DC,AUD,Completed,2023-07-31,Netherlands
TXN-C3B42075-695,AED,Refunded,2024-12-19,China
TXN-01FFEC83-71E,SGD,Completed,2024-04-23,Australia
TXN-5FC17BCF-3BB,JPY,Completed,2024-04-16,South Africa
TXN-BDBCF84E-80A,CAD,Pending,2023-04-27,South Africa
TXN-7EFBE727-4B7,USD,Completed,2023-10-19,Spain
TXN-332D04CF-D87,LKR,Completed,2023-03-31,Netherlands
TXN-4734A2C4-C81,CAD,Refunded,2024-09-02,Switzerland
TXN-95B3AF2A-F55,AUD,Refunded,2024-06-29,Sweden
TXN-CEA21C54-4E7,AUD,Failed,2024-10-12,Japan
TXN-2551001E-EC2,LKR,Failed,2023-06-16,Switzerland
TXN-E90FC2A9-2A1,EUR,Failed,2024-03-20,South Africa
TXN-BD26EEDD-D81,LKR,Pending,2023-06-30,Italy
TXN-F593202D-CC0,USD,Cancelled,2024-12-25,Spain
TXN-97266D9D-5C7,AUD,Pending,2024-04-08,Switzerland
TXN-6492FFDD-634,AED,Pending,2024-11-21,United States
TXN-1E9E94D6-BE9,AED,Cancelled,2024-11-09,UAE
TXN-BA814C37-314,CNY,Failed,2024-12-02,United States
TXN-C00BD812-786,LKR,Completed,2024-10-15,Brazil
TXN-6D4C8637-E48,AUD,Failed,2023-03-24,United States
TXN-C58FBFEA-302,LKR,Refunded,2024-04-30,Japan
TXN-CF0F74CB-B69,AED,Refunded,2024-04-19,Sweden
TXN-E1E87AE5-314,JPY,Processing,2023-06-26,Norway
TXN-A087FE7E-57F,EUR,Processing,2024-04-02,China
TXN-DC163489-2FE,CNY,Pending,2024-11-05,China
TXN-C016CBE6-950,LKR,Pending,2023-02-08,France
TXN-0C738263-885,GBP,Failed,2023-01-31,United States
TXN-3661456D-19B,LKR,Pending,2024-05-07,Sri Lanka
TXN-85D80E84-E18,JPY,Cancelled,2024-04-24,Sri Lanka
TXN-F66115EA-21C,JPY,Refunded,2024-08-31,Germany
TXN-BDEE787D-A1F,SGD,Processing,2024-02-06,Brazil
TXN-FB4CFE7A-E23,AED,Refunded,2024-11-23,Netherlands
TXN-EBFC6AE9-B79,AED,Refunded,2024-01-24,China
TXN-D79F9CEB-D96,SGD,Pending,2023-09-16,France
TXN-080CDE0E-9FF,INR,Processing,2024-03-23,Netherlands
TXN-1247DCD4-593,USD,Completed,2023-05-02,Netherlands
TXN-1C0166F5-23B,AED,Completed,2024-07-19,Brazil
TXN-360C4FC6-45F,EUR,Pending,2023-06-13,South Africa
TXN-E15D1B8B-95D,CHF,Pending,2024-01-05,India
TXN-8C883F81-708,LKR,Cancelled,2024-09-30,Germany
TXN-F608B4A1-06B,INR,Cancelled,2023-04-28,Japan
TXN-D871D06E-776,INR,Refunded,2023-11-19,Brazil
TXN-C1F64C40-BEB,LKR,Pending,2023-08-24,Brazil
TXN-92A2ED75-BBB,GBP,Cancelled,2023-10-31,France
TXN-1AF28B0F-5D5,CNY,Cancelled,2024-12-30,Canada
TXN-FEF0A9DD-88E,LKR,Pending,2023-11-06,France
TXN-D416BA1E-74E,JPY,Refunded,2024-04-29,UAE
TXN-4C94F539-550,CHF,Completed,2023-04-25,UAE
TXN-18FFD9D8-A91,INR,Failed,2024-09-27,Netherlands
TXN-4B5503F4-44D,CHF,Cancelled,2023-05-23,South Africa
TXN-A3EF68DE-717,CNY,Cancelled,2024-05-02,United Kingdom
TXN-1644F798-576,CAD,Processing,2023-09-29,Italy
TXN-C73BF1EE-1FB,CAD,Pending,2024-03-22,UAE
TXN-EA7B6F78-74C,CHF,Refunded,2024-11-30,Norway
TXN-3BAC1D4B-A44,SGD,Pending,2024-06-01,Sri Lanka
TXN-7973B223-C5A,INR,Processing,2023-05-13,Sweden
TXN-4A90BAA9-0C3,CHF,Processing,2023-07-12,Switzerland
TXN-06133532-059,GBP,Cancelled,2023-08-02,United States
TXN-E245314E-9B3,JPY,Completed,2024-09-25,Netherlands
TXN-CF475882-58C,SGD,Refunded,2023-02-10,Spain
TXN-E4BFE4D4-BF9,CHF,Refunded,2024-07-31,Spain
TXN-3507DFCA-DD8,CAD,Cancelled,2024-10-15,United States
TXN-2A164AE8-5B3,CAD,Refunded,2023-06-13,South Africa
TXN-5C0CB53C-135,INR,Completed,2023-11-21,South Africa
TXN-35056EC6-7EA,INR,Completed,2023-06-17,Spain
TXN-67763FAA-B79,LKR,Completed,2023-02-02,South Africa
TXN-3B1C20CF-960,CNY,Cancelled,2024-03-22,South Africa
TXN-B2C03D95-9B9,USD,Pending,2023-06-04,Brazil
TXN-5540CA68-680,EUR,Failed,2023-08-29,Sri Lanka
TXN-543027CA-E2A,CAD,Failed,2023-03-27,Canada
TXN-1524D401-22A,EUR,Cancelled,2023-04-12,Singapore
TXN-6359E058-E4F,CHF,Refunded,2024-10-03,Germany
TXN-BEB8A48A-1FC,LKR,Processing,2023-05-16,United Kingdom
TXN-AC98F6C0-A5C,EUR,Completed,2023-09-21,South Africa
TXN-AF895473-47E,EUR,Failed,2023-10-22,Germany
TXN-C8E51B43-91C,USD,Completed,2023-11-08,UAE
TXN-18A06EF6-EA2,AED,Refunded,2023-04-01,United States
TXN-ADEDD920-AA3,CNY,Processing,2023-05-30,Brazil
TXN-8B15EF4D-6C8,CAD,Refunded,2023-12-10,United Kingdom
TXN-8BBE17BD-916,CNY,Cancelled,2024-01-11,Germany
TXN-50269DB6-8FA,AUD,Refunded,2024-08-20,Australia
TXN-3F1FD31D-E3E,LKR,Refunded,2024-02-22,Spain
TXN-6C4A5066-E03,CHF,Refunded,2024-05-08,Spain
TXN-889A8456-797,AED,Pending,2023-11-14,Singapore
TXN-C43AE08B-6B8,GBP,Refunded,2023-07-09,South Africa
TXN-223841A5-AD6,CAD,Completed,2023-04-09,UAE
TXN-C5A31C1E-592,GBP,Failed,2024-04-11,United Kingdom
TXN-916E353B-CC8,GBP,Refunded,2023-04-27,Italy
TXN-B16DE758-C21,AUD,Completed,2024-04-03,Switzerland
TXN-CA5413B8-793,SGD,Cancelled,2024-08-23,UAE
TXN-D3C8772C-584,USD,Processing,2023-08-02,Brazil
TXN-41007394-CEF,CAD,Processing,2024-06-18,UAE
TXN-4F98C36E-88E,LKR,Refunded,2023-03-03,Germany
TXN-9558C56F-984,AED,Pending,2024-02-24,United Kingdom
TXN-2B9166A4-F45,CAD,Refunded,2024-11-15,Sweden
TXN-105DA67B-4D9,GBP,Refunded,2023-06-21,Spain
TXN-0E04E6AA-8D1,EUR,Refunded,2023-02-19,Germany
TXN-739FEC41-836,EUR,Completed,2023-01-20,Sri Lanka
TXN-04EE3679-26E,EUR,Pending,2023-07-05,Sri Lanka
TXN-6E1B448F-CCE,INR,Pending,2024-11-13,Australia
TXN-A6A27ADB-5FF,AUD,Pending,2023-09-19,India
TXN-3B937905-62A,LKR,Pending,2023-11-29,UAE
TXN-B210688C-1A2,EUR,Refunded,2024-07-01,Sweden
TXN-C2FB5706-61D,INR,Pending,2024-06-03,Sri Lanka
TXN-F07D0A2A-C62,USD,Completed,2024-06-25,South Africa
TXN-BBCF888C-D7C,INR,Cancelled,2024-04-06,Italy
TXN-5664608C-45E,INR,Pending,2023-09-03,China
TXN-07AABBF4-0EF,AED,Failed,2023-10-12,Australia
TXN-3CA1F456-D74,LKR,Refunded,2024-11-29,Sri Lanka
TXN-14C635F2-B42,LKR,Refunded,2024-11-18,Singapore
TXN-929B5E9A-A4B,INR,Pending,2023-09-28,South Africa
TXN-ED8DE9C6-B30,GBP,Refunded,2024-10-28,Australia
TXN-C970AED9-EA8,LKR,Cancelled,2024-09-22,Sri Lanka
TXN-38936E46-971,GBP,Pending,2023-10-02,Brazil
TXN-ECC7483F-955,CAD,Failed,2023-11-25,Australia
TXN-8298294E-5EB,AED,Completed,2023-10-29,France
TXN-E8C76287-D3A,CAD,Pending,2024-03-09,Japan
TXN-19C26CD1-FC2,USD,Refunded,2023-04-11,France
TXN-C4F0E58A-9CB,USD,Completed,2024-09-05,UAE
TXN-1A43C8F0-51A,SGD,Processing,2023-03-01,Singapore
TXN-0C4F3F94-49A,AUD,Refunded,2024-04-19,Norway
TXN-19FCAA0C-D69,INR,Cancelled,2023-02-26,United Kingdom
TXN-4C76568D-40B,USD,Cancelled,2024-05-09,Norway
TXN-33437290-589,GBP,Refunded,2024-07-02,United States
TXN-E1F1EC2C-747,EUR,Pending,2023-12-06,Netherlands
TXN-8213782C-6B3,LKR,Refunded,2024-05-01,Brazil
TXN-13E06751-110,USD,Cancelled,2024-03-02,Sri Lanka
TXN-B68B0710-7A8,CHF,Processing,2024-04-11,France
TXN-3CD76A17-B11,CHF,Cancelled,2023-01-16,United States
TXN-1907FCA8-66B,GBP,Cancelled,2023-02-10,Singapore
TXN-045BAB31-FC7,JPY,Refunded,2024-04-10,Canada
TXN-6EA652D0-AAA,EUR,Failed,2023-12-12,Germany
TXN-AD1A0706-17B,GBP,Pending,2023-05-08,China
TXN-438835F2-5D8,JPY,Failed,2024-08-22,Germany
TXN-477170B5-AB5,GBP,Completed,2024-03-12,Italy
TXN-3D32A6F8-9D3,EUR,Pending,2023-05-07,Australia
TXN-FD978F3F-B6E,CAD,Completed,2024-04-01,Germany
TXN-6A18D8F3-30D,CNY,Refunded,2024-07-29,Sri Lanka
TXN-4BD0F297-298,CHF,Refunded,2024-09-25,India
TXN-FDE78F24-EAF,CAD,Cancelled,2023-12-20,Brazil
TXN-D1C7185D-B3C,AUD,Cancelled,2023-02-25,Switzerland
TXN-29B966C8-C03,GBP,Refunded,2023-12-26,UAE
TXN-ED7BA490-92E,CAD,Completed,2023-06-23,United States
TXN-D576EA60-D9C,USD,Failed,2023-02-17,Japan
TXN-CC3CD6F1-714,SGD,Processing,2023-12-25,Netherlands
TXN-C28C4B1D-E2A,USD,Processing,2023-07-23,Germany
TXN-C04E7230-A43,CAD,Refunded,2024-06-09,Italy
TXN-5AA195BC-72A,AUD,Processing,2023-05-20,Norway
TXN-FBFD31D4-36A,AED,Refunded,2024-11-25,France
TXN-D85373E7-03B,GBP,Processing,2023-05-22,Australia
TXN-07365025-5F9,JPY,Processing,2024-11-09,Germany
TXN-0EE09E38-175,AED,Completed,2023-06-16,Australia
TXN-05A59013-989,CAD,Failed,2024-10-16,Singapore
TXN-AC946FCC-844,AED,Refunded,2024-06-11,Norway
TXN-6C7E7207-AF7,CHF,Pending,2023-02-22,South Africa
TXN-1AF19FB9-9B1,INR,Processing,2024-07-30,Germany
TXN-D10294E6-DA3,AUD,Refunded,2024-06-04,China
TXN-3D067A1B-CF2,JPY,Processing,2023-11-20,United States
TXN-84B613C2-AE6,SGD,Processing,2023-01-23,Italy
TXN-710177D5-547,JPY,Cancelled,2023-08-27,United Kingdom
TXN-F83540DC-6E9,CNY,Failed,2024-11-11,Sri Lanka
TXN-EB61FACF-04B,SGD,Completed,2023-10-01,Norway
TXN-F637161B-BAB,EUR,Processing,2023-02-04,South Africa
TXN-07E20AFA-F68,CNY,Failed,2024-10-11,United Kingdom
TXN-8D342B75-0F2,GBP,Cancelled,2023-01-18,Italy
TXN-5B40B613-6C6,GBP,Failed,2024-09-16,United States
TXN-B9AFF48B-166,GBP,Processing,2023-12-08,India
TXN-8778E7F5-038,GBP,Failed,2023-10-25,Sweden
TXN-130B0FC8-C0D,JPY,Failed,2024-04-25,India
TXN-A6C73E4B-B5D,CHF,Refunded,2024-05-24,Sri Lanka
TXN-8CB0B5C7-833,CNY,Processing,2024-04-13,Norway
TXN-D32F1A79-DC1,CNY,Failed,2023-06-08,China
TXN-F36107B1-FD9,GBP,Pending,2023-06-18,Singapore
TXN-10499C87-E3D,CHF,Completed,2023-06-30,Singapore
TXN-8B1CA644-1CF,EUR,Cancelled,2024-03-21,Norway
TXN-8C7695B4-0F1,GBP,Completed,2024-10-29,United Kingdom
TXN-3DC6CD98-D32,CAD,Processing,2024-07-13,Sri Lanka
TXN-0965972B-D80,USD,Cancelled,2023-12-20,India
TXN-1B026729-7D6,LKR,Processing,2024-11-15,Netherlands
TXN-57468DA8-E60,CAD,Completed,2024-06-06,Sri Lanka
TXN-BE175582-E98,GBP,Completed,2024-06-13,Spain
TXN-DF63D889-321,CHF,Processing,2023-10-09,Italy
TXN-520CC32E-204,JPY,Pending,2023-03-23,Sweden
TXN-F56C8253-4B9,CHF,Cancelled,2023-01-01,South Africa
TXN-2E990063-FC3,CAD,Pending,2024-12-26,UAE
TXN-BA515CD6-FAA,USD,Refunded,2024-09-25,Netherlands
TXN-BFAF9A23-0AD,INR,Processing,2023-04-26,China
TXN-E54C4D78-0ED,SGD,Failed,2024-01-25,Spain
TXN-D6668EBA-B47,USD,Processing,2024-07-15,Netherlands
TXN-3A9FACF3-378,LKR,Processing,2024-01-30,Switzerland
TXN-335D199A-A54,GBP,Completed,2024-02-03,India
TXN-0DF49345-643,AED,Failed,2024-12-04,Netherlands
TXN-E262B759-171,INR,Refunded,2024-03-17,France
TXN-5CBC9EBF-A22,LKR,Pending,2024-01-29,Canada
TXN-0E1200BA-20A,JPY,Processing,2024-09-20,Spain
TXN-4DCE6B09-5C0,USD,Completed,2023-08-18,France
TXN-14F9F816-5F0,AUD,Refunded,2023-04-22,Netherlands
TXN-02CC5578-32A,LKR,Pending,2023-12-04,Italy
TXN-F801B731-AAE,INR,Completed,2023-11-30,Japan
TXN-158C6CA3-91D,SGD,Cancelled,2023-09-27,South Africa
TXN-D68C5445-034,CHF,Pending,2024-06-02,China
TXN-7B19A980-15F,JPY,Failed,2024-05-07,Brazil
TXN-6E37FA13-3E2,SGD,Pending,2024-10-12,China
TXN-D9FB0EA2-8F3,JPY,Processing,2023-02-18,UAE
TXN-D0D9942C-FB4,INR,Failed,2023-12-06,Sweden
TXN-C6ED3003-DC4,AED,Failed,2023-10-30,India
TXN-4D646876-79F,USD,Processing,2023-07-31,United Kingdom
TXN-EB777545-7B9,EUR,Completed,2023-06-07,Netherlands
TXN-D5774E05-A7A,JPY,Refunded,2024-05-30,Sweden
TXN-0AAC1977-8FD,JPY,Pending,2024-06-17,United Kingdom
TXN-4BD761F5-F0A,CAD,Cancelled,2023-01-12,Japan
TXN-7583F637-5D3,INR,Failed,2023-12-12,Canada
TXN-0B69A9EB-DE5,AED,Processing,2024-02-01,South Africa
TXN-85B4959F-7B5,INR,Refunded,2024-04-10,United States
TXN-066A4D5C-D1C,EUR,Refunded,2023-12-09,United States
TXN-8F14EECB-463,JPY,Cancelled,2024-06-03,Canada
TXN-FD5B0992-5F3,EUR,Cancelled,2023-12-19,Singapore
TXN-1CA1C49F-737,INR,Refunded,2024-02-14,Italy
TXN-7D645097-849,JPY,Completed,2023-11-27,Italy
TXN-8915D89F-424,LKR,Pending,2023-08-26,UAE
TXN-B5E107CB-029,AED,Pending,2023-05-23,South Africa
TXN-7F498789-4C0,EUR,Completed,2023-03-28,Singapore
TXN-06FC9207-E20,CAD,Cancelled,2024-01-30,Switzerland
TXN-F2FC9EC3-3FF,CNY,Cancelled,2023-04-18,Spain
TXN-2DD164E3-8DE,SGD,Refunded,2023-09-22,Netherlands
TXN-38F2D464-664,AUD,Processing,2024-04-07,Germany
TXN-1430A477-FF2,CNY,Completed,2023-12-26,Switzerland
TXN-96EC9ADF-F8B,LKR,Failed,2023-06-11,France
TXN-F74F6D2B-A2B,CAD,Pending,2023-04-16,Italy
TXN-157CFC6B-B21,AUD,Processing,2024-02-14,UAE
TXN-EB8432D2-3FD,CAD,Pending,2024-07-17,India
TXN-BA3F12B4-5A1,EUR,Pending,2023-12-02,Switzerland
TXN-C027C231-017,CNY,Processing,2023-07-29,Norway
TXN-B5436726-568,JPY,Completed,2024-03-01,Sri Lanka
TXN-03903B43-AE7,USD,Failed,2024-11-01,United States
TXN-DC976D03-DC7,GBP,Refunded,2023-03-08,UAE
TXN-7FD65D0B-B63,AUD,Refunded,2024-07-02,China
TXN-1924DC6B-0FC,LKR,Cancelled,2024-10-13,Switzerland
TXN-3A220C2A-6EF,INR,Cancelled,2024-07-13,Italy
TXN-50B494BF-06A,CHF,Failed,2023-06-03,Singapore
TXN-E7294F0A-186,USD,Failed,2024-08-24,Spain
TXN-D6647819-631,USD,Cancelled,2023-09-22,France
TXN-6D01A029-CF6,LKR,Failed,2023-01-02,Spain
TXN-9FDFA37C-B51,USD,Processing,2024-12-22,Singapore
TXN-CBB7132F-0BB,INR,Cancelled,2023-08-19,South Africa
TXN-7D73FDE9-F6B,CNY,Cancelled,2024-04-13,China
TXN-AB5F4C07-C6F,USD,Pending,2023-01-08,Netherlands
TXN-646242FB-BFB,EUR,Processing,2023-10-24,Canada
TXN-3FC04C59-C17,JPY,Cancelled,2024-09-21,Italy
TXN-96B938CD-D39,JPY,Completed,2024-10-02,UAE
TXN-98E0B5DF-59F,AED,Failed,2024-06-09,India
TXN-9B919A13-7A9,USD,Failed,2024-02-19,Canada
TXN-0CB5D5DF-2C0,AED,Completed,2024-12-28,Brazil
TXN-27348068-814,CHF,Processing,2023-06-06,China
TXN-90E17FBD-7A1,USD,Processing,2024-05-29,Sweden
TXN-2DC92B46-F0D,EUR,Completed,2024-12-09,United Kingdom
TXN-7F6DDE1C-68C,USD,Failed,2023-09-21,Sweden
TXN-710BD711-273,CHF,Failed,2024-09-07,Sweden
TXN-93C7802A-F7A,LKR,Failed,2023-09-16,Spain
TXN-1E8002C2-C94,CNY,Refunded,2024-11-27,Spain
TXN-48112C96-3B2,AUD,Pending,2024-07-30,Italy
TXN-242307E5-56F,AUD,Processing,2024-01-18,Germany
TXN-C17B6939-F60,JPY,Failed,2023-10-19,India
TXN-910C115C-71D,INR,Refunded,2023-06-10,United States
TXN-0F32E207-113,JPY,Refunded,2023-01-07,Sri Lanka
TXN-05AE4F95-9AD,SGD,Failed,2024-10-29,Brazil
TXN-7BEEDB21-D25,LKR,Cancelled,2024-02-29,Netherlands
TXN-A0C3D8A3-D16,CNY,Refunded,2023-03-17,Spain
TXN-A71F84EF-700,EUR,Failed,2024-09-27,Italy
TXN-02C1F476-C26,CAD,Cancelled,2023-04-27,Japan
TXN-95B41B66-67E,CAD,Processing,2023-07-28,United States
TXN-CD45F90D-655,GBP,Processing,2024-01-24,Italy
TXN-885CC92B-003,LKR,Cancelled,2024-08-14,United Kingdom
TXN-E3BF39AD-8A7,CHF,Failed,2023-03-12,Germany
TXN-04617C1E-C4E,AED,Completed,2024-07-22,United Kingdom
TXN-2288FC43-B0B,AUD,Cancelled,2023-09-16,Canada
TXN-FD1C7821-71F,AED,Failed,2024-03-29,Italy
TXN-4E4027BB-F55,SGD,Cancelled,2023-03-20,United States
TXN-C93496B4-483,LKR,Pending,2023-11-25,Norway
TXN-C5CDF4EB-832,USD,Cancelled,2023-01-31,Germany
TXN-75AE7D21-126,JPY,Completed,2024-01-27,Spain
TXN-5B7B0331-D6C,CHF,Processing,2024-07-16,Australia
TXN-182B7976-89C,LKR,Completed,2023-10-09,Canada
TXN-AAD94ADB-996,CHF,Refunded,2024-11-02,United Kingdom
TXN-B7BE0FEA-A2C,LKR,Pending,2023-06-04,Norway
TXN-CCB40341-C99,INR,Completed,2024-11-17,Netherlands
TXN-0802D697-4F8,JPY,Failed,2023-12-25,Netherlands
TXN-0044C207-253,CAD,Processing,2024-07-03,United States
TXN-7B2A82BF-BA2,SGD,Cancelled,2023-08-28,Norway
TXN-0AEBDDFB-CFA,SGD,Refunded,2024-10-17,United States
TXN-D561C365-FAF,CAD,Processing,2024-05-06,Singapore
TXN-76E7683B-FAC,LKR,Processing,2024-09-18,Netherlands
TXN-2A17C6DE-033,SGD,Completed,2023-02-07,Brazil
TXN-AE99645F-05E,AUD,Completed,2023-11-07,India
TXN-61E9502E-231,CNY,Refunded,2024-01-01,India
TXN-3B9DDA82-0BC,AUD,Completed,2023-12-13,Sri Lanka
TXN-BA471C44-196,AUD,Completed,2023-07-17,Australia
TXN-E24558EF-41C,LKR,Cancelled,2024-12-13,China
TXN-B3BC8E15-335,GBP,Cancelled,2023-09-05,Norway
TXN-20E0C16A-D41,GBP,Pending,2024-01-08,Sri Lanka
TXN-C260A247-BA4,CAD,Cancelled,2024-01-26,Japan
TXN-CEC8F4E3-C43,USD,Failed,2024-11-26,Italy
TXN-E4076B53-B59,CHF,Refunded,2023-10-13,UAE
TXN-A3575B4F-9A0,AUD,Refunded,2024-05-24,Singapore
TXN-CE61056A-157,SGD,Processing,2024-09-04,UAE
TXN-A7AB4895-365,AUD,Refunded,2023-05-18,Netherlands
TXN-FB7A448D-B36,EUR,Cancelled,2024-05-26,Australia
TXN-D5498BF8-180,USD,Pending,2023-03-03,India
TXN-3D63EA22-AB9,CHF,Processing,2023-02-13,Japan
TXN-8FF9F1DA-AD1,AUD,Completed,2023-02-01,Spain
TXN-48E24BED-233,AUD,Pending,2023-08-21,Sweden
TXN-29BB90BD-FC6,JPY,Pending,2023-04-23,Netherlands
TXN-0705B408-B70,EUR,Failed,2023-05-20,Germany
TXN-6BFC05A5-B23,CHF,Pending,2023-08-29,UAE
TXN-87AF7641-BB7,LKR,Refunded,2023-12-17,Germany
TXN-B0A08254-E40,CHF,Failed,2023-09-14,Brazil
TXN-7061F183-6F8,GBP,Pending,2023-08-28,Singapore
TXN-DCCF2811-835,CNY,Completed,2024-06-22,Italy
TXN-F5C57867-5A4,LKR,Pending,2024-05-14,France
TXN-686471A9-2B0,USD,Pending,2023-10-11,France
TXN-79D69EA9-7BC,CAD,Refunded,2024-02-02,France
TXN-B50FC0CF-F13,INR,Refunded,2023-07-09,Switzerland
TXN-E678CC62-344,CAD,Pending,2023-05-26,Japan
TXN-D6987371-E40,EUR,Refunded,2023-01-02,Sweden
TXN-5124D05D-18C,CNY,Pending,2023-11-06,Italy
TXN-5652BBAC-A44,USD,Refunded,2024-08-28,Australia
TXN-2A00294E-0CA,EUR,Completed,2023-11-25,Italy
TXN-260F6ADC-51D,SGD,Cancelled,2024-03-15,Netherlands
TXN-B9B797A4-A45,JPY,Refunded,2024-02-27,India
TXN-25528A0D-B7D,CNY,Cancelled,2023-09-28,Singapore
TXN-FC2C4E4A-A18,JPY,Failed,2024-02-03,Brazil
TXN-6C1F2AEC-ED0,EUR,Failed,2024-04-14,Canada
TXN-E4F944FF-392,CNY,Refunded,2024-01-14,Australia
TXN-028A3D87-D43,AUD,Refunded,2023-07-08,China
TXN-05AB8200-358,CHF,Cancelled,2024-03-18,France
TXN-FB2E68A7-6AD,EUR,Refunded,2023-09-11,Brazil
TXN-910D4A72-0F6,SGD,Cancelled,2024-12-23,India
TXN-E00A1F62-9FE,CAD,Pending,2024-07-27,India
TXN-09B267DF-6F4,JPY,Refunded,2024-05-02,Italy
TXN-C2891ECB-65C,JPY,Cancelled,2024-10-22,Switzerland
TXN-DC59A7A7-D38,INR,Processing,2023-01-26,China
TXN-495218CC-A95,USD,Cancelled,2024-07-11,Norway
TXN-1C5B6F7C-9FA,LKR,Processing,2024-05-23,Switzerland
TXN-F16AF274-99A,CHF,Pending,2023-05-07,Switzerland
TXN-EE037AFB-610,AUD,Pending,2023-04-26,Italy
TXN-41A71F51-D12,AUD,Pending,2023-04-08,Germany
TXN-B8B5D000-9F8,LKR,Pending,2023-07-16,Brazil
TXN-08D5AD6E-087,CNY,Cancelled,2024-03-04,Japan
TXN-DEC66CCD-6E6,AED,Pending,2023-04-06,UAE
TXN-EDBE3BBF-4DB,CNY,Processing,2023-03-31,South Africa
TXN-249D51B3-C1F,EUR,Completed,2023-08-21,Sri Lanka
TXN-CB5CE841-AB3,LKR,Pending,2024-03-22,South Africa
TXN-260000FE-189,AUD,Refunded,2024-04-01,Germany
TXN-A73E21F0-09E,USD,Completed,2023-05-30,Germany
TXN-57284A2C-A7F,CHF,Failed,2023-08-11,Sweden
TXN-F81DC590-39D,JPY,Cancelled,2024-09-03,Singapore
TXN-66561205-488,CHF,Pending,2024-01-24,Norway
TXN-8139511F-305,EUR,Cancelled,2024-10-21,Singapore
TXN-3BDF4A5B-154,SGD,Cancelled,2023-03-20,UAE
TXN-44E78EC0-56C,CNY,Cancelled,2023-09-21,China
TXN-5D55A1CF-7A6,GBP,Pending,2023-10-14,Germany
TXN-E252EBBF-1EE,JPY,Pending,2023-11-14,Brazil
TXN-C4B7453B-2D7,INR,Refunded,2024-08-14,Switzerland
TXN-0953DFB8-641,INR,Processing,2023-07-18,India
TXN-B9F9ED27-F7B,CAD,Processing,2023-11-27,China
TXN-1901D35D-162,AED,Failed,2024-09-28,China
TXN-DA66AC6E-301,LKR,Pending,2023-05-27,Switzerland
TXN-2EB9360B-C62,CAD,Completed,2024-12-13,Singapore
TXN-FFF8DA29-355,JPY,Pending,2024-02-04,Singapore
TXN-7ED57ED8-705,GBP,Processing,2024-08-12,Italy
TXN-EDC07F8B-7C2,CNY,Refunded,2023-10-10,Brazil
TXN-7822E773-04F,CNY,Processing,2024-06-06,China
TXN-4CE96EC7-B00,JPY,Failed,2023-02-23,Sweden
TXN-EBA9D9DB-E4D,EUR,Pending,2023-02-24,Sri Lanka
TXN-0331CA3E-4B7,INR,Pending,2023-05-05,India
TXN-28F52A92-0EA,LKR,Pending,2024-11-10,Italy
TXN-507E50F1-222,USD,Cancelled,2024-10-04,UAE
TXN-E79BA359-181,AED,Processing,2024-12-18,Sri Lanka
TXN-B4ECE7A6-45D,INR,Pending,2023-11-10,Netherlands
TXN-7ADDC362-647,AED,Processing,2023-01-26,France
TXN-E1ED94B6-AB0,SGD,Processing,2024-03-19,Canada
TXN-14CFD591-0E4,USD,Completed,2024-03-22,Australia
TXN-AE693DDE-252,EUR,Pending,2023-01-14,Switzerland
TXN-1B33E962-60A,AED,Refunded,2023-08-08,Canada
TXN-952C704F-FC0,GBP,Failed,2023-09-09,Norway
TXN-E5D96674-E38,CHF,Cancelled,2023-11-27,Norway
TXN-4D29940D-F20,USD,Refunded,2023-07-13,Italy
TXN-14296F2A-07F,SGD,Failed,2023-03-05,Canada
TXN-BE5963F3-9CF,CNY,Refunded,2024-03-04,France
TXN-D274678D-177,SGD,Processing,2024-01-25,Australia
TXN-98AA3166-F92,AUD,Failed,2023-01-25,Norway
TXN-65D90B9E-3C4,CAD,Processing,2023-05-18,South Africa
TXN-A1B4B759-82F,CHF,Processing,2023-12-02,Australia
TXN-68C389B3-72D,GBP,Completed,2024-12-30,China
TXN-E8C7A2EE-C67,USD,Pending,2023-11-18,China
TXN-19E6DD92-5B2,JPY,Cancelled,2023-10-29,Sweden
TXN-C0FF8008-8F0,CHF,Processing,2023-09-17,Australia
TXN-4B177730-5EE,SGD,Failed,2024-05-16,Japan
TXN-AF718BA2-931,EUR,Processing,2023-02-12,South Africa
TXN-308E7B72-9A6,USD,Processing,2024-01-20,Japan
TXN-5F58B144-F31,GBP,Failed,2024-10-24,Singapore
TXN-884AFA01-82D,SGD,Failed,2023-04-03,Norway
TXN-D9F9C77A-093,AED,Processing,2023-06-01,South Africa
TXN-B6C4329F-A33,LKR,Refunded,2023-03-04,Germany
TXN-4E19ADB6-F4E,JPY,Pending,2024-11-10,China
TXN-963DF183-CCF,INR,Refunded,2023-10-24,Canada
TXN-26FE15C6-BEC,SGD,Refunded,2024-03-12,Brazil
TXN-56044C5C-3FE,CAD,Cancelled,2024-11-21,Australia
TXN-90AEC135-FF8,JPY,Processing,2023-09-14,Germany
TXN-3D69F404-67B,JPY,Refunded,2024-05-06,Brazil
TXN-082B732D-D96,EUR,Refunded,2024-03-09,South Africa
TXN-31B31520-654,GBP,Cancelled,2024-11-27,Germany
TXN-797F9162-84B,JPY,Completed,2023-08-13,Italy
TXN-C7380ED5-2F1,AED,Processing,2024-03-30,Switzerland
TXN-B47C52AA-77C,SGD,Cancelled,2024-09-21,Netherlands
TXN-DF0CB483-263,GBP,Processing,2024-05-31,Netherlands
TXN-F02D0B7C-BC7,CAD,Processing,2024-11-29,Brazil
TXN-26353536-CA4,GBP,Processing,2024-07-02,Switzerland
TXN-A0A76C73-AED,AUD,Failed,2024-12-19,Switzerland
TXN-5EFD6BF8-859,INR,Failed,2024-12-13,Spain
TXN-96932840-08C,JPY,Failed,2023-08-04,Spain
TXN-6DB83AF7-A5F,AUD,Cancelled,2024-11-03,South Africa
TXN-30A976E8-5B2,GBP,Completed,2024-03-23,Sri Lanka
TXN-BACE568B-F84,AUD,Completed,2023-12-23,UAE
TXN-3859308E-40C,JPY,Processing,2024-06-30,China
TXN-3E51D406-963,GBP,Failed,2023-12-10,UAE
TXN-F9B163B1-522,AUD,Refunded,2023-12-08,Spain
TXN-E2D7E7D6-1EB,CNY,Completed,2024-08-18,Switzerland
TXN-35D5C2ED-899,LKR,Pending,2023-11-06,Netherlands
TXN-882F6FE7-F40,SGD,Failed,2024-12-10,Sri Lanka
TXN-A848DEB9-2A2,CAD,Processing,2024-11-13,UAE
TXN-26304579-ED3,INR,Cancelled,2023-02-09,Singapore
TXN-3E601A95-586,CHF,Processing,2023-10-08,Sweden
TXN-466B37B7-908,EUR,Pending,2023-06-07,Sri Lanka
TXN-4BCBABA7-35D,CHF,Pending,2023-11-10,United States
TXN-E940C9E5-AC3,GBP,Processing,2023-07-15,South Africa
TXN-3A3114B3-517,SGD,Cancelled,2024-08-18,Canada
TXN-48782B13-C2B,INR,Pending,2023-01-18,Spain
TXN-2F0543C8-E7A,CNY,Processing,2024-06-22,India
TXN-6533809D-DAC,EUR,Refunded,2023-07-05,Germany
TXN-FE23BD51-EC6,USD,Failed,2023-04-10,UAE
TXN-C220E400-CA1,SGD,Failed,2023-04-07,Brazil
TXN-39CF10DF-2CA,INR,Pending,2024-10-21,Canada
TXN-20981DF5-930,AED,Cancelled,2023-08-22,Brazil
TXN-C699D0F6-062,GBP,Cancelled,2023-03-09,Spain
TXN-6209A556-4E2,CAD,Pending,2023-05-12,Japan
TXN-20648A48-ED1,LKR,Pending,2024-12-13,France
TXN-CDFE4267-96E,AED,Refunded,2023-10-29,China
TXN-45675C44-511,USD,Failed,2023-07-20,Japan
TXN-390F9DB0-468,EUR,Cancelled,2024-02-01,Singapore
TXN-45ADEF60-CFB,LKR,Cancelled,2024-10-01,India
TXN-1A172695-135,SGD,Completed,2024-07-13,United States
TXN-89889CFD-17F,CAD,Refunded,2023-10-01,Australia
TXN-1535712D-53B,AED,Refunded,2023-11-03,Brazil
TXN-F9E2E577-785,LKR,Failed,2023-06-25,Sri Lanka
TXN-36BFA235-679,EUR,Cancelled,2023-07-25,China
TXN-4B5375AE-492,AED,Processing,2023-06-14,Australia
TXN-9B0B60D7-1B4,SGD,Processing,2024-03-07,Italy
TXN-644A8133-695,AUD,Failed,2023-06-04,Canada
TXN-08781CFF-63F,GBP,Refunded,2023-08-26,South Africa
TXN-DCC907D4-27A,GBP,Refunded,2024-08-17,Brazil
TXN-0D2AAFF1-B98,AUD,Pending,2024-06-24,Singapore
TXN-0336735C-400,CHF,Cancelled,2024-11-25,Singapore
TXN-80B09DC7-6F5,SGD,Pending,2023-12-13,Germany
TXN-9C671105-416,EUR,Completed,2024-06-28,United States
TXN-BC786DD2-D45,AED,Completed,2024-02-09,Singapore
TXN-AA51EE5A-20A,GBP,Completed,2023-08-05,Sweden
TXN-6EF39AC0-2FF,LKR,Pending,2024-06-23,Norway
TXN-FDE4A5EE-001,USD,Completed,2023-01-26,South Africa
TXN-18EA992C-74A,AED,Pending,2024-09-18,Switzerland
TXN-5500D70A-A93,INR,Refunded,2023-09-06,Canada
TXN-1E4824B2-F94,GBP,Refunded,2023-09-03,Norway
TXN-94676E21-68D,USD,Failed,2024-03-20,Sweden
TXN-5656D539-12E,AED,Completed,2023-12-02,Norway
TXN-A879850B-751,CNY,Cancelled,2024-05-27,Sri Lanka
TXN-2E167BC3-DD1,AED,Refunded,2023-07-01,South Africa
TXN-1D09977B-10F,EUR,Cancelled,2024-05-10,Sweden
TXN-17FCBFFF-661,CHF,Cancelled,2023-09-01,Japan
TXN-CEB08121-367,JPY,Cancelled,2023-09-06,Norway
TXN-1C8EE88A-7E0,CAD,Failed,2024-11-22,Italy
TXN-92A61A0A-DCB,SGD,Processing,2024-05-01,United Kingdom
TXN-B4E2067B-5EF,CAD,Completed,2024-02-20,South Africa
TXN-F201082C-7D8,CNY,Completed,2024-03-24,Singapore
TXN-148733A3-E88,EUR,Failed,2024-05-04,India
TXN-03C1AB82-803,INR,Failed,2023-01-20,Spain
TXN-E3330939-C07,AUD,Failed,2024-01-23,South Africa
TXN-8E881130-F05,EUR,Refunded,2024-09-11,Spain
TXN-F4B4B12E-BF4,AUD,Pending,2023-04-25,Spain
TXN-443C3ABC-384,GBP,Cancelled,2024-12-23,France
TXN-3ACA58BB-2F8,CAD,Processing,2023-12-21,India
TXN-0C81174A-A65,CNY,Processing,2023-04-23,UAE
TXN-2ADBDA76-4B2,USD,Failed,2023-09-15,UAE
TXN-E7B6C8F1-760,AUD,Completed,2024-03-01,UAE
TXN-9263E4AC-923,LKR,Refunded,2023-08-29,South Africa
TXN-CC3F232F-10B,CHF,Failed,2023-08-28,UAE
TXN-DB9A87EA-0F0,CHF,Completed,2023-05-09,Japan
TXN-A6350596-FDF,CNY,Cancelled,2024-01-15,Norway
TXN-2602BD24-5B2,USD,Processing,2023-05-09,United Kingdom
TXN-F64E3B6E-051,LKR,Pending,2024-10-25,United Kingdom
TXN-D2AABC3B-D4F,INR,Cancelled,2024-05-14,Sri Lanka
TXN-03C4322C-BF5,JPY,Refunded,2023-09-18,Netherlands
TXN-DE4A350C-EB1,AED,Refunded,2024-11-06,Netherlands
TXN-538737AE-458,SGD,Failed,2024-11-28,Canada
TXN-F861A2E3-086,CAD,Completed,2024-03-19,United Kingdom
TXN-0F024256-042,SGD,Failed,2023-05-30,United States
TXN-07750599-083,CAD,Failed,2023-05-29,Sweden
TXN-261D6877-0AD,GBP,Cancelled,2023-07-05,South Africa
TXN-B835C862-FF0,AED,Refunded,2023-04-27,France
TXN-9FA5642C-2B3,INR,Cancelled,2023-01-21,Sweden
TXN-5B4B4C29-D56,GBP,Processing,2024-11-15,Netherlands
TXN-BEC3E715-6A2,INR,Failed,2024-09-19,Norway
TXN-B756C2B9-9A3,EUR,Cancelled,2024-03-23,China
TXN-2AFCF70C-5E9,CHF,Pending,2023-06-01,Japan
TXN-7DC7AA52-9C7,CAD,Refunded,2024-04-29,China
TXN-38411825-0DE,AED,Pending,2024-10-16,Japan
TXN-D8EDC971-750,INR,Failed,2023-06-27,South Africa
TXN-D4125049-69D,CHF,Pending,2023-05-06,Brazil
TXN-D4D4102A-D1E,AUD,Failed,2024-02-17,Australia
TXN-EBC3654A-FA4,JPY,Completed,2024-11-11,Sri Lanka
TXN-EBE5DE11-D0F,SGD,Cancelled,2024-09-04,Italy
TXN-AA77AA9C-609,USD,Pending,2024-09-13,China
TXN-A2352ADF-412,AED,Refunded,2023-01-11,Canada
TXN-6CC8D947-1D6,JPY,Cancelled,2023-12-31,UAE
TXN-6BA8238E-CE1,GBP,Completed,2023-02-25,India
TXN-F4076769-AE7,LKR,Processing,2023-01-27,Australia
TXN-6AD4B729-8E2,USD,Pending,2024-04-07,Brazil
TXN-066D6B46-F10,CHF,Cancelled,2024-08-16,Japan
TXN-D87D00B3-B9C,USD,Pending,2023-08-17,Switzerland
TXN-4E923E95-F1D,JPY,Completed,2023-09-20,Italy
TXN-E3EACBD7-1E8,SGD,Pending,2023-06-16,United Kingdom
TXN-5B08AC10-E3A,USD,Cancelled,2023-09-13,Canada
TXN-80EA6422-E18,CAD,Cancelled,2024-05-19,South Africa
TXN-4D2AFE8F-FA5,INR,Processing,2023-02-04,Germany
TXN-A237BF11-DAD,CNY,Completed,2024-11-29,Norway
TXN-6AA1FE5D-3AF,INR,Cancelled,2024-01-30,Spain
TXN-5350F0D4-34D,GBP,Refunded,2023-01-30,Australia
TXN-842E50B3-EE1,JPY,Processing,2024-07-01,United Kingdom
TXN-98869F78-035,AED,Processing,2023-04-22,Netherlands
TXN-F2E37AE9-CE1,INR,Failed,2023-10-26,Sweden
TXN-F99AABDA-2C4,SGD,Refunded,2023-05-28,South Africa
TXN-17BF4E2C-344,INR,Cancelled,2023-11-27,UAE
TXN-21E8F008-71F,EUR,Pending,2023-05-09,Netherlands
TXN-08D740E2-7C9,USD,Pending,2024-09-27,Netherlands
TXN-A8B5AAB1-925,EUR,Completed,2023-05-03,UAE
TXN-67081B1C-BF6,CNY,Pending,2024-10-20,Germany
TXN-0090D9B3-878,SGD,Failed,2023-12-29,Norway
TXN-2AE8D433-CF5,AUD,Processing,2023-05-02,China
TXN-1839A180-854,AED,Refunded,2023-06-10,Switzerland
TXN-DE39A870-3CB,CNY,Refunded,2024-01-26,Sri Lanka
TXN-66E04CC6-DD8,JPY,Failed,2023-08-30,Germany
TXN-44F65726-ED8,SGD,Cancelled,2024-07-04,United Kingdom
TXN-CA57FE1E-F3E,SGD,Failed,2024-11-20,United Kingdom
TXN-0C049AC0-783,AED,Cancelled,2024-03-14,Spain
TXN-C2C3BB7F-EC3,CHF,Refunded,2023-12-26,Norway
TXN-6994A3D4-BB8,CAD,Completed,2024-10-08,UAE
TXN-1B2D8F30-73A,JPY,Completed,2023-01-30,UAE
TXN-7726F7F9-932,GBP,Pending,2023-05-25,Italy
TXN-99479DD7-A4A,INR,Cancelled,2024-10-12,United States
TXN-C53C136D-D1D,CNY,Pending,2023-04-13,Germany
TXN-85BDC40F-F3F,INR,Failed,2023-03-23,Brazil
TXN-37822A89-598,LKR,Refunded,2024-11-23,UAE
TXN-D349B9CA-720,AED,Pending,2024-03-11,Switzerland
TXN-9A584A08-ACE,CAD,Processing,2024-08-22,Norway
TXN-353A61CC-C22,CAD,Cancelled,2024-08-21,Switzerland
TXN-B9AAAB82-4D8,USD,Refunded,2023-07-29,Netherlands
TXN-72C3E14E-C87,CAD,Completed,2024-06-09,UAE
TXN-14EF1B40-E0B,GBP,Failed,2023-03-24,South Africa
TXN-08383521-77B,SGD,Processing,2024-01-13,China
TXN-89C1FD66-69A,LKR,Refunded,2024-04-07,Switzerland
TXN-AF7C8C98-D49,EUR,Failed,2023-06-05,Canada
TXN-45FB2587-768,CNY,Refunded,2023-04-11,France
TXN-956FA3C0-4FB,INR,Failed,2023-11-23,Brazil
TXN-C40B6F90-A4B,LKR,Processing,2023-09-15,Canada
TXN-C52434FF-CD1,USD,Failed,2024-01-19,Spain
TXN-F9320137-1CD,JPY,Cancelled,2023-08-13,India
TXN-0C53FAB9-D00,GBP,Pending,2023-02-03,Sri Lanka
TXN-FB5A5859-A1E,GBP,Cancelled,2023-12-19,Italy
TXN-77D18C14-1D5,USD,Processing,2024-05-08,Sri Lanka
TXN-2AE23786-C67,USD,Completed,2024-01-21,Italy
TXN-04227B17-533,JPY,Pending,2024-02-24,India
TXN-DB483611-EE7,CAD,Cancelled,2024-01-06,UAE
TXN-DEFFBE1B-AE8,AED,Processing,2024-11-06,Norway
TXN-8E551EAD-3DF,INR,Failed,2023-12-27,Switzerland
TXN-01B1CAA4-009,AUD,Completed,2024-12-21,Brazil
TXN-E3AC45A0-870,EUR,Cancelled,2023-02-16,Switzerland
TXN-0F860AF4-917,AED,Cancelled,2024-07-15,Brazil
TXN-07192839-1B0,LKR,Cancelled,2023-05-29,United Kingdom
TXN-C534BA41-9F2,GBP,Completed,2024-02-09,Sri Lanka
TXN-593DC6BF-0DE,GBP,Refunded,2024-09-05,India
TXN-683091B1-002,INR,Refunded,2024-07-21,Canada
TXN-4FC8EF5B-442,INR,Refunded,2024-03-11,Singapore
TXN-039C0F7C-493,CAD,Failed,2024-07-18,Canada
TXN-956882D8-450,GBP,Failed,2024-03-17,Norway
TXN-460248D4-728,USD,Failed,2023-05-21,Switzerland
TXN-0C7A8BEF-C0A,LKR,Processing,2023-09-18,Italy
TXN-90F2190D-27C,AUD,Cancelled,2023-08-15,Netherlands
TXN-C37CE5C0-8D7,CNY,Completed,2024-01-27,Spain
TXN-C114E87E-E6F,CHF,Refunded,2023-09-20,Sri Lanka
TXN-EBEEED15-32A,CNY,Pending,2023-04-01,Sri Lanka
TXN-47522DDE-711,AUD,Cancelled,2024-04-13,Japan
TXN-6B2D9B5C-58E,CNY,Completed,2024-06-02,Japan
TXN-02193080-257,SGD,Failed,2024-02-22,Canada
TXN-3190A993-CC1,INR,Failed,2024-09-02,France
TXN-A64BC891-95D,GBP,Cancelled,2024-01-13,Australia
TXN-2B182500-8D5,CHF,Processing,2024-06-18,Switzerland
TXN-92FBF1C5-55B,AUD,Refunded,2024-02-19,Singapore
TXN-66F41009-C0A,INR,Pending,2024-10-15,Italy
TXN-67E4F05E-084,CAD,Refunded,2024-05-31,China
TXN-C62F5522-1BF,CAD,Refunded,2023-04-20,Spain
TXN-32A2F96D-9A6,JPY,Cancelled,2024-05-24,Brazil
TXN-2707D686-9C5,CHF,Pending,2023-12-16,South Africa
TXN-3D085B41-526,LKR,Failed,2024-01-25,China
TXN-FD4006E1-E2A,AUD,Failed,2023-05-06,China
TXN-EB99B084-F7F,SGD,Processing,2023-12-09,UAE
TXN-F84E8472-05D,AUD,Refunded,2024-03-22,South Africa
TXN-0FB35E17-BE7,AED,Processing,2023-11-13,UAE
TXN-CC4305CD-FDE,USD,Cancelled,2023-05-10,Netherlands
TXN-495D9D0C-F9A,SGD,Cancelled,2023-03-22,Japan
TXN-37C00FCF-6FA,AED,Completed,2023-12-05,Switzerland
TXN-3F586576-9AB,SGD,Failed,2023-01-23,Germany
TXN-C88090B6-72A,CNY,Cancelled,2024-12-26,China
TXN-76A17AD5-FF4,GBP,Cancelled,2024-10-25,Sri Lanka
TXN-87362467-DAF,JPY,Completed,2024-05-21,Brazil
TXN-25803C8C-61D,CAD,Cancelled,2023-07-11,Italy
TXN-B5F9A5C4-CCE,EUR,Cancelled,2024-10-10,Switzerland
TXN-550F3F52-67D,USD,Refunded,2023-03-05,Sri Lanka
TXN-B2BFFC53-996,AED,Completed,2023-09-16,South Africa
TXN-E9216320-2F9,USD,Pending,2024-12-17,China
TXN-919239C7-0AB,EUR,Refunded,2024-09-18,Australia
TXN-3173E8D8-CAA,CNY,Completed,2023-05-19,UAE
TXN-80C34015-F1A,SGD,Failed,2023-11-29,Brazil
TXN-72D6AA48-9FD,EUR,Completed,2024-10-28,Netherlands
TXN-F6A0128F-404,USD,Processing,2023-11-29,Germany
TXN-873697EA-222,CAD,Processing,2024-03-13,UAE
TXN-B2EE0923-514,SGD,Completed,2024-06-03,Italy
TXN-87A1E819-448,CHF,Processing,2024-11-24,Sri Lanka
TXN-044E6791-174,JPY,Processing,2024-09-24,China
TXN-8A3D51C9-2A2,GBP,Cancelled,2023-03-17,Switzerland
TXN-2F9B98A2-6A2,JPY,Failed,2024-11-09,France
TXN-88F1D1BE-FF9,AUD,Cancelled,2024-10-08,Switzerland
TXN-A56B2CAB-847,CHF,Refunded,2024-03-25,Italy
TXN-494C8C46-B10,EUR,Pending,2023-10-29,France
TXN-54375532-4C7,AUD,Failed,2024-10-13,Sri Lanka
TXN-6D056B17-504,USD,Completed,2023-03-02,Brazil
TXN-8E2E8BF8-C88,CAD,Cancelled,2024-06-06,Spain
TXN-4B5E1BD8-161,EUR,Pending,2023-03-14,Netherlands
TXN-77ECDAB1-8F6,GBP,Completed,2024-01-14,Sri Lanka
TXN-2D0A8F8A-B9E,LKR,Failed,2024-06-14,United Kingdom
TXN-798A7930-F42,EUR,Failed,2024-09-20,Italy
TXN-DD2DB43E-B51,AED,Completed,2024-01-16,Germany
TXN-4EE40A53-E71,CHF,Pending,2024-11-25,China
TXN-F911B1C4-89D,GBP,Cancelled,2024-07-22,India
TXN-D378CF04-FAA,CHF,Completed,2024-12-21,Australia
TXN-F5EA8521-1FD,CHF,Cancelled,2023-05-12,Singapore
TXN-45E7B81A-75B,AED,Failed,2024-10-03,Brazil
TXN-8FD321DE-C41,LKR,Refunded,2023-08-27,Sri Lanka
TXN-2E0ADDCD-069,CNY,Processing,2023-01-21,Switzerland
TXN-35862F8A-EB6,LKR,Pending,2023-08-19,China
TXN-FDF84750-5F3,GBP,Processing,2024-01-01,France
TXN-EAF208CB-0AF,USD,Processing,2023-08-14,Spain
TXN-0E121BF0-7EA,CHF,Refunded,2024-11-14,Italy
TXN-1C1634C0-DB8,GBP,Processing,2023-03-02,Italy
TXN-D274D913-39D,CNY,Pending,2024-07-19,Spain
TXN-F8B28C2C-A51,JPY,Refunded,2023-08-02,Italy
TXN-3A9A1D48-07C,SGD,Cancelled,2023-12-26,United States
TXN-CA03565D-569,AUD,Processing,2024-02-04,South Africa
TXN-A48788C2-AAE,JPY,Completed,2023-01-05,Sweden
TXN-731E8763-185,AUD,Refunded,2024-06-30,Singapore
TXN-7C96DBA2-693,USD,Pending,2023-01-05,South Africa
TXN-9627650E-A04,USD,Processing,2024-01-30,Italy
TXN-0EF9B6F5-292,AUD,Cancelled,2024-01-26,Singapore
TXN-3E9C6E8A-7B8,CNY,Processing,2023-01-08,Japan
TXN-3343CD54-3AC,LKR,Refunded,2023-06-28,France
TXN-725CD19D-8DC,AED,Cancelled,2024-04-13,Switzerland
TXN-4DF29D24-65E,GBP,Completed,2023-10-14,Switzerland
TXN-17F040C9-5D7,JPY,Pending,2024-12-15,United States
TXN-BC756C21-DB0,CAD,Cancelled,2023-01-19,United Kingdom
TXN-B069A045-059,USD,Completed,2024-12-02,Singapore
TXN-08FDD24D-ECD,INR,Cancelled,2024-12-13,United Kingdom
TXN-FBEE8380-236,SGD,Processing,2024-06-10,India
TXN-868B4019-7D9,CAD,Processing,2024-04-30,Sri Lanka
TXN-36952EC7-2B2,GBP,Refunded,2023-11-26,Sri Lanka
TXN-DF6F7D37-410,JPY,Completed,2023-09-14,Singapore
TXN-9BC7FE24-E46,EUR,Pending,2024-09-08,Canada
TXN-EDF70837-A32,EUR,Failed,2023-05-18,Singapore
TXN-CB43CCC0-CD2,AUD,Refunded,2024-11-26,United States
TXN-F26A428A-3AB,CHF,Processing,2023-04-09,Germany
TXN-0BF1CBE2-F9B,CNY,Failed,2023-09-19,Japan
TXN-0A3B6F80-548,USD,Failed,2024-01-30,Japan
TXN-D510DC8C-738,INR,Completed,2023-04-10,Netherlands
TXN-DFC7D7E2-C28,USD,Failed,2024-03-13,Netherlands
TXN-FA1996CE-CBA,JPY,Pending,2023-01-07,India
TXN-8F05DAC7-E90,USD,Pending,2023-07-31,Italy
TXN-4E90EDE5-2AF,INR,Completed,2023-10-11,United Kingdom
TXN-62745A2B-3DE,EUR,Cancelled,2024-05-13,Germany
TXN-AF68D54B-ED6,CAD,Completed,2023-02-05,UAE
TXN-6FF0B47F-4A8,CAD,Completed,2023-04-01,UAE
TXN-5EA54587-1E5,EUR,Cancelled,2023-01-06,Japan
TXN-4B9F84E1-84F,CAD,Refunded,2024-06-26,United States
TXN-5A4C1614-5BE,AED,Pending,2023-06-08,United Kingdom
TXN-B236B74C-7E5,JPY,Completed,2024-06-30,UAE
TXN-3796CE16-DF0,GBP,Completed,2024-01-23,United States
TXN-3BA1A1BA-3E7,GBP,Cancelled,2023-01-01,Germany
TXN-D5DEF0CE-0DB,AED,Refunded,2023-04-09,Sri Lanka
TXN-68EF5D71-C13,JPY,Completed,2024-01-24,United Kingdom
TXN-C7301734-527,AED,Failed,2023-06-29,Australia
TXN-43592144-F0B,GBP,Cancelled,2023-11-10,Switzerland
TXN-724A7074-ADB,CHF,Failed,2024-03-14,United Kingdom
TXN-CA1EC445-473,JPY,Failed,2023-04-16,Sri Lanka
TXN-2B3528CC-7A0,CNY,Cancelled,2023-05-03,Singapore
TXN-3942EE3A-89F,USD,Refunded,2023-02-26,Italy
TXN-588FE22A-5D7,EUR,Pending,2024-08-15,South Africa
TXN-AAED7C25-BBF,GBP,Refunded,2023-07-09,Netherlands
TXN-4C9821B4-2ED,LKR,Refunded,2024-12-05,France
TXN-C118AEFA-2BF,CNY,Completed,2023-02-24,Netherlands
TXN-DB9A8F34-4E7,LKR,Processing,2024-10-28,China
TXN-1E953AE5-3EA,SGD,Completed,2023-05-15,UAE
TXN-743D2EBB-4DA,AUD,Cancelled,2023-01-10,Italy
TXN-C1B8A59D-848,AED,Completed,2023-10-01,Australia
TXN-501F9FE4-1DA,INR,Completed,2024-05-12,Sri Lanka
TXN-8929778F-E4F,LKR,Completed,2023-05-18,United States
TXN-F9846809-8BC,JPY,Failed,2023-08-01,Italy
TXN-C4B150CC-0B8,CAD,Pending,2024-01-26,Sri Lanka
TXN-611D3D43-475,CNY,Processing,2023-08-23,Switzerland
TXN-F48C8600-A0D,AED,Cancelled,2024-04-11,Germany
TXN-800A4291-89B,AED,Completed,2024-05-01,United Kingdom
TXN-F026228C-055,CHF,Cancelled,2024-10-21,Italy
TXN-FB926481-DFC,GBP,Processing,2023-12-10,Norway
TXN-6F58A132-56F,USD,Refunded,2024-11-18,India
TXN-570D07BB-162,SGD,Pending,2023-11-07,South Africa
TXN-EDA8D480-CC7,LKR,Completed,2024-07-03,France
TXN-A25C4202-E4A,USD,Cancelled,2024-03-27,Germany
TXN-70429E6D-2C8,AUD,Pending,2024-05-04,United States
TXN-C8941A64-AA2,SGD,Refunded,2023-07-18,Japan
TXN-CF687E8F-EDD,CHF,Refunded,2024-01-25,Sri Lanka
TXN-F68CC531-6E9,INR,Completed,2024-12-13,Italy
TXN-A1422935-5CA,USD,Refunded,2023-03-11,Norway
TXN-49B197F7-801,AED,Processing,2023-04-15,Canada
TXN-001740B3-EBA,CAD,Failed,2023-10-04,Australia
TXN-806B85BE-4BA,LKR,Processing,2024-10-07,Germany
TXN-7685F37D-478,INR,Completed,2024-06-15,UAE
TXN-9C3A4E95-CF6,AUD,Failed,2023-05-24,Germany
TXN-B05E96CD-B9C,AED,Completed,2024-04-03,United States
TXN-C6501CAE-494,LKR,Pending,2023-01-12,UAE
TXN-82998C23-6EB,SGD,Failed,2024-09-20,Japan
TXN-26E7A3A0-218,INR,Failed,2024-10-19,South Africa
TXN-F662FC6A-B15,INR,Failed,2023-05-03,India
TXN-CBA8D38D-2CC,AUD,Cancelled,2024-09-02,Norway
TXN-521D83B4-FC1,EUR,Failed,2023-12-15,Japan
TXN-D0E975D6-40C,AED,Failed,2023-12-15,Sweden
TXN-5603758D-F22,AED,Cancelled,2023-02-11,Japan
TXN-CAEAE4CC-8BD,AED,Processing,2024-10-17,Australia
TXN-E2C1C3ED-991,CAD,Completed,2023-01-27,France
TXN-AC9FF898-040,INR,Cancelled,2023-05-03,Norway
TXN-0DD42854-3A7,USD,Pending,2024-06-14,Sweden
TXN-05238B7F-BE5,USD,Completed,2024-11-11,Singapore
TXN-B61594D6-3E8,LKR,Cancelled,2024-02-06,Canada
TXN-53886AE4-0FD,AED,Failed,2023-01-10,United Kingdom
TXN-D47B7A2B-865,CNY,Processing,2024-07-05,Switzerland
TXN-057C4F44-4B5,CHF,Pending,2023-07-24,UAE
TXN-F92ED990-6AD,INR,Completed,2024-05-08,South Africa
TXN-1210F690-5EF,CHF,Completed,2023-09-13,Brazil
TXN-5DF3E61B-D13,CNY,Refunded,2023-09-15,France
TXN-D427B188-9C8,CNY,Completed,2023-04-05,Singapore
TXN-838CEF38-25E,AED,Refunded,2023-09-04,UAE
TXN-D7DBB9EE-29F,GBP,Refunded,2023-04-25,Italy
TXN-F1FD7954-A13,USD,Cancelled,2023-11-11,Canada
TXN-32E88111-A85,LKR,Failed,2023-03-28,Switzerland
TXN-91E1DAE7-0D9,INR,Processing,2024-11-26,UAE
TXN-830FF568-6B2,GBP,Completed,2023-06-21,Canada
TXN-B6CA086C-22F,LKR,Refunded,2024-01-25,United States
TXN-ECE76D5C-68C,CNY,Refunded,2023-08-25,Sweden
TXN-1DB08AE1-F26,JPY,Pending,2024-11-13,France
TXN-00E1D67E-55D,GBP,Completed,2024-11-03,Germany
TXN-916D1021-80A,AUD,Pending,2023-11-11,Sweden
TXN-FBD52F12-074,AED,Cancelled,2024-03-19,Italy
TXN-15E1C971-7B5,AUD,Failed,2024-04-29,India
TXN-059D228D-557,LKR,Processing,2023-05-05,Brazil
TXN-42FB5204-825,CHF,Processing,2024-06-27,Japan
TXN-C4789A18-15E,JPY,Refunded,2024-06-03,Singapore
TXN-1F35335C-D6E,AED,Refunded,2023-01-11,UAE
TXN-B8311CFD-F66,AED,Pending,2024-06-01,Singapore
TXN-73AEB6C8-F5D,AED,Refunded,2023-04-09,Australia
TXN-D54CCF47-B73,EUR,Cancelled,2024-06-29,Canada
TXN-589D0DE7-47A,CAD,Refunded,2024-08-08,Australia
TXN-853C0377-2A5,CAD,Pending,2023-03-15,France
TXN-A9058CDA-255,JPY,Processing,2023-05-19,South Africa
TXN-5A8C0A20-E23,INR,Cancelled,2023-05-01,Japan
TXN-7223BB0E-402,INR,Failed,2024-08-31,South Africa
TXN-D9F4481E-EB6,AUD,Completed,2024-03-01,Sweden
TXN-A8B16DFF-8AA,GBP,Completed,2024-03-10,Sri Lanka
TXN-5DDFA36B-612,CAD,Failed,2024-12-10,Japan
TXN-51B5BE89-2F7,CAD,Completed,2023-04-21,India
TXN-1161E55B-CB8,LKR,Processing,2024-10-05,Singapore
TXN-A67D3B85-F63,CHF,Cancelled,2024-12-18,Germany
TXN-70EE7E11-3E4,CAD,Refunded,2023-03-24,Canada
TXN-F281BF69-9FA,GBP,Processing,2023-05-13,India
TXN-1E7DAFEA-221,AED,Failed,2024-04-20,Brazil
TXN-80F8D462-E0C,SGD,Failed,2024-10-21,Canada
TXN-0541EDBD-F3C,EUR,Processing,2023-03-25,Switzerland
TXN-D19EB6A8-72B,AUD,Pending,2024-02-25,Sweden
TXN-C6963DD3-DD6,CHF,Processing,2024-10-26,China
TXN-25302120-FBF,AED,Refunded,2024-09-08,Norway
TXN-B1E83A1B-DFA,GBP,Refunded,2024-10-26,United Kingdom
TXN-B6553AF1-0D2,LKR,Cancelled,2024-12-01,Singapore
TXN-8C30572A-801,JPY,Refunded,2023-06-28,Sri Lanka
TXN-D91CA564-F27,USD,Failed,2023-05-23,Australia
TXN-B5336EC9-3CA,CAD,Refunded,2024-08-27,Sri Lanka
TXN-C8284B5A-EA3,SGD,Refunded,2024-08-01,UAE
TXN-7A908D12-FD7,CHF,Cancelled,2024-12-04,Canada
TXN-50D42F9E-AE0,LKR,Refunded,2023-03-18,Switzerland
TXN-9A2E3D76-2CD,USD,Processing,2023-07-31,China
TXN-52E45EC5-AD8,AED,Completed,2023-09-03,Germany
TXN-F51F3636-DE5,CAD,Processing,2024-08-01,UAE
TXN-671DB4AB-94A,SGD,Failed,2023-02-04,Singapore
TXN-FCCFE7A6-EBF,EUR,Failed,2023-12-18,United States
TXN-1D932EF6-925,AED,Completed,2023-01-25,Brazil
TXN-CB1FB18A-5B5,LKR,Processing,2023-09-01,India
TXN-050E7EB5-95C,CHF,Cancelled,2023-02-08,United Kingdom
TXN-A4B49E6B-D96,INR,Cancelled,2023-06-07,India
TXN-3A86B71A-2DD,CAD,Processing,2023-11-08,United States
TXN-D9157DE2-788,JPY,Refunded,2023-07-23,United Kingdom
TXN-5656E8C6-010,JPY,Refunded,2023-08-01,Sweden
TXN-0D2FD9E9-457,EUR,Completed,2023-04-27,Sri Lanka
TXN-C8156128-900,INR,Cancelled,2023-06-17,Netherlands
TXN-8769C7D9-8FD,SGD,Failed,2024-10-29,Italy
TXN-4493ABA4-B4A,EUR,Failed,2024-06-13,France
TXN-8142694C-79C,AUD,Completed,2023-05-12,Canada
TXN-A7377860-3FC,CHF,Completed,2024-09-06,Canada
TXN-F6726464-8AD,AUD,Cancelled,2024-05-08,Sweden
TXN-E14AD76A-A7C,CNY,Processing,2024-05-09,Netherlands
TXN-0FF5E62D-05B,LKR,Failed,2023-06-17,China
TXN-C8730087-192,JPY,Failed,2023-04-18,Canada
TXN-2B1F47DB-3C5,SGD,Completed,2023-09-10,India
TXN-A972BC71-918,CAD,Pending,2024-07-20,Norway
TXN-2753E3BD-8E2,CAD,Failed,2024-02-10,France
TXN-A90E3198-D85,AUD,Processing,2023-10-16,Canada
TXN-25E72F99-2C7,INR,Processing,2024-03-08,Brazil
TXN-16B1CA6A-C98,INR,Failed,2023-07-07,Sweden
TXN-F5AD20EE-DBF,JPY,Pending,2023-04-02,United Kingdom
TXN-757D88BB-617,USD,Processing,2024-08-21,Japan
TXN-7350599C-BC4,USD,Processing,2023-10-22,Sri Lanka
TXN-29F53523-DAC,USD,Cancelled,2024-06-28,Singapore
TXN-33C62281-BA0,USD,Pending,2023-12-18,Sweden
TXN-B7720856-FF5,GBP,Cancelled,2024-01-28,Germany
TXN-702AFEC2-89A,CNY,Refunded,2024-07-06,India
TXN-113C767A-0B7,CHF,Refunded,2023-10-27,Germany
TXN-CBB2A162-430,GBP,Refunded,2024-11-29,Germany
TXN-B7248997-131,AUD,Failed,2023-03-06,China
TXN-9A895D74-31C,SGD,Cancelled,2024-06-09,Australia
TXN-CDAF9D44-7C1,USD,Cancelled,2023-07-11,UAE
TXN-8B126918-D1F,CNY,Processing,2023-08-24,Spain
TXN-B4B99DD7-AD6,CNY,Processing,2023-08-24,United States
TXN-74B60F2A-43C,AED,Refunded,2023-09-12,Sri Lanka
TXN-CA8ED2B4-67E,CAD,Failed,2024-10-22,Japan
TXN-04378F7D-481,EUR,Failed,2024-06-21,Switzerland
TXN-D1BDF6AF-E14,CHF,Refunded,2023-05-10,France
TXN-E7B0564E-9D2,CAD,Failed,2023-12-02,Canada
TXN-D578144A-16B,EUR,Completed,2024-11-05,Switzerland
TXN-08B0DC57-050,CAD,Failed,2023-02-11,South Africa
TXN-A1CB3E7C-D32,GBP,Failed,2024-04-06,United States
TXN-CB7A72CA-CE9,CNY,Refunded,2023-04-01,Netherlands
TXN-A2159AFE-968,EUR,Failed,2023-05-14,Switzerland
TXN-F1E4EFE2-C5C,SGD,Refunded,2024-12-06,Sweden
TXN-4B1FAD0B-F56,AUD,Refunded,2024-05-26,Germany
TXN-CF4C86E6-65F,AED,Processing,2024-03-04,India
TXN-8AB7CF96-286,AED,Pending,2024-06-29,Netherlands
TXN-4E427EC4-DC0,CAD,Cancelled,2024-02-02,Italy
TXN-C65CD3DF-DBC,AED,Processing,2024-04-26,China
TXN-DD372D0B-158,LKR,Processing,2023-01-14,Norway
TXN-FE58E79F-4D6,CNY,Processing,2023-06-03,China
TXN-EAEDA657-ED9,CNY,Refunded,2024-02-24,Sweden
TXN-077E3B2B-9FF,USD,Cancelled,2023-04-12,Sweden
TXN-0D93B81F-448,EUR,Failed,2024-04-17,United States
TXN-2785AFEA-2C9,INR,Failed,2023-08-09,Australia
TXN-C1055FAF-FF2,JPY,Cancelled,2023-10-10,France
TXN-DDA855B6-B4C,USD,Failed,2023-02-15,Sri Lanka
TXN-3FA685D6-234,EUR,Processing,2023-09-06,Switzerland
TXN-F2461C7A-8AF,AED,Completed,2023-12-26,Australia
TXN-20E78212-5AE,GBP,Cancelled,2023-05-31,UAE
TXN-EF42864F-4D1,LKR,Failed,2024-10-07,United Kingdom
TXN-23DB7138-7C9,CHF,Completed,2023-08-04,South Africa
TXN-4127382B-092,CAD,Pending,2024-02-05,Switzerland
TXN-8A9BDBC5-15A,CAD,Pending,2024-03-05,Singapore
TXN-750CA1F5-3CA,JPY,Refunded,2023-02-25,United Kingdom
TXN-96B36C71-82A,CNY,Completed,2024-04-05,India
TXN-D9F58F99-F18,INR,Processing,2023-02-15,Germany
TXN-A135DD7C-161,SGD,Failed,2023-10-28,Canada
TXN-8881B91C-F4A,GBP,Processing,2023-03-31,South Africa
TXN-990844B7-716,AED,Cancelled,2024-05-15,Italy
TXN-EBC40DF1-79B,CAD,Pending,2023-12-08,Australia
TXN-D8D513F7-FC3,CNY,Completed,2023-09-10,China
TXN-BDDA968F-B11,INR,Refunded,2024-04-01,United Kingdom
TXN-3284F1C0-076,GBP,Pending,2024-08-01,United States
TXN-90F87EAC-97B,EUR,Completed,2024-08-04,Italy
TXN-84A559F9-7B2,CHF,Refunded,2023-12-14,Sweden
TXN-E0EE3AD5-A0C,JPY,Pending,2023-02-11,Canada
TXN-98711296-495,INR,Cancelled,2023-11-27,Brazil
TXN-89C3D837-C9A,USD,Cancelled,2024-08-02,Sweden
TXN-00F361B9-AD3,CNY,Processing,2023-04-02,Italy
TXN-3C3F8EF6-70F,GBP,Failed,2024-05-07,Germany
TXN-D60F1A31-DF5,SGD,Completed,2023-09-30,Netherlands
TXN-B9D87A57-49C,LKR,Processing,2024-06-16,Sri Lanka
TXN-79FC459D-C7D,AUD,Completed,2024-11-20,Norway
TXN-353C132D-3C6,GBP,Cancelled,2024-05-07,Switzerland
TXN-5B9D4710-F84,EUR,Pending,2023-02-20,Sri Lanka
TXN-9D268626-E7E,USD,Completed,2023-07-13,India
TXN-60450FDE-58B,GBP,Pending,2023-12-13,Switzerland
TXN-8ECD1841-3CE,AED,Processing,2023-09-15,South Africa
TXN-4C9B9B4E-33A,EUR,Refunded,2023-03-30,United Kingdom
TXN-BB4F4A4F-DC7,EUR,Processing,2024-02-22,Sri Lanka
TXN-BCF4584D-ACD,CHF,Cancelled,2024-07-16,Brazil
TXN-235FA2F5-050,CHF,Pending,2023-02-13,Canada
TXN-A6F989A7-BC8,SGD,Refunded,2024-06-22,South Africa
TXN-8EB4BA50-1E2,CNY,Processing,2024-04-14,Norway
TXN-6A8988E1-807,EUR,Refunded,2024-01-31,France
TXN-944588A4-39E,CNY,Refunded,2023-09-07,Italy
TXN-4CAAE6E8-414,USD,Failed,2023-02-16,India
TXN-76C8D60F-91F,LKR,Refunded,2023-03-24,Japan
TXN-DA053890-E1B,AED,Pending,2023-01-22,Sri Lanka
TXN-E641DFDC-9F1,USD,Refunded,2023-02-16,South Africa
TXN-029D22E1-0C6,EUR,Cancelled,2024-09-11,Italy
TXN-EC9069C5-6EB,INR,Refunded,2024-12-08,Japan
TXN-9F69771E-E41,CAD,Cancelled,2023-11-03,Brazil
TXN-BA98EE80-A54,CAD,Failed,2024-08-15,Spain
TXN-08D40BB3-3A3,CHF,Pending,2023-06-11,Brazil
TXN-8CFEE2F7-FEF,CNY,Cancelled,2024-06-04,Italy
TXN-9D326400-6D2,EUR,Refunded,2023-04-08,China
TXN-B7C57FB4-2E1,GBP,Refunded,2024-12-31,Italy
TXN-CADBBCD7-8FE,USD,Processing,2023-10-02,UAE
TXN-438D203F-A63,JPY,Refunded,2023-08-09,South Africa
TXN-95B61401-26F,INR,Completed,2023-05-01,Germany
TXN-6253E20A-632,CAD,Cancelled,2024-12-05,United States
TXN-F36CDDF2-A0A,JPY,Failed,2023-08-21,Switzerland
TXN-40F7771F-2FF,AUD,Completed,2024-05-02,Spain
TXN-00426B88-E69,SGD,Failed,2023-04-29,Sri Lanka
TXN-B5A5A3F7-887,CHF,Failed,2024-03-20,South Africa
TXN-BE324572-881,JPY,Completed,2023-05-15,Spain
TXN-A99B7C27-BD7,LKR,Completed,2024-04-14,Germany
TXN-AB034833-B27,CNY,Completed,2023-04-06,Japan
TXN-18B77DB1-9B8,USD,Cancelled,2024-09-08,China
TXN-ABC206D6-259,EUR,Refunded,2023-10-16,Japan
TXN-BB39AC71-A4C,CHF,Pending,2024-12-31,Brazil
TXN-A06E0FFE-79A,AUD,Pending,2023-06-01,United Kingdom
TXN-7AABD98A-693,GBP,Pending,2023-10-05,Switzerland
TXN-E96280B7-6C2,SGD,Processing,2024-12-10,China
TXN-0E9B22AB-B7F,CNY,Cancelled,2023-12-07,Norway
TXN-BB74DC00-B8D,AUD,Cancelled,2023-04-01,UAE
TXN-F2E6A4A8-FD9,CHF,Refunded,2023-07-11,Australia
TXN-7BF50365-ED8,EUR,Failed,2024-03-01,China
TXN-493E9918-C45,GBP,Cancelled,2024-03-08,Sri Lanka
TXN-DB69BB6B-D7A,AED,Processing,2023-10-25,Brazil
TXN-D52C45D8-693,EUR,Failed,2023-08-14,Norway
TXN-EE264A01-C06,GBP,Cancelled,2023-05-26,Brazil
TXN-E3D58BC0-29F,EUR,Completed,2023-11-06,Spain
TXN-0FC8626A-82A,AED,Refunded,2024-03-15,UAE
TXN-C9FE21F1-60B,USD,Cancelled,2023-11-13,Singapore
TXN-820556B0-EE5,EUR,Failed,2024-09-21,Italy
TXN-98C08BEE-37E,INR,Refunded,2023-10-08,China
TXN-7492BA9B-60A,LKR,Refunded,2023-10-24,Sweden
TXN-BAE4B4C5-C99,INR,Refunded,2024-10-14,Australia
TXN-68B9491B-DEF,SGD,Refunded,2023-03-12,Switzerland
TXN-2323FE98-5EA,AED,Cancelled,2023-06-21,South Africa
TXN-9F803F43-2FE,GBP,Cancelled,2023-12-15,Netherlands
TXN-C9E573E7-58C,JPY,Pending,2024-02-16,United Kingdom
TXN-0B51E1E5-106,GBP,Failed,2024-02-07,India
TXN-2DCF8979-6F8,EUR,Processing,2023-10-28,Singapore
TXN-8F815140-299,CAD,Refunded,2024-04-22,China
TXN-674F5A2F-84B,INR,Refunded,2023-03-20,Germany
TXN-129C50D6-E40,INR,Pending,2024-11-15,Japan
TXN-FB2F9966-44E,EUR,Pending,2023-05-15,South Africa
TXN-E9315EC0-36E,CAD,Failed,2023-12-08,Brazil
TXN-AEEF6491-026,JPY,Processing,2023-08-28,Netherlands
TXN-2BB544BD-3CE,USD,Pending,2024-09-23,United States
TXN-AFB5DEDD-EB9,LKR,Completed,2024-07-05,Sri Lanka
TXN-E8E03929-E5C,AED,Completed,2023-03-22,Japan
TXN-0ECBA0EF-B46,EUR,Pending,2023-08-19,Switzerland
TXN-DEC46703-F92,CAD,Failed,2024-06-20,Spain
TXN-42301E61-C2A,JPY,Refunded,2023-09-04,Sweden
TXN-904ABCF7-DA7,AUD,Refunded,2024-03-06,Norway
TXN-3A548877-64F,GBP,Processing,2023-07-07,Italy
TXN-C663D253-3FD,GBP,Failed,2024-05-10,Brazil
TXN-4880E9E3-460,GBP,Cancelled,2023-03-17,Sri Lanka
TXN-58BE8E7C-69E,SGD,Refunded,2023-01-30,Italy
TXN-43316860-62E,CHF,Refunded,2024-05-26,Japan
TXN-08952C02-3D9,CAD,Processing,2024-05-25,United States
TXN-1B66EC18-A21,INR,Completed,2024-05-06,Brazil
TXN-EF0ACA7B-944,AED,Cancelled,2023-04-28,Brazil
TXN-EBEBF8C5-C36,AED,Processing,2024-10-23,China
TXN-17F5FAFE-54F,CAD,Cancelled,2024-12-15,Netherlands
TXN-9C65BF39-BE8,INR,Processing,2023-11-12,Singapore
TXN-2C1F8867-046,JPY,Pending,2024-08-16,Germany
TXN-5DBBDADF-CA5,INR,Pending,2024-08-30,Sri Lanka
TXN-233C21BD-7A6,CAD,Pending,2024-09-01,Australia
TXN-E5956862-7B5,AUD,Completed,2024-07-22,France
TXN-B486DB71-753,JPY,Refunded,2023-07-13,United Kingdom
TXN-75446DD8-234,AUD,Pending,2023-02-28,United States
TXN-3B754E0D-FFC,CAD,Pending,2024-07-04,South Africa
TXN-CF59E59C-60B,INR,Processing,2023-01-10,Brazil
TXN-D06979E4-492,AUD,Processing,2024-09-06,Sri Lanka
TXN-BD56F543-D68,EUR,Failed,2023-11-29,Japan
TXN-AB51C38D-C87,AUD,Pending,2024-01-10,UAE
TXN-65173C85-69E,EUR,Cancelled,2024-08-21,Spain
TXN-DA01BC41-702,USD,Cancelled,2023-06-13,United States
TXN-044FAED9-F65,USD,Failed,2024-01-19,Japan
TXN-BAD0ECFC-7C8,CHF,Refunded,2024-01-17,Singapore
TXN-DCF4B99F-AA4,CHF,Pending,2023-05-19,United Kingdom
TXN-FFE2B094-F90,CNY,Failed,2024-12-15,UAE
TXN-8C72BF10-ABC,AED,Completed,2023-10-24,South Africa
TXN-7A98C137-EE8,GBP,Failed,2024-03-07,France
TXN-40690B8E-DBE,AUD,Cancelled,2024-05-12,Italy
TXN-0B2C7B74-2DC,CHF,Cancelled,2024-10-03,Australia
TXN-8797D58E-359,EUR,Completed,2024-09-15,United States
TXN-9A3F24BC-965,CNY,Failed,2024-09-17,Spain
TXN-335BCA48-A2D,GBP,Cancelled,2024-03-31,Italy
TXN-537CE604-205,GBP,Pending,2023-08-28,Sri Lanka
TXN-3E6993AC-337,CAD,Processing,2024-10-22,Switzerland
TXN-F059EA7A-1B9,LKR,Pending,2024-11-22,Brazil
TXN-B86B7FC9-E3C,CNY,Refunded,2024-12-04,India
TXN-95ED6816-94A,AUD,Processing,2024-02-26,China
TXN-89FA0642-772,CHF,Processing,2023-01-18,United Kingdom
TXN-61C0084E-5B6,SGD,Completed,2024-06-22,Sweden
TXN-0958CF93-377,CNY,Completed,2023-09-07,Japan
TXN-25A16B6B-021,CAD,Processing,2023-11-11,Germany
TXN-81256E13-3B2,GBP,Pending,2023-01-20,Norway
TXN-960A8A0E-3E1,EUR,Pending,2024-04-11,Norway
TXN-0A61DF55-631,AED,Cancelled,2024-02-23,UAE
TXN-FDD749EE-D60,AUD,Refunded,2023-03-01,Sweden
TXN-A4E1D37E-599,AUD,Cancelled,2024-12-19,Switzerland
TXN-F1BE2D67-DB5,EUR,Failed,2023-05-31,Germany
TXN-C907A954-CBE,LKR,Cancelled,2023-07-31,Norway
TXN-D7612ED9-F95,GBP,Completed,2024-03-30,China
TXN-0F23288C-211,SGD,Completed,2024-07-30,Japan
TXN-5C705B69-1FA,AUD,Failed,2024-05-13,Canada
TXN-EA4AC3E6-93F,SGD,Completed,2023-09-13,United States
TXN-56300EFA-C20,EUR,Refunded,2023-08-05,Canada
TXN-1DF32B68-C5B,GBP,Processing,2024-10-25,United Kingdom
TXN-BDEB1BA6-686,EUR,Completed,2024-01-09,UAE
TXN-46F21C5C-B59,CNY,Cancelled,2023-11-01,Japan
TXN-D93E712F-4C4,JPY,Processing,2023-04-27,South Africa
TXN-07E0F44A-F4C,JPY,Refunded,2023-01-17,Italy
TXN-0379225B-5B5,USD,Pending,2024-05-14,Spain
TXN-3597B9A6-0F5,INR,Processing,2024-06-01,Italy
TXN-597E041E-3CC,EUR,Processing,2024-01-27,South Africa
TXN-63A5F4B2-30B,CAD,Failed,2023-12-22,Japan
TXN-0E1B15A0-02E,CHF,Pending,2023-05-12,Switzerland
TXN-A0580394-AF3,SGD,Refunded,2023-04-02,France
TXN-A415C739-6A8,CNY,Refunded,2024-10-11,India
TXN-772BF96D-FA8,CHF,Cancelled,2023-03-01,Canada
TXN-25075AAD-236,LKR,Cancelled,2023-03-14,Sweden
TXN-218FD747-015,JPY,Cancelled,2023-11-09,Netherlands
TXN-75C3D6CE-073,EUR,Failed,2024-09-18,Japan
TXN-31FEED97-006,CNY,Completed,2023-01-30,Netherlands
TXN-D377265D-F92,SGD,Cancelled,2024-02-29,Germany
TXN-F7C0BE98-B1C,AED,Processing,2023-01-03,Australia
TXN-4DFBC110-FD8,LKR,Failed,2023-08-13,India
TXN-4574AAD7-B9F,LKR,Refunded,2023-01-03,Canada
TXN-F4FDA505-415,AUD,Pending,2023-12-02,Italy
TXN-36422304-1A5,CNY,Refunded,2023-12-19,Spain
TXN-B198FEA2-F8A,GBP,Failed,2024-09-25,Netherlands
TXN-4F3EF3EF-CDA,LKR,Completed,2023-10-18,France
TXN-B1FC9869-DBE,USD,Pending,2023-06-26,Sweden
TXN-B6E79CEE-89A,CAD,Refunded,2024-07-18,Netherlands
TXN-87B1BF58-F7F,JPY,Completed,2024-09-16,France
TXN-4573FCA9-C4E,INR,Pending,2024-10-12,Italy
TXN-A724A828-600,INR,Pending,2023-12-09,China
TXN-62CC18A1-7F5,JPY,Cancelled,2023-03-28,Netherlands
TXN-03EB4D40-D60,EUR,Completed,2023-03-03,Switzerland
TXN-84CE5F4F-E0B,AED,Cancelled,2023-10-08,India
TXN-7ABE4788-84C,LKR,Refunded,2024-06-16,China
TXN-6C0357DB-E5B,USD,Failed,2024-06-06,Sri Lanka
TXN-40DA0410-063,CAD,Processing,2024-02-06,Germany
TXN-8232B420-730,AED,Failed,2024-09-19,Japan
TXN-E9E37389-CF4,SGD,Cancelled,2024-09-11,United States
TXN-BCF6941D-62F,USD,Pending,2024-05-13,South Africa
TXN-CBFBE271-552,LKR,Processing,2023-10-03,Sweden
TXN-B0FC282E-B67,INR,Refunded,2023-10-01,Brazil
TXN-3A608258-A81,USD,Refunded,2023-11-08,Switzerland
TXN-D5912E0A-712,CNY,Failed,2023-09-30,Japan
TXN-35EACC1A-339,USD,Refunded,2024-05-11,Singapore
TXN-17167007-3CE,AUD,Cancelled,2023-12-05,France
TXN-A4071FF6-5EB,USD,Refunded,2023-07-09,Japan
TXN-DB28E1AE-4A7,SGD,Refunded,2023-01-09,Brazil
TXN-4C8F4281-6B0,USD,Completed,2024-10-23,Netherlands
TXN-EB21B3F8-9C7,JPY,Refunded,2023-08-21,China
TXN-95A1BE40-42E,CNY,Processing,2023-03-10,France
TXN-D1406CC8-0E3,AUD,Pending,2023-02-15,Canada
TXN-D4662AF6-4E7,AUD,Failed,2023-09-09,Spain
TXN-380DC0D8-A77,USD,Processing,2024-04-20,United States
TXN-09067698-058,EUR,Processing,2024-10-06,Norway
TXN-EBD05D45-27B,INR,Pending,2024-03-01,Japan
TXN-819EC872-DD2,LKR,Processing,2024-09-24,Germany
TXN-BE42FBDE-05B,LKR,Processing,2024-03-14,Japan
TXN-7F09C4EF-11C,CHF,Refunded,2023-12-22,Switzerland
TXN-3C6C7F36-478,GBP,Pending,2024-10-21,United States
TXN-9B791729-9F3,USD,Cancelled,2023-03-30,France
TXN-32002B74-7CD,LKR,Processing,2024-10-11,Spain
TXN-84824134-A01,JPY,Completed,2023-10-03,China
TXN-D2563306-900,CNY,Pending,2023-03-07,Spain
TXN-B9C40F6E-8DE,LKR,Pending,2023-06-03,Netherlands
TXN-7C8C8B55-63F,AUD,Failed,2023-01-02,Brazil
TXN-2F03F945-805,AUD,Pending,2024-01-26,Brazil
TXN-FAB3DCF8-521,CNY,Completed,2023-12-05,South Africa
TXN-10A049EB-E56,AED,Refunded,2023-02-17,United Kingdom
TXN-D8716FE0-D26,JPY,Completed,2023-11-18,Italy
TXN-F05A9C00-E31,CHF,Pending,2024-09-23,Germany
TXN-A43D7484-027,LKR,Failed,2023-06-11,Singapore
TXN-8F89B82C-651,CHF,Processing,2023-03-12,Sri Lanka
TXN-3EA7CFCF-F1B,CAD,Pending,2023-12-12,United States
TXN-499FA1FB-EDB,SGD,Completed,2023-12-13,Canada
TXN-B4843569-D12,LKR,Refunded,2023-06-02,Switzerland
TXN-44F6E7B3-9CA,INR,Processing,2023-07-07,Australia
TXN-B05E5F41-2B9,AED,Pending,2024-01-03,Switzerland
TXN-300E443F-98E,JPY,Pending,2024-12-31,Norway
TXN-AD7E1532-1F2,GBP,Pending,2023-05-28,United Kingdom
TXN-419F9A80-267,LKR,Pending,2023-10-23,Switzerland
TXN-11A61319-936,LKR,Completed,2024-02-26,Australia
TXN-1CA10126-30B,EUR,Completed,2024-01-10,Norway
TXN-C2D8F118-5D2,SGD,Refunded,2024-01-22,United States
TXN-D5415C77-D89,AED,Cancelled,2024-10-31,United Kingdom
TXN-E2C40F9D-6AE,CNY,Refunded,2023-01-19,Singapore
TXN-B888B491-703,GBP,Cancelled,2024-12-19,France
TXN-FB85FB02-1D8,USD,Completed,2023-04-11,Germany
TXN-EC6FEF23-6F2,INR,Cancelled,2024-10-10,Singapore
TXN-4312D519-43C,SGD,Completed,2023-09-13,Singapore
TXN-E9B6F72E-3A7,SGD,Pending,2023-11-09,Brazil
TXN-EC409FA1-550,GBP,Failed,2023-09-22,Singapore
TXN-CBFE0E9C-2E0,INR,Cancelled,2023-05-08,UAE
TXN-C37EE550-253,INR,Pending,2024-08-30,Japan
TXN-55D650AF-145,INR,Pending,2023-08-22,Netherlands
TXN-4282CBDA-497,CHF,Failed,2024-07-05,UAE
TXN-9A5156C8-B52,AED,Pending,2024-07-04,Canada
TXN-6B7DF603-DE4,EUR,Cancelled,2023-05-24,Singapore
TXN-ED18563F-88D,INR,Refunded,2023-03-06,Japan
TXN-E85EF4F8-63B,CNY,Refunded,2023-10-10,Sweden
TXN-CBD454D8-BF0,LKR,Cancelled,2024-06-14,Sri Lanka
TXN-47819DBD-D12,INR,Completed,2024-10-31,Germany
TXN-16643550-8DA,JPY,Pending,2024-07-20,Singapore
TXN-0143C755-F8B,GBP,Processing,2024-02-04,Brazil
TXN-A396778B-365,CAD,Failed,2024-11-13,Sri Lanka
TXN-D0214AF3-EBE,AUD,Processing,2024-12-27,China
TXN-7C61F0FE-115,USD,Cancelled,2023-02-09,South Africa
TXN-66790C21-AB9,CNY,Pending,2023-09-13,China
TXN-FA69C9A3-681,CHF,Refunded,2024-02-03,France
TXN-DA621F03-74E,LKR,Cancelled,2023-11-07,China
TXN-839C2787-A94,CNY,Cancelled,2023-03-25,Canada
TXN-7D589AF0-84F,LKR,Completed,2023-08-03,UAE
TXN-13C87059-82D,CHF,Refunded,2024-03-01,China
TXN-BDCE5484-120,SGD,Refunded,2023-12-19,Spain
TXN-36BF865C-CCF,LKR,Processing,2024-03-08,UAE
TXN-0E449AC7-C30,CAD,Cancelled,2023-08-12,Sweden
TXN-9D71BCC4-879,USD,Failed,2024-07-28,Japan
TXN-377B8E6E-319,LKR,Cancelled,2024-09-23,Japan
TXN-312CDDB6-ECD,INR,Pending,2023-07-23,Sweden
TXN-3E7CD722-840,INR,Refunded,2023-06-03,Germany
TXN-AD753D9C-8B8,CNY,Refunded,2024-07-12,France
TXN-3BB3B055-A15,JPY,Completed,2024-11-16,Germany
TXN-3B57E9A2-7B6,GBP,Failed,2024-02-10,United States
TXN-B31AAB5A-ABA,SGD,Completed,2024-05-17,Australia
TXN-BD9CDF0C-A4A,CNY,Completed,2023-03-21,Italy
TXN-6BCCBFF1-3DA,AED,Completed,2023-04-20,France
TXN-AB4CCDF7-B55,USD,Completed,2024-07-15,Germany
TXN-B2710D99-AC4,USD,Cancelled,2023-07-23,China
TXN-3A78B114-547,LKR,Processing,2024-07-20,Netherlands
TXN-AF7B46EB-03E,CAD,Completed,2024-02-12,France
TXN-A2E3B389-A74,USD,Cancelled,2024-12-15,South Africa
TXN-7EC12040-1D8,GBP,Completed,2024-09-03,Germany
TXN-99E76E83-35B,AUD,Cancelled,2024-07-09,Norway
TXN-42AD2E9F-AA4,AED,Refunded,2023-10-15,Sri Lanka
TXN-64DF2AD4-74C,GBP,Failed,2024-10-08,Norway
TXN-45E893B9-D8E,GBP,Cancelled,2024-07-30,Canada
TXN-FE3C61BC-BD8,CAD,Completed,2023-06-19,South Africa
TXN-B54B8D68-6C0,LKR,Completed,2023-09-12,UAE
TXN-BB292AEE-DEB,SGD,Processing,2024-12-26,South Africa
TXN-761C58BA-151,SGD,Completed,2023-01-11,United States
TXN-75515CCD-A0A,AED,Completed,2024-04-19,Italy
TXN-2B9E79A3-8BE,AUD,Processing,2024-05-28,United Kingdom
TXN-C9A6F074-849,AED,Refunded,2023-09-18,South Africa
TXN-C64A9154-DDB,CHF,Processing,2023-12-18,Norway
TXN-9FC06FC5-281,SGD,Cancelled,2024-05-21,Australia
TXN-7585808C-9DF,AUD,Processing,2024-01-10,Brazil
TXN-9922657B-D38,LKR,Processing,2023-09-06,Switzerland
TXN-05FCC62D-666,SGD,Pending,2023-05-26,Singapore
TXN-7434FF14-473,GBP,Pending,2024-07-30,Netherlands
TXN-CECB7040-945,GBP,Refunded,2023-10-11,Brazil
TXN-3C76821B-3DA,CAD,Cancelled,2024-07-31,Switzerland
TXN-5EFA89F3-890,CNY,Processing,2024-05-10,Canada
TXN-1AD93609-52F,GBP,Processing,2024-04-03,Brazil
TXN-2B4BA1CC-4C0,GBP,Refunded,2023-03-02,United States
TXN-3E613B6F-C46,INR,Cancelled,2024-03-01,Germany
TXN-00B7127B-C34,SGD,Refunded,2024-08-27,Norway
TXN-E3CE6ABC-8F5,CNY,Pending,2023-06-09,Australia
TXN-7983DD32-9DF,GBP,Failed,2023-03-24,Japan
TXN-AA43C778-EFB,CAD,Refunded,2024-01-09,Italy
TXN-043928CB-C93,CNY,Pending,2024-04-30,France
TXN-AEA61BA6-30E,SGD,Cancelled,2024-09-21,Canada
TXN-3B7EC260-804,AUD,Failed,2024-02-08,Netherlands
TXN-152F0158-8E2,AUD,Pending,2024-04-05,Canada
TXN-6E1C884F-831,LKR,Processing,2024-07-31,United States
TXN-88359B80-4AD,AED,Pending,2024-04-18,Sri Lanka
TXN-94B8EB41-F0D,SGD,Processing,2024-11-06,Italy
TXN-3748071B-984,CHF,Completed,2024-05-28,United Kingdom
TXN-803526B5-5AB,LKR,Failed,2024-03-31,Sri Lanka
TXN-98F1BC3B-A0A,CAD,Refunded,2023-07-17,Japan
TXN-0F914909-2B9,CAD,Processing,2023-11-22,Brazil
TXN-AC5D3080-86B,JPY,Failed,2023-10-18,Sweden
TXN-240BEAAF-D74,USD,Completed,2023-06-06,France
TXN-D13FB136-662,SGD,Cancelled,2024-06-28,Netherlands
TXN-184B8B38-837,JPY,Processing,2024-04-30,Brazil
TXN-E1443C84-611,AED,Failed,2023-02-25,France
TXN-9978175B-F6F,EUR,Processing,2023-05-13,Switzerland
TXN-AF70D471-597,INR,Cancelled,2024-05-11,Canada
TXN-0ED0C51C-9E0,SGD,Completed,2023-07-16,China
TXN-88DF9372-CEB,CNY,Completed,2023-09-03,Italy
TXN-BCBC7A25-2E0,EUR,Cancelled,2024-11-05,Canada
TXN-27EE1573-A70,INR,Failed,2024-04-05,Spain
TXN-CD59D061-D5D,USD,Cancelled,2024-08-07,Spain
TXN-CD54344B-5F7,GBP,Completed,2024-02-15,South Africa
TXN-BBABB5AD-7EE,CNY,Pending,2023-07-30,South Africa
TXN-2DAAA4DE-0DF,AUD,Pending,2024-05-01,Japan
TXN-EF49F75D-E43,JPY,Refunded,2023-02-12,Germany
TXN-0BC17BF1-0A2,LKR,Pending,2024-01-10,South Africa
TXN-C64292E1-A53,INR,Completed,2023-12-03,United States
TXN-B043D5B2-55B,SGD,Refunded,2023-02-24,Brazil
TXN-EE4DCBB3-252,LKR,Failed,2024-06-21,United States
TXN-C95B608F-B31,SGD,Pending,2024-08-21,United States
TXN-96523FF1-362,CAD,Cancelled,2023-12-29,Germany
TXN-D45ECA60-CB3,USD,Pending,2024-01-21,Australia
TXN-8835599E-4FD,EUR,Completed,2023-10-25,Australia
TXN-C3F12C42-FBE,AUD,Completed,2023-02-10,Singapore
TXN-C07E51ED-72D,USD,Refunded,2023-07-15,Australia
TXN-0F008E8F-904,LKR,Refunded,2023-02-13,United States
TXN-AC029DF0-FA8,USD,Completed,2024-01-12,Italy
TXN-8AB905AE-FFA,CNY,Failed,2024-08-29,Australia
TXN-2148C08C-B92,CHF,Refunded,2023-06-16,United States
TXN-9B99364A-5DF,LKR,Failed,2024-04-30,Japan
TXN-3377EB51-708,CNY,Failed,2024-10-19,Norway
TXN-9B19AF20-A66,CAD,Cancelled,2023-01-27,France
TXN-E903E152-E8E,INR,Failed,2024-12-30,Netherlands
TXN-1D40F304-0D8,CNY,Failed,2023-03-29,Australia
TXN-8445FFDA-7D8,CHF,Completed,2023-02-17,Canada
TXN-0D0CC257-3EA,CNY,Refunded,2023-03-07,Australia
TXN-D2388B0B-0D5,CAD,Refunded,2024-06-03,Australia
TXN-880CFEEB-C87,JPY,Refunded,2024-11-15,Canada
TXN-F157D894-989,INR,Processing,2024-01-03,Sri Lanka
TXN-31CBB786-64F,AUD,Processing,2024-05-06,India
TXN-02D354EC-3DF,GBP,Cancelled,2024-10-29,France
TXN-3ADB0B85-C5C,SGD,Completed,2024-10-14,India
TXN-CF253BCD-1F0,JPY,Completed,2024-11-08,Netherlands
TXN-2B428BDC-21A,LKR,Pending,2023-05-16,Italy
TXN-BF31046B-9A8,GBP,Cancelled,2024-05-14,India
TXN-BF8B3D5C-D15,CAD,Completed,2024-09-01,Sweden
TXN-F3E6B637-E51,AED,Refunded,2023-04-05,Italy
TXN-7E1240F1-217,USD,Cancelled,2024-09-05,South Africa
TXN-F22D486D-B9F,LKR,Processing,2023-03-16,Singapore
TXN-445DE7A1-2F3,INR,Completed,2023-08-05,China
TXN-EA288093-4A8,CHF,Processing,2023-05-16,Sri Lanka
TXN-6D3B8DFF-C87,CHF,Cancelled,2023-03-31,China
TXN-84B8BAB5-4B0,AED,Cancelled,2023-09-22,Germany
TXN-04178BB6-004,INR,Processing,2024-12-10,France
TXN-3A20C216-912,JPY,Processing,2023-03-14,Sri Lanka
TXN-758911E8-3B7,INR,Processing,2024-08-31,Brazil
TXN-131A95FE-A50,CAD,Completed,2023-08-01,Sweden
TXN-270F30FD-BBA,INR,Cancelled,2024-05-20,Netherlands
TXN-C7F7AA72-AA2,AED,Pending,2023-03-21,Sweden
TXN-99FD0C8E-CB8,CHF,Cancelled,2023-02-26,Sri Lanka
TXN-79674FC5-A01,INR,Pending,2024-08-16,Australia
TXN-3046A194-716,JPY,Cancelled,2024-07-11,China
TXN-6F8B6D56-63B,EUR,Refunded,2023-03-03,South Africa
TXN-465BC13B-727,JPY,Cancelled,2023-02-14,Canada
TXN-D5D8560E-699,AUD,Failed,2024-06-18,Brazil
TXN-2E5C0B93-2ED,INR,Processing,2024-03-20,Spain
TXN-081AF20D-D02,SGD,Refunded,2024-06-14,France
TXN-BD31C3FC-CFF,GBP,Failed,2023-11-06,Sweden
TXN-9610BD02-F10,CHF,Processing,2023-07-22,Canada
TXN-CCAAED13-14C,CNY,Refunded,2024-05-14,Switzerland
TXN-C7B6069D-35E,USD,Processing,2024-05-05,Netherlands
TXN-85E2767D-CCE,LKR,Pending,2024-10-15,Norway
TXN-DCFBB180-108,USD,Completed,2023-02-24,Canada
TXN-1650B3B5-81D,LKR,Cancelled,2024-08-23,Singapore
TXN-D1D9AD95-EC5,CNY,Pending,2023-03-07,Sweden
TXN-5DD309A3-E38,JPY,Completed,2023-10-08,Spain
TXN-5BEC78FB-CAD,INR,Refunded,2024-06-09,China
TXN-FF737C11-795,JPY,Refunded,2024-08-31,Brazil
TXN-4D8FE8A3-0B8,JPY,Completed,2024-12-07,India
TXN-87093631-9A2,USD,Cancelled,2024-10-19,China
TXN-344EF4F2-4AE,CHF,Processing,2023-04-12,France
TXN-D28B71BB-52A,EUR,Pending,2023-11-14,Japan
TXN-0CD67420-FD1,USD,Processing,2024-03-05,Japan
TXN-6C670F7F-26A,GBP,Processing,2024-03-22,Singapore
TXN-35A09C7E-604,AED,Processing,2023-04-06,Canada
TXN-D5670971-BDC,GBP,Refunded,2024-11-17,Singapore
TXN-ECC63E0B-142,CNY,Pending,2024-05-22,Brazil
TXN-92C6721D-ED7,AED,Completed,2024-02-25,Germany
TXN-355005D0-0FF,EUR,Cancelled,2024-08-04,Canada
TXN-4ACCB6AA-F38,CAD,Completed,2024-06-09,China
TXN-D4CFDD1D-020,LKR,Processing,2023-03-08,Germany
TXN-02151E6E-1B2,AUD,Completed,2024-09-28,UAE
TXN-D6587880-37E,INR,Refunded,2024-11-26,Spain
TXN-304768EF-C77,INR,Pending,2024-01-25,Singapore
TXN-98926035-E6B,AED,Pending,2023-05-06,China
TXN-A69640FC-1C0,SGD,Processing,2023-07-23,UAE
TXN-F267CFB3-FBB,INR,Processing,2023-09-20,Japan
TXN-CE816E5F-632,JPY,Processing,2024-04-08,Sweden
TXN-5C0BC7B2-9E7,CAD,Cancelled,2023-06-18,Switzerland
TXN-118B936F-26B,EUR,Failed,2023-02-07,United Kingdom
TXN-55DC3D70-AB5,AUD,Cancelled,2023-01-08,Switzerland
TXN-FD9E9D8F-F40,GBP,Pending,2023-07-24,France
TXN-EDD06762-A70,JPY,Cancelled,2023-07-30,Spain
TXN-25C5C141-874,INR,Pending,2024-07-13,United Kingdom
TXN-85F9A3B5-6EB,EUR,Cancelled,2023-07-24,Brazil
TXN-12B58311-169,INR,Refunded,2023-03-08,Spain
TXN-3DAAA251-FA1,CNY,Refunded,2024-04-03,Switzerland
TXN-82F6501D-935,GBP,Cancelled,2023-10-29,Norway
TXN-F0FFE645-391,SGD,Pending,2024-02-08,United Kingdom
TXN-4E22A378-062,INR,Processing,2023-03-17,India
TXN-AE5FB262-E23,LKR,Cancelled,2024-05-12,Netherlands
TXN-AF5993FD-3EB,JPY,Failed,2023-08-12,Netherlands
TXN-1B3FC2B3-6E9,EUR,Cancelled,2024-02-14,United States
TXN-227F434B-FDB,AUD,Completed,2023-04-05,Sri Lanka
TXN-A84D8D86-07E,CHF,Failed,2024-04-20,Sweden
TXN-A46A45E5-DE0,CAD,Cancelled,2024-06-09,United States
TXN-ED38F538-F00,LKR,Refunded,2024-02-20,Netherlands
TXN-33D83941-8BB,INR,Refunded,2024-04-16,United States
TXN-AF3EA215-C92,USD,Completed,2023-08-28,South Africa
TXN-3052C8DC-F1E,AUD,Pending,2023-05-31,Sweden
TXN-8418BB7D-75C,LKR,Refunded,2024-02-24,Sri Lanka
TXN-AC5F69A0-9ED,AUD,Processing,2024-05-24,Canada
TXN-8EDD6E41-21F,SGD,Completed,2024-07-05,Australia
TXN-D0B863E7-7B6,SGD,Failed,2024-11-25,France
TXN-F757F8AC-8D9,INR,Cancelled,2024-10-27,China
TXN-A656B56B-170,USD,Pending,2024-11-17,United Kingdom
TXN-A80E4369-C1C,CHF,Processing,2023-09-29,Australia
TXN-7B5D9A40-4CD,SGD,Processing,2023-07-08,Brazil
TXN-3AE124AC-4A2,JPY,Completed,2023-04-22,Italy
TXN-A830F47A-A2F,CNY,Completed,2024-05-28,United States
TXN-365CEAFC-B5D,CNY,Pending,2024-02-25,Sri Lanka
TXN-D4E9AD0F-D0B,JPY,Completed,2023-05-13,Sri Lanka
TXN-F5EE7BD5-E94,CHF,Cancelled,2024-10-12,Norway
TXN-9670D7F5-F6C,CAD,Cancelled,2023-06-04,Canada
TXN-3E030961-EBA,GBP,Processing,2023-08-15,Switzerland
TXN-9B2CB433-85C,EUR,Completed,2023-10-09,France
TXN-ABD14055-0ED,CNY,Cancelled,2023-02-20,Singapore
TXN-8A11D5F0-061,SGD,Processing,2024-08-19,India
TXN-313EA279-6F1,SGD,Processing,2024-07-13,India
TXN-7C4225FC-2A3,INR,Pending,2024-04-08,Sweden
TXN-17693488-1A1,AED,Completed,2024-03-05,Germany
TXN-FF0AB78B-593,JPY,Cancelled,2024-09-26,Switzerland
TXN-53956A2A-670,CAD,Failed,2023-10-23,Brazil
TXN-96E681CB-026,CNY,Cancelled,2024-06-21,France
TXN-8F1844D0-038,GBP,Failed,2023-01-31,Canada
TXN-B322B5D4-C44,CAD,Completed,2024-12-30,United Kingdom
TXN-64231EFA-7F9,EUR,Refunded,2023-09-06,Australia
TXN-114F64DC-123,CAD,Completed,2023-01-25,Norway
TXN-659021CC-7AD,CNY,Refunded,2023-06-05,Italy
TXN-933C4AE6-6B9,JPY,Cancelled,2023-06-27,Australia
TXN-BABCF49B-375,GBP,Failed,2023-07-06,Spain
TXN-45415725-814,CHF,Processing,2023-06-30,Germany
TXN-D09ECE38-604,SGD,Processing,2023-03-02,India
TXN-947706D4-9BF,GBP,Completed,2024-12-14,Australia
TXN-6AAA4A69-2C2,CNY,Failed,2023-12-27,South Africa
TXN-9B277A28-C72,SGD,Cancelled,2023-03-05,United Kingdom
TXN-3C13FBB2-6F9,AED,Completed,2024-06-04,Sri Lanka
TXN-03AE683C-A62,LKR,Cancelled,2023-03-25,United Kingdom
TXN-6119A2D6-D6A,INR,Processing,2024-08-10,Sweden
TXN-FDA3EB1E-F7B,EUR,Processing,2024-05-21,Switzerland
TXN-0F11D5A8-134,CNY,Processing,2024-10-29,France
TXN-DF5D4E85-E5D,JPY,Refunded,2024-02-27,France
TXN-D6C698EB-428,CHF,Cancelled,2023-06-14,Italy
TXN-F9F8924D-7CA,USD,Completed,2023-10-19,Spain
TXN-4481C0E3-DCD,CNY,Pending,2024-09-15,France
TXN-1052CEEF-76D,CNY,Refunded,2023-01-13,India
TXN-EC041E7E-86E,JPY,Refunded,2024-12-25,Netherlands
TXN-831D5E9F-07F,AED,Cancelled,2024-06-23,South Africa
TXN-8B6CBFAD-A05,INR,Processing,2023-08-12,Germany
TXN-D3121868-4C6,CNY,Processing,2024-02-19,France
TXN-3BF5C5B7-52C,CHF,Completed,2024-04-14,United States
TXN-986718B2-746,CHF,Refunded,2023-06-03,Sri Lanka
TXN-229D9F99-3C4,USD,Refunded,2024-05-02,Brazil
TXN-C6EB909A-1AB,CNY,Refunded,2023-07-25,UAE
TXN-815383C9-42D,CHF,Processing,2023-06-21,Germany
TXN-99009006-1E0,AED,Pending,2023-10-19,France
TXN-D9302FE2-323,CHF,Failed,2024-01-29,India
TXN-74CCC5D3-594,JPY,Failed,2023-10-01,Sri Lanka
TXN-80FCEE99-097,SGD,Failed,2024-06-08,Netherlands
TXN-1650DEB6-059,EUR,Completed,2023-08-04,Germany
TXN-393A232F-0FF,GBP,Failed,2024-07-18,India
TXN-4BE27234-CFD,SGD,Completed,2023-02-05,Italy
TXN-77EEEC55-47D,LKR,Processing,2023-03-22,Norway
TXN-F9DFD18B-591,GBP,Cancelled,2024-07-01,United Kingdom
TXN-F9B0EBF5-EF6,CAD,Failed,2024-10-31,South Africa
TXN-A0D5FDC1-A4E,CHF,Pending,2024-09-24,UAE
TXN-228DFA8E-FE2,INR,Completed,2023-04-06,South Africa
TXN-86FA1B4B-D00,CAD,Pending,2024-09-07,Switzerland
TXN-A9867E4E-B04,CAD,Processing,2024-06-06,India
TXN-AD9CD491-4B0,AUD,Processing,2024-05-24,Canada
TXN-05DE9E12-010,SGD,Failed,2024-12-07,Sri Lanka
TXN-22285097-BE0,LKR,Refunded,2024-01-06,Italy
TXN-DA81D245-808,AED,Pending,2023-02-13,Netherlands
TXN-748B44DD-803,AED,Cancelled,2024-10-06,China
TXN-FC4975C3-947,AUD,Pending,2024-06-29,Canada
TXN-2E00BB10-243,INR,Pending,2023-05-31,Spain
TXN-403C3481-8F0,JPY,Pending,2024-10-14,Singapore
TXN-D0EF9E38-8B9,CHF,Refunded,2024-12-25,Canada
TXN-1ED98ABC-929,CHF,Pending,2023-09-27,Australia
TXN-41CE3F87-127,AUD,Failed,2023-11-13,Sri Lanka
TXN-42B9A631-AA8,AUD,Failed,2024-06-24,Brazil
TXN-82E163B5-548,AED,Processing,2023-03-26,Netherlands
TXN-59E7070A-C37,EUR,Processing,2023-04-19,United Kingdom
TXN-EF0B6775-A72,INR,Pending,2024-10-05,Australia
TXN-CF847B99-315,EUR,Processing,2023-05-17,India
TXN-62A5B0FC-D2F,AUD,Failed,2023-02-09,Canada
TXN-13F49295-632,SGD,Pending,2024-09-25,South Africa
TXN-E946B89B-870,CAD,Refunded,2023-10-03,India
TXN-FDF5B2B3-898,LKR,Completed,2023-09-28,Sweden
TXN-8E6A7D83-A73,AUD,Pending,2024-05-01,Japan
TXN-6321DF0C-3EB,USD,Failed,2024-01-03,United States
TXN-8EF12CEC-964,INR,Completed,2024-05-01,United States
TXN-51383E76-85E,EUR,Processing,2024-11-21,Switzerland
TXN-CFBE71DF-B74,SGD,Refunded,2023-10-09,China
TXN-21507F72-9A7,CNY,Refunded,2024-10-18,Norway
TXN-32B756EA-655,JPY,Refunded,2023-05-07,United Kingdom
TXN-1D2BE8C7-E79,SGD,Failed,2024-07-23,Germany
TXN-7F613F4C-5D5,AUD,Cancelled,2024-08-28,China
TXN-FCFF53E8-836,JPY,Failed,2024-09-14,China
TXN-C32CB5C5-73E,USD,Completed,2024-09-04,Switzerland
TXN-B200807B-6CD,CAD,Refunded,2024-02-24,Japan
TXN-826D3DCB-DEA,INR,Cancelled,2024-04-21,Switzerland
TXN-9ADFE934-B18,AED,Pending,2023-10-04,Brazil
TXN-480C8E33-8FA,CAD,Failed,2024-07-22,Italy
TXN-8AFD2BEC-757,CAD,Failed,2023-12-11,United States
TXN-C8B1320E-A23,CHF,Pending,2024-09-07,Spain
TXN-DC54A6B9-977,AED,Refunded,2023-08-18,UAE
TXN-6B7559E6-B24,CHF,Pending,2024-06-26,Norway
TXN-77A5986D-DBC,GBP,Processing,2024-09-03,Singapore
TXN-D0A9B8F0-A1B,EUR,Processing,2023-12-19,France
TXN-390D13F3-05F,AED,Completed,2024-08-26,India
TXN-3A0FA65B-06A,USD,Cancelled,2024-03-19,Singapore
TXN-8377B377-3F9,LKR,Refunded,2024-07-01,Singapore
TXN-C4FF7971-6BB,CAD,Refunded,2023-02-24,Netherlands
TXN-37B8FFAA-D86,JPY,Refunded,2023-05-18,United States
TXN-2DA8DEB3-717,USD,Failed,2024-01-01,Japan
TXN-1BFCEA99-AFB,LKR,Cancelled,2024-11-20,United Kingdom
TXN-38ADF25D-AD3,GBP,Failed,2023-04-09,France
TXN-68BDE17C-208,JPY,Refunded,2024-11-24,Spain
TXN-60D304CE-D72,EUR,Completed,2024-04-03,Australia
TXN-6B860E89-E22,AUD,Refunded,2024-11-12,Germany
TXN-45105A3D-BC6,INR,Processing,2024-07-26,Singapore
TXN-74803A1E-DE0,GBP,Completed,2024-12-02,Brazil
TXN-E65E58C1-6BB,LKR,Failed,2024-08-11,Canada
TXN-642BC3FB-C8B,GBP,Completed,2023-03-21,Spain
TXN-3669000F-BDD,AED,Refunded,2023-03-24,Sri Lanka
TXN-E9658A06-244,EUR,Refunded,2023-07-14,Singapore
TXN-E4DBA527-D65,CNY,Refunded,2024-10-12,India
TXN-587DE364-731,CNY,Pending,2024-04-23,Netherlands
TXN-75FE0A7B-71F,LKR,Processing,2023-10-09,South Africa
TXN-11A07A3D-73C,EUR,Refunded,2023-04-20,Netherlands
TXN-6E7A07CE-247,INR,Refunded,2023-04-23,Singapore
TXN-EC32CD20-F3D,CNY,Cancelled,2024-03-06,Switzerland
TXN-1A690EBA-A3A,AUD,Completed,2023-12-19,United States
TXN-8EEBA010-C27,SGD,Processing,2023-01-08,Italy
TXN-693A7331-E7F,USD,Cancelled,2024-02-22,Sri Lanka
TXN-3EC632BA-F32,GBP,Failed,2024-06-28,Japan
TXN-2BFA26FF-8D8,CAD,Processing,2023-06-01,Norway
TXN-6E06A5A6-F5C,AED,Cancelled,2024-08-29,France
TXN-B4795456-1DE,AED,Failed,2023-07-29,United Kingdom
TXN-9C6C99B7-93D,CNY,Failed,2024-09-22,United States
TXN-052DEB21-5ED,CAD,Processing,2023-12-13,Brazil
TXN-FF8B4F7D-E8E,AED,Processing,2024-04-13,Germany
TXN-5C3FFAC4-39E,USD,Failed,2023-06-23,Sweden
TXN-12D4BD36-EE3,JPY,Processing,2023-10-27,South Africa
TXN-56C12B7F-4CD,CAD,Pending,2023-07-19,South Africa
TXN-B569ADC0-487,INR,Processing,2024-01-22,Sri Lanka
TXN-4C7EF57F-E67,GBP,Pending,2023-08-04,Sweden
TXN-1426F9DC-BF1,LKR,Completed,2023-02-02,UAE
TXN-F9BC99A7-83C,AUD,Cancelled,2024-05-20,United States
TXN-3A8F846B-C77,EUR,Refunded,2024-04-10,Sweden
TXN-E7495411-790,AUD,Completed,2024-06-01,Switzerland
TXN-650BD9D2-3FA,CHF,Failed,2024-07-28,Norway
TXN-6BD9CA3D-693,JPY,Cancelled,2024-04-02,Germany
TXN-B49494D6-C2B,LKR,Processing,2024-04-27,Japan
TXN-F001FD72-BEB,USD,Processing,2023-09-25,Australia
TXN-688AA968-F74,GBP,Pending,2023-05-25,Canada
TXN-4A20C412-3D8,INR,Processing,2023-01-06,Brazil
TXN-4B2A5DD7-E90,JPY,Refunded,2024-07-24,Switzerland
TXN-907D0781-4B8,EUR,Processing,2024-08-28,Sri Lanka
TXN-11AFD2D1-230,CNY,Completed,2024-10-06,South Africa
TXN-1E8E43DA-364,CNY,Completed,2023-10-05,Switzerland
TXN-46022526-B4A,CHF,Failed,2024-08-10,South Africa
TXN-4F8A60A3-873,INR,Cancelled,2023-06-24,Japan
TXN-99AA69DB-98C,INR,Refunded,2023-04-03,Germany
TXN-EC30D865-80F,INR,Processing,2024-04-26,Italy
TXN-F8E68DA7-87A,AUD,Processing,2023-05-30,China
TXN-113AF4D9-C2C,GBP,Cancelled,2023-09-23,China
TXN-A089CAFA-4E3,EUR,Pending,2023-12-27,Netherlands
TXN-2AF800D0-2C6,GBP,Cancelled,2023-12-23,Germany
TXN-81F47A00-E7F,AUD,Completed,2024-07-11,Australia
TXN-2A75DBCB-50C,JPY,Cancelled,2023-02-28,Germany
TXN-D4EABD2E-8B5,LKR,Pending,2023-12-11,Spain
TXN-BDAAE1A0-280,LKR,Cancelled,2024-05-25,Canada
TXN-700071DA-93E,CNY,Completed,2024-10-21,Canada
TXN-F825BA29-A08,LKR,Failed,2024-09-10,United Kingdom
TXN-0AB4007C-8CC,AED,Refunded,2024-09-02,Italy
TXN-F1F2E496-4B7,LKR,Refunded,2023-07-23,Canada
TXN-06C76638-3B5,AUD,Processing,2024-04-18,India
TXN-D443549C-140,CHF,Cancelled,2024-11-14,Australia
TXN-72427C59-23C,EUR,Cancelled,2023-06-04,Norway
TXN-CAA40907-268,AUD,Completed,2023-10-04,Sweden
TXN-186F85F9-8FD,CHF,Completed,2024-11-19,France
TXN-53F5A257-9F3,INR,Pending,2023-08-21,Italy
TXN-1F74B415-17E,CNY,Completed,2024-03-18,Australia
TXN-CF59215A-E2D,JPY,Cancelled,2023-01-26,Australia
TXN-06A78A4B-86F,GBP,Pending,2024-12-22,Italy
TXN-A594AA6B-9CE,USD,Refunded,2023-11-06,United Kingdom
TXN-298B3FA1-B4B,INR,Cancelled,2024-05-19,Spain
TXN-CCE4CC19-227,CAD,Pending,2024-01-07,United States
TXN-6F62B0D2-07A,CNY,Processing,2024-02-14,Germany
TXN-06B4CB78-537,AED,Failed,2023-09-14,Sri Lanka
TXN-BD6250B8-C96,USD,Completed,2024-04-29,China
TXN-BA2251F7-79A,GBP,Completed,2023-09-24,Spain
TXN-3DB50C44-9B3,CAD,Processing,2023-02-01,Australia
TXN-D2A33E93-C93,AUD,Pending,2023-09-21,South Africa
TXN-E7C047C7-53B,AUD,Cancelled,2023-10-17,Sri Lanka
TXN-0D1EAD28-626,SGD,Cancelled,2024-11-01,Italy
TXN-0409D808-27E,SGD,Completed,2023-06-22,China
TXN-C04AB845-776,AUD,Cancelled,2023-02-01,France
TXN-7B005FF8-4EC,CHF,Failed,2023-07-07,Switzerland
TXN-F7892B70-FD2,INR,Processing,2023-07-27,Netherlands
TXN-546DE5A2-8FF,CNY,Completed,2023-09-06,France
TXN-E1D07187-FED,CNY,Refunded,2023-01-03,France
TXN-5D98AD7A-67A,SGD,Refunded,2023-01-03,Switzerland
TXN-1411CA4F-C12,CAD,Pending,2024-10-09,United States
TXN-BDAE43A7-EFC,LKR,Failed,2024-08-15,China
TXN-4C7BB63C-63B,AED,Pending,2024-08-30,Sweden
TXN-653B79FB-B09,AED,Pending,2024-06-20,Sweden
TXN-2DC5D713-6D5,GBP,Cancelled,2024-05-05,Switzerland
TXN-448DA5B4-D64,INR,Failed,2024-07-27,Netherlands
TXN-32CBFCDA-C7E,EUR,Processing,2024-09-19,Germany
TXN-4A9EEBEA-598,USD,Refunded,2023-04-17,Spain
TXN-10399525-3E9,LKR,Cancelled,2023-07-11,Norway
TXN-8E01A7FE-615,USD,Processing,2023-04-19,Sri Lanka
TXN-737470F7-773,GBP,Cancelled,2024-03-07,Italy
TXN-4C906243-E83,SGD,Completed,2024-03-21,France
TXN-8AB8D876-A5B,JPY,Processing,2024-12-09,Switzerland
TXN-36BCB02B-534,INR,Pending,2024-06-08,UAE
TXN-AD4420AE-7F1,EUR,Pending,2024-11-29,Norway
TXN-C7769170-886,JPY,Processing,2023-09-07,Norway
TXN-8C55D267-AD0,JPY,Completed,2023-08-30,India
TXN-2843BAEF-54E,AED,Refunded,2023-09-25,Switzerland
TXN-E04383A3-231,SGD,Refunded,2024-12-27,South Africa
TXN-60D36A80-849,AED,Failed,2023-10-05,India
TXN-3FC4B0A4-298,CAD,Cancelled,2024-12-24,Brazil
TXN-AE82CDC6-F8E,CHF,Processing,2024-07-08,France
TXN-E81A47A4-0EE,USD,Pending,2023-12-21,Japan
TXN-ADD9A256-8D8,CHF,Processing,2023-12-12,United Kingdom
TXN-CBEDDBAC-D32,AUD,Pending,2023-08-05,Brazil
TXN-7B9D4187-A3E,CHF,Processing,2024-05-01,United States
TXN-C3BBE867-8CC,EUR,Pending,2024-10-20,United States
TXN-24A3918D-27C,USD,Refunded,2024-03-31,South Africa
TXN-DC498CEC-0C8,GBP,Failed,2023-09-10,South Africa
TXN-EAE4099E-56B,AUD,Failed,2024-10-20,Australia
TXN-09E31F9C-D36,SGD,Refunded,2024-12-17,UAE
TXN-CB379E3D-C74,CNY,Failed,2023-06-02,Norway
TXN-79293C58-858,CNY,Cancelled,2024-06-25,France
TXN-6BD1C89F-E95,USD,Completed,2024-06-30,United Kingdom
TXN-8BF88261-ADA,LKR,Completed,2023-12-20,Switzerland
TXN-6A14E82D-159,CAD,Failed,2024-10-13,Germany
TXN-C3087A50-B07,AED,Refunded,2023-06-05,Switzerland
TXN-35A51172-2DB,AED,Pending,2023-07-02,Switzerland
TXN-C0AADC51-9A4,LKR,Processing,2023-05-25,Italy
TXN-288DDDF0-C51,CAD,Refunded,2024-10-07,India
TXN-52AFF1E7-D87,GBP,Failed,2024-03-01,Switzerland
TXN-2E89FCA3-04B,JPY,Refunded,2023-01-07,China
TXN-64BC7CED-D1B,CHF,Processing,2023-07-10,France
TXN-FB09BAEC-75E,AED,Processing,2024-04-21,Japan
TXN-870A3B6C-001,GBP,Refunded,2024-01-22,France
TXN-40714EF7-4F2,LKR,Pending,2024-09-20,Germany
TXN-2E9C3DB6-304,CNY,Completed,2024-03-29,China
TXN-0FA534E1-347,USD,Failed,2024-06-09,France
TXN-FFF98625-A4A,EUR,Cancelled,2023-01-13,Netherlands
TXN-EA034EA4-5D0,AUD,Refunded,2023-05-12,India
TXN-74736C04-B78,SGD,Pending,2023-02-13,Japan
TXN-843E005C-D02,SGD,Failed,2024-07-13,France
TXN-4CD6E654-C68,GBP,Refunded,2023-12-16,Singapore
TXN-071C7173-AB1,CHF,Failed,2024-06-07,France
TXN-1CF52D63-257,AED,Cancelled,2023-12-26,United Kingdom
TXN-9A95511B-F8C,INR,Cancelled,2024-06-09,France
TXN-882A9DCE-8F7,EUR,Pending,2024-09-05,France
TXN-0B34148A-C42,USD,Refunded,2024-08-27,Italy
TXN-691D0842-E39,AUD,Refunded,2023-10-17,Sri Lanka
TXN-77AE6D27-FFB,CHF,Pending,2024-07-03,Spain
TXN-B41F748F-977,CNY,Cancelled,2023-01-15,Switzerland
TXN-F7101838-298,SGD,Cancelled,2024-03-22,Germany
TXN-B1F50F6D-67B,USD,Completed,2023-11-22,Italy
TXN-AE62459A-D2B,CHF,Cancelled,2024-07-27,Singapore
TXN-A556403E-8AE,INR,Completed,2024-11-01,Netherlands
TXN-97824733-896,EUR,Pending,2023-02-09,India
TXN-B487D4A9-91F,CHF,Refunded,2023-12-03,Brazil
TXN-1A838F00-219,AED,Refunded,2023-10-19,Australia
TXN-500E92BC-44E,EUR,Cancelled,2023-12-15,Germany
TXN-EA924A42-DF6,CHF,Cancelled,2024-09-07,UAE
TXN-1902943F-B74,CHF,Completed,2023-03-31,Brazil
TXN-34EA0AA2-938,SGD,Refunded,2023-02-27,Canada
TXN-C4B9C43C-5F3,SGD,Pending,2024-11-29,Brazil
TXN-690F7FAE-C0F,AUD,Refunded,2024-04-14,China
TXN-ABF75EBE-100,USD,Refunded,2024-03-06,Sweden
TXN-94022B7F-728,JPY,Refunded,2024-10-10,UAE
TXN-30657F31-6D9,CHF,Cancelled,2024-01-23,Netherlands
TXN-BFB40985-624,GBP,Cancelled,2023-08-22,Japan
TXN-DF3035A8-68C,USD,Cancelled,2024-12-22,Brazil
TXN-B351DF28-B16,JPY,Failed,2023-03-23,Sri Lanka
TXN-D468669F-830,INR,Pending,2024-08-12,Singapore
TXN-63D617D6-FD3,INR,Cancelled,2024-09-11,Norway
TXN-6AB3F34E-1CB,CHF,Refunded,2023-08-14,South Africa
TXN-8A8EF4E5-6E7,SGD,Processing,2024-11-24,United States
TXN-F70259B5-872,AUD,Pending,2023-03-29,Brazil
TXN-9756D0C6-076,CNY,Processing,2023-02-13,Norway
TXN-F6587038-40C,CAD,Pending,2024-04-03,Sweden
TXN-E785C040-77D,LKR,Pending,2024-04-24,Australia
TXN-88F470B2-025,USD,Completed,2024-02-25,Spain
TXN-7DD92EB9-965,AUD,Cancelled,2023-04-30,Australia
TXN-E6C5FC36-1D5,USD,Completed,2023-01-14,Sweden
TXN-550EDF58-117,AED,Cancelled,2023-05-06,Norway
TXN-D0B7E28E-F68,INR,Cancelled,2023-03-01,United Kingdom
TXN-1B38E2C3-26F,CNY,Refunded,2023-02-19,UAE
TXN-C670323B-1C7,LKR,Pending,2024-05-18,Switzerland
TXN-068D3644-C56,USD,Completed,2024-03-06,United Kingdom
TXN-1C05D008-60B,LKR,Refunded,2023-03-15,United States
TXN-1D3714EA-1B1,CNY,Completed,2024-10-13,Sweden
TXN-9EC6D92E-A4E,EUR,Pending,2023-04-11,Canada
TXN-DF595D85-61C,LKR,Processing,2023-04-08,Switzerland
TXN-B34378C2-103,CHF,Cancelled,2023-10-14,Japan
TXN-0DDAAE06-C0D,EUR,Failed,2023-09-03,Netherlands
TXN-8BD05D59-246,CHF,Failed,2024-11-30,Singapore
TXN-52832FFF-EA5,EUR,Cancelled,2024-04-10,Japan
TXN-8188342A-E42,CAD,Cancelled,2024-12-21,Netherlands
TXN-3EA629C9-BEE,LKR,Refunded,2023-06-24,France
TXN-ACE478C2-80E,EUR,Completed,2024-11-06,France
TXN-155A3D26-7E3,CHF,Completed,2024-10-02,India
TXN-8BF45EA9-6CF,CHF,Processing,2023-01-17,France
TXN-B5A33EF0-F54,LKR,Completed,2024-01-28,Australia
TXN-92F22540-FB7,CAD,Pending,2024-03-04,Germany
TXN-848DE17E-550,USD,Cancelled,2023-04-05,Sri Lanka
TXN-44B605F7-7C9,GBP,Pending,2024-09-28,Singapore
TXN-AE217C1B-B21,CHF,Cancelled,2023-11-25,UAE
TXN-FEB5442D-DC6,JPY,Pending,2023-08-23,Italy
TXN-1743B73E-E21,AUD,Pending,2023-01-16,Singapore
TXN-159E6B93-478,GBP,Cancelled,2023-11-12,Italy
TXN-304BBAF0-E58,GBP,Completed,2024-02-06,United States
TXN-288C6905-2AA,LKR,Completed,2024-03-09,Japan
TXN-4BF8E98B-3C9,AED,Processing,2023-08-04,Norway
TXN-6389086A-6FC,AUD,Refunded,2024-04-09,Australia
TXN-489A73B8-FA1,SGD,Completed,2023-03-03,Singapore
TXN-8AAD92D7-976,CAD,Completed,2023-03-25,China
TXN-F11A3A2E-C44,AUD,Completed,2023-08-17,Sri Lanka
TXN-65C2148E-ACB,AED,Completed,2023-08-26,France
TXN-50BAF93E-89C,LKR,Completed,2023-01-17,Germany
TXN-29AD2912-288,CNY,Processing,2024-01-03,Brazil
TXN-1661BE45-7A7,EUR,Refunded,2023-04-24,Australia
TXN-0BD3B853-7B9,AED,Refunded,2023-04-27,France
TXN-A0A28523-624,SGD,Failed,2024-03-26,Spain
TXN-8B99E678-81C,CHF,Pending,2024-04-16,Australia
TXN-A5A313CB-329,EUR,Refunded,2024-12-07,Spain
TXN-E912E905-BD7,EUR,Cancelled,2024-07-20,Sri Lanka
TXN-8003D1C3-979,LKR,Failed,2023-10-17,United States
TXN-EA91FAB8-FBA,CAD,Cancelled,2023-02-09,Singapore
TXN-A6D7345B-BBA,JPY,Failed,2024-05-29,Japan
TXN-AA111E8E-78E,AED,Pending,2024-01-17,Sweden
TXN-E24865DC-530,CHF,Completed,2024-08-07,Australia
TXN-D11351D2-BE8,INR,Pending,2024-03-09,China
TXN-4830A2BE-E1C,JPY,Cancelled,2024-02-22,Switzerland
TXN-C08EDD7E-43A,USD,Refunded,2024-07-01,Italy
TXN-9751F349-C13,GBP,Refunded,2024-10-27,Brazil
TXN-99C25446-1F3,AUD,Completed,2024-02-09,Netherlands
TXN-E0F4ED95-DC2,JPY,Pending,2024-12-02,Norway
TXN-1C510276-A32,INR,Completed,2024-05-24,Germany
TXN-B9D86CA5-458,JPY,Cancelled,2024-09-25,Japan
TXN-939B177B-0EB,AUD,Processing,2024-04-17,Australia
TXN-DABC2736-2FF,AUD,Processing,2023-01-02,Spain
TXN-42CEC5C9-191,LKR,Pending,2023-08-25,UAE
TXN-262A18EA-61B,EUR,Cancelled,2024-11-06,Switzerland
TXN-2470D267-A21,CHF,Pending,2024-10-29,Singapore
TXN-DDFE5A03-329,AED,Pending,2024-08-04,Netherlands
TXN-8F424FA4-B93,CHF,Processing,2023-04-11,Spain
TXN-11205BB0-0EB,JPY,Processing,2024-03-20,Sri Lanka
TXN-4774B14B-09F,CNY,Failed,2024-07-07,Canada
TXN-5E9C1095-35E,USD,Cancelled,2023-01-07,Spain
TXN-EF152A85-8F2,GBP,Pending,2023-02-03,China
TXN-BBBACBD1-A1D,INR,Completed,2024-01-05,United Kingdom
TXN-751E03D1-A82,GBP,Pending,2024-09-25,Canada
TXN-4D79AF9F-B58,CAD,Failed,2023-09-23,United Kingdom
TXN-D5C9EB60-611,AED,Failed,2024-06-12,Sri Lanka
TXN-01CF2E0E-B6D,CAD,Processing,2023-11-24,Spain
TXN-8500E869-053,AED,Failed,2024-12-28,China
TXN-D2CCF8E7-A66,AED,Cancelled,2023-06-04,India
TXN-7B7E7096-5F7,SGD,Refunded,2023-07-24,Germany
TXN-BF393254-77C,GBP,Cancelled,2023-07-20,India
TXN-C7615EA1-39B,CNY,Processing,2023-02-20,UAE
TXN-2B39AF59-257,CAD,Processing,2024-12-13,Sweden
TXN-B95F4430-A1B,CHF,Failed,2024-03-26,United Kingdom
TXN-F4771109-9F5,CHF,Completed,2023-12-29,Brazil
TXN-7D9022A8-E76,CAD,Pending,2023-04-25,France
TXN-DDF28656-EBE,INR,Failed,2024-04-29,India
TXN-91A2287D-7D6,LKR,Processing,2024-07-27,Canada
TXN-C6FFFBD0-A73,AUD,Failed,2024-12-30,Norway
TXN-795F3374-AB8,AED,Cancelled,2023-08-17,Sri Lanka
TXN-B5A855BF-455,JPY,Completed,2023-02-12,Italy
TXN-DFB38221-B3A,AUD,Refunded,2024-03-29,Spain
TXN-D7895C92-B2B,CNY,Completed,2024-03-18,Singapore
TXN-AE683589-283,SGD,Completed,2024-05-26,France
TXN-3D4EDD3E-3F0,CHF,Refunded,2024-09-16,India
TXN-65EFD1CC-6C3,EUR,Refunded,2024-02-29,Germany
TXN-3B146AB7-FC0,CNY,Failed,2023-04-27,South Africa
TXN-FE66EEC9-779,CNY,Failed,2024-02-04,Japan
TXN-0F3E2870-D4A,USD,Pending,2024-08-23,Netherlands
TXN-CC1862DF-C80,GBP,Refunded,2024-08-04,United Kingdom
TXN-9AD2F0BB-CEF,EUR,Cancelled,2024-07-27,Sweden
TXN-3FEF7BC6-881,AUD,Pending,2024-08-29,Singapore
TXN-532B36F3-1A3,USD,Refunded,2023-09-16,Netherlands
TXN-B3FF34DF-72D,AED,Refunded,2024-03-04,South Africa
TXN-6CC81AD1-012,USD,Pending,2023-11-12,Spain
TXN-26F8F6E3-73C,AED,Cancelled,2024-12-15,Spain
TXN-7089F26C-54B,EUR,Failed,2024-05-09,China
TXN-827732F8-8A2,LKR,Failed,2024-12-15,Canada
TXN-8A2DAE6B-12A,EUR,Processing,2023-08-31,Japan
TXN-FF901383-778,AUD,Cancelled,2023-11-02,United States
TXN-68E98C85-A41,LKR,Failed,2024-03-14,Canada
TXN-12ACD288-CB0,USD,Completed,2023-06-24,Switzerland
TXN-061D557A-3C2,GBP,Failed,2023-05-24,China
TXN-A707900E-B19,CAD,Cancelled,2024-05-03,Japan
TXN-87373D84-E5E,GBP,Completed,2023-06-09,Singapore
TXN-BC30FFA0-159,CAD,Processing,2024-11-03,UAE
TXN-1410B006-128,SGD,Refunded,2023-04-06,Sweden
TXN-5E5E06CB-A39,USD,Failed,2024-09-05,UAE
TXN-C084E309-014,JPY,Cancelled,2024-02-11,Sweden
TXN-769A554C-689,EUR,Completed,2023-09-10,Switzerland
TXN-AE210B6A-F21,USD,Pending,2024-01-10,Sri Lanka
TXN-0BBBEF5A-14D,GBP,Cancelled,2023-12-16,Australia
TXN-A0D05F17-257,GBP,Refunded,2024-04-17,Switzerland
TXN-E877C071-A74,CNY,Refunded,2024-07-22,Japan
TXN-CBD0CE3D-079,GBP,Cancelled,2023-06-02,United Kingdom
TXN-F91E4459-EB6,CAD,Cancelled,2023-10-03,Canada
TXN-6D644561-98A,GBP,Processing,2023-11-26,Australia
TXN-DC410FE3-60B,CAD,Cancelled,2023-12-10,France
TXN-2221E0E7-BED,AED,Failed,2023-05-12,Norway
TXN-28184828-028,GBP,Completed,2023-04-09,Canada
TXN-D32CE6C1-06D,SGD,Failed,2023-02-11,Spain
TXN-BE6B0CDA-8B6,GBP,Pending,2023-09-24,Italy
TXN-E9FF17A9-4F2,CAD,Completed,2024-06-29,Sri Lanka
TXN-F811CCBB-431,AUD,Failed,2023-12-16,United Kingdom
TXN-F8F5619C-BE7,GBP,Cancelled,2024-12-17,China
TXN-F9555022-984,AUD,Completed,2024-11-20,China
TXN-D1333702-CD9,SGD,Refunded,2024-07-06,Sri Lanka
TXN-E02B27AF-187,CAD,Cancelled,2024-03-13,Netherlands
TXN-23D3FBF9-CE0,INR,Completed,2023-11-09,Brazil
TXN-4D96BDD1-E9B,AED,Pending,2024-08-18,Canada
TXN-2D47CC12-9DC,CHF,Pending,2024-12-23,Switzerland
TXN-D791B6ED-0C0,JPY,Failed,2023-03-01,France
TXN-AD4BB689-D6D,USD,Pending,2023-04-28,UAE
TXN-4AA60A8A-4E1,LKR,Failed,2023-06-12,India
TXN-74FB48E6-7D8,INR,Refunded,2024-08-08,UAE
TXN-C6D76B96-228,GBP,Processing,2024-06-13,Germany
TXN-2B319B88-D03,USD,Refunded,2024-04-19,India
TXN-E6EF9691-D69,USD,Completed,2024-06-08,Singapore
TXN-57404611-4BF,JPY,Failed,2024-07-25,Canada
TXN-31F6BCC4-9F6,CHF,Cancelled,2024-10-06,Brazil
TXN-67737AAD-113,INR,Pending,2024-08-14,Germany
TXN-67E369FC-EC8,JPY,Pending,2024-04-12,Sweden
TXN-6125BD5B-588,EUR,Failed,2024-11-20,Japan
TXN-5B5961C0-30B,AUD,Failed,2023-05-04,Canada
TXN-BCC8865A-E9F,CHF,Refunded,2024-01-21,South Africa
TXN-E6AC362D-559,INR,Pending,2024-04-12,France
TXN-93342364-E09,CNY,Pending,2024-01-20,Japan
TXN-657D3C6C-732,EUR,Refunded,2023-02-10,India
TXN-CFE12CA2-933,LKR,Refunded,2023-03-12,United States
TXN-F3A5C60A-AF0,JPY,Processing,2024-07-19,India
TXN-DAE71DAA-478,JPY,Pending,2024-02-17,India
TXN-55CB7092-7F3,GBP,Refunded,2024-04-18,Switzerland
TXN-9BE4C158-8A6,CAD,Refunded,2024-12-06,Norway
TXN-FFE742A3-6CB,JPY,Failed,2024-10-04,Sri Lanka
TXN-D798F57D-B15,CHF,Refunded,2023-05-17,UAE
TXN-DAA7DE4D-741,USD,Refunded,2024-06-29,Norway
TXN-4B53ED54-C1D,CHF,Failed,2024-11-08,Norway
TXN-3BC75D11-3BC,SGD,Completed,2023-12-21,China
TXN-517622B0-35F,LKR,Processing,2023-07-12,United States
TXN-C0255B64-ADB,GBP,Refunded,2024-09-11,United States
TXN-B003490D-147,AUD,Refunded,2023-10-20,Norway
TXN-CA0B40A9-ED9,GBP,Processing,2023-04-20,Norway
TXN-3CD220C1-041,EUR,Failed,2024-09-18,Netherlands
TXN-E16D72AD-C58,EUR,Processing,2023-08-08,Germany
TXN-2C0DFABC-632,CNY,Refunded,2023-01-16,China
TXN-B15EC8BB-014,SGD,Pending,2023-11-13,Norway
TXN-809E791D-B49,USD,Failed,2024-05-06,Australia
TXN-4389BE37-C16,EUR,Failed,2024-01-06,Japan
TXN-B6E902B5-241,AUD,Failed,2024-02-19,Norway
TXN-F5EC0642-F7E,JPY,Refunded,2023-04-21,Norway
TXN-0CCFF979-BA0,LKR,Pending,2023-09-04,Netherlands
TXN-D6D97377-85F,USD,Processing,2024-06-30,France
TXN-2728F659-FDB,EUR,Cancelled,2023-09-13,Norway
TXN-AC830EF0-113,CHF,Cancelled,2024-07-27,Netherlands
TXN-10684188-8DD,CHF,Completed,2023-01-05,UAE
TXN-34EAE058-CBB,USD,Pending,2024-05-13,United States
TXN-FD692E35-506,AUD,Refunded,2024-10-05,Italy
TXN-8A4B1823-587,USD,Processing,2023-12-20,Australia
TXN-A16C1F98-52D,JPY,Refunded,2023-06-18,Japan
TXN-722D6B55-029,GBP,Pending,2024-03-29,France
TXN-1FB187B0-10F,CAD,Refunded,2023-10-11,United States
TXN-D36BA132-C2B,CAD,Processing,2024-04-03,Italy
TXN-6E71F51B-366,LKR,Processing,2024-09-03,Italy
TXN-55C91B5B-5BF,SGD,Processing,2023-11-26,China
TXN-1CCF054B-156,SGD,Failed,2024-02-13,Netherlands
TXN-3124AA87-2EC,SGD,Failed,2024-08-23,France
TXN-8350CE96-5DC,CHF,Processing,2023-08-29,Sweden
TXN-C7902E23-D04,LKR,Failed,2024-02-10,France
TXN-9E520C46-EB6,LKR,Cancelled,2024-12-02,India
TXN-BD97AF7E-A21,GBP,Cancelled,2024-04-29,Germany
TXN-8D6DC34E-148,SGD,Cancelled,2024-02-22,United States
TXN-71481B28-845,AUD,Completed,2023-05-04,France
TXN-68877248-FA5,GBP,Failed,2023-06-08,Brazil
TXN-47595A12-E77,JPY,Completed,2023-06-13,India
TXN-A230A61F-B33,CHF,Pending,2023-06-02,Netherlands
TXN-F489F452-778,EUR,Completed,2023-05-27,Brazil
TXN-AC7FA0AF-7D7,JPY,Refunded,2024-12-27,Brazil
TXN-F5E56D7D-111,SGD,Pending,2024-11-07,Sri Lanka
TXN-5762C41B-3D7,INR,Processing,2024-04-02,Italy
TXN-C4663988-B4E,EUR,Completed,2023-10-19,Brazil
TXN-56BC4A33-34F,INR,Refunded,2024-08-08,Brazil
TXN-227AF445-476,AUD,Failed,2024-06-08,Spain
TXN-0D7065ED-620,USD,Cancelled,2024-03-08,Singapore
TXN-B56DF684-374,EUR,Refunded,2023-10-01,South Africa
TXN-76ACD7B6-A78,CHF,Failed,2024-11-14,Switzerland
TXN-056253A8-462,CNY,Refunded,2024-06-20,Italy
TXN-92A87E7A-CC7,USD,Refunded,2023-03-23,India
TXN-FED88DCF-827,USD,Completed,2024-10-06,Canada
TXN-47CD4803-A16,GBP,Failed,2023-07-03,Germany
TXN-095F48E0-159,USD,Refunded,2023-09-02,Sri Lanka
TXN-65FCE8AE-839,LKR,Failed,2024-09-03,Spain
TXN-B7E25DB0-74E,JPY,Failed,2024-02-17,United States
TXN-FB10322A-265,AUD,Cancelled,2023-12-19,China
TXN-E827D2DE-DEB,AUD,Refunded,2023-01-24,Italy
TXN-34213E69-99D,EUR,Failed,2023-12-22,United Kingdom
TXN-3AFB3E3D-C9A,EUR,Completed,2023-07-16,Brazil
TXN-10732741-767,AED,Refunded,2024-10-11,United States
TXN-5D975C13-810,AUD,Processing,2024-04-11,Switzerland
TXN-984504AC-CE5,LKR,Pending,2023-08-14,Canada
TXN-16CDE372-AB4,LKR,Cancelled,2024-11-19,Japan
TXN-4E28338C-33B,EUR,Completed,2023-12-04,China
TXN-50A4AEA1-DBF,LKR,Processing,2023-12-11,India
TXN-1D239C85-1D4,USD,Failed,2024-05-22,Netherlands
TXN-CFD854C9-C14,CAD,Cancelled,2023-01-08,Canada
TXN-D521DDB8-130,USD,Failed,2024-06-08,Italy
TXN-CA926766-C34,GBP,Refunded,2024-05-10,China
TXN-F85B03CE-442,CAD,Cancelled,2023-08-01,Switzerland
TXN-EAE3F23B-F41,LKR,Completed,2024-06-11,Sri Lanka
TXN-67B60A73-5E0,CHF,Processing,2023-02-01,Japan
TXN-D5719911-30A,SGD,Processing,2023-07-13,United States
TXN-82FF13BD-884,INR,Refunded,2023-08-16,Switzerland
TXN-BF355FE1-1B2,AUD,Processing,2023-03-09,Italy
TXN-5C4FF5AE-D4C,AED,Completed,2023-01-21,Switzerland
TXN-1FDC3082-7E3,AED,Cancelled,2023-09-26,Brazil
TXN-2A5D13FB-98C,AED,Refunded,2024-06-20,China
TXN-BD2E8EF2-FE6,INR,Completed,2024-04-16,Italy
TXN-E5DF67CD-01D,CAD,Failed,2023-06-04,India
TXN-38BAD28E-675,JPY,Cancelled,2024-01-22,France
TXN-30D3CAD0-B0E,INR,Processing,2023-09-05,Sweden
TXN-DD31B88C-971,SGD,Cancelled,2023-06-16,Canada
TXN-3B7CD69A-BF5,JPY,Processing,2024-05-12,India
TXN-AAD70814-626,EUR,Failed,2024-11-05,United Kingdom
TXN-403F0F3B-1D2,CHF,Cancelled,2024-05-27,Sri Lanka
TXN-ED9A1CC3-2FF,AED,Pending,2024-01-05,France
TXN-C9788EB2-5AD,JPY,Pending,2024-08-30,Germany
TXN-91AF2740-323,CHF,Cancelled,2023-05-08,Italy
TXN-6ADEE6FE-4ED,INR,Refunded,2023-08-10,United Kingdom
TXN-8DFC8067-054,LKR,Completed,2024-11-07,China
TXN-1A366FA0-757,USD,Pending,2023-05-03,United Kingdom
TXN-EF0D3E81-336,LKR,Completed,2024-08-28,UAE
TXN-F8457669-0E7,EUR,Pending,2023-08-08,India
TXN-21B817CE-430,GBP,Cancelled,2024-05-21,China
TXN-C9C01E07-23F,AUD,Failed,2024-06-19,India
TXN-B339719A-CB9,CHF,Pending,2024-04-21,Netherlands
TXN-5C7D62CC-D13,CAD,Refunded,2024-11-19,UAE
TXN-F5A20030-1BA,CNY,Pending,2023-05-30,South Africa
TXN-3E63365F-D0E,USD,Failed,2024-04-29,South Africa
TXN-ACD40B24-C59,SGD,Cancelled,2023-11-04,Italy
TXN-0AF76181-F07,JPY,Pending,2023-02-24,UAE
TXN-C4B148D8-0E3,CAD,Completed,2024-02-25,France
TXN-8BDE1A56-2F8,USD,Processing,2024-09-22,UAE
TXN-84270C83-B1D,CNY,Pending,2023-03-27,Italy
TXN-1AFD0B1C-AC2,SGD,Cancelled,2023-05-14,Japan
TXN-84B7579A-62F,CHF,Failed,2023-12-29,Spain
TXN-F85851E9-93C,SGD,Processing,2023-02-20,China
TXN-814A3FAD-F7A,CHF,Failed,2023-08-12,Germany
TXN-85983551-D23,CHF,Cancelled,2024-02-23,Sweden
TXN-25D71745-79D,EUR,Refunded,2024-08-03,Singapore
TXN-C2CAF591-ECD,CNY,Failed,2024-07-16,India
TXN-D8116A0A-9BA,CAD,Pending,2023-08-05,Sri Lanka
TXN-729CBB2B-FBE,SGD,Pending,2023-02-25,Singapore
TXN-3C65E59C-23E,USD,Processing,2023-05-22,Netherlands
TXN-601E7CE9-A5E,INR,Processing,2023-05-01,Germany
TXN-382F68BD-1F8,SGD,Refunded,2024-11-26,United Kingdom
TXN-27FB160E-7BC,EUR,Pending,2024-09-12,Canada
TXN-5C5BA867-BF8,CHF,Failed,2023-09-03,India
TXN-D76401B0-AF7,CAD,Processing,2024-05-03,Brazil
TXN-7A40CA84-522,CHF,Failed,2024-08-14,Singapore
TXN-A9377D63-225,AUD,Completed,2024-02-06,United Kingdom
TXN-8D82F0C4-E0C,CHF,Completed,2023-12-18,India
TXN-7962868A-A5F,LKR,Cancelled,2023-08-29,Switzerland
TXN-4A30CB46-571,CNY,Processing,2024-04-24,India
TXN-EE0AFAF0-CAE,USD,Failed,2023-04-26,Brazil
TXN-8E730213-6B4,CHF,Refunded,2023-02-01,South Africa
TXN-C5BB6284-1AA,AED,Cancelled,2024-03-10,United States
TXN-92327681-961,CNY,Failed,2024-07-08,Singapore
TXN-6F5792B4-AEF,SGD,Processing,2023-06-18,Switzerland
TXN-5E831D5E-D0B,CHF,Refunded,2023-05-25,Germany
TXN-077425A9-171,AED,Cancelled,2023-10-21,Singapore
TXN-C3885DA9-FBE,JPY,Failed,2024-06-18,UAE
TXN-850D6B60-BEB,CAD,Pending,2023-11-14,Switzerland
TXN-CBB5320D-7C5,SGD,Processing,2023-12-11,Sweden
TXN-227432F0-24B,CAD,Cancelled,2023-03-11,United Kingdom
TXN-0C3ADB88-2DF,AUD,Failed,2024-06-11,South Africa
TXN-CF279087-698,SGD,Cancelled,2023-07-11,France
TXN-7F092325-8E1,GBP,Failed,2023-03-03,United Kingdom
TXN-B6B94131-DF6,AED,Cancelled,2024-08-05,United Kingdom
TXN-23680B4E-006,INR,Completed,2023-09-03,Canada
TXN-017602FB-52D,CNY,Cancelled,2024-09-09,Brazil
TXN-A4B7A5CB-D60,USD,Pending,2024-01-09,Switzerland
TXN-3912E651-5E1,SGD,Completed,2024-09-26,Spain
TXN-4E09118B-9FA,EUR,Pending,2023-10-27,Singapore
TXN-B5448449-35D,INR,Cancelled,2023-10-12,Canada
TXN-A3A8C47C-7CE,AUD,Completed,2024-05-05,United Kingdom
TXN-E15D4C3F-19F,LKR,Failed,2024-08-17,Italy
TXN-09E37B8C-FEB,AED,Refunded,2023-09-02,UAE
TXN-DC86A902-16B,GBP,Processing,2024-01-29,Netherlands
TXN-3E9E270C-225,JPY,Pending,2023-03-11,United States
TXN-C0503E4D-4F9,CNY,Failed,2024-07-10,Spain
TXN-FD2515F9-7C5,CHF,Refunded,2023-07-18,Spain
TXN-3FAC0B4A-913,GBP,Processing,2023-10-03,Netherlands
TXN-3357DA85-FDB,SGD,Failed,2024-05-13,Norway
TXN-8BAD2811-6DE,CAD,Refunded,2023-12-11,United Kingdom
TXN-1B40A776-543,AED,Pending,2024-02-16,France
TXN-B2D0EB31-A17,AUD,Failed,2024-01-23,Italy
TXN-1E90C264-691,LKR,Cancelled,2023-12-20,Norway
TXN-DFC0C47D-E98,CAD,Completed,2023-03-11,Netherlands
TXN-71ACB480-1B0,JPY,Refunded,2024-09-13,China
TXN-9106E41F-567,GBP,Cancelled,2023-07-29,Japan
TXN-725B95F1-E78,AED,Completed,2023-02-17,Japan
TXN-2610CEA0-5D3,USD,Completed,2024-08-13,Japan
TXN-7C0BE2FF-EF7,EUR,Refunded,2023-01-04,China
TXN-E9D01713-15E,USD,Failed,2024-11-15,Brazil
TXN-4A1FD174-DEF,AED,Processing,2024-02-15,France
TXN-73B304B7-FA4,INR,Completed,2024-09-03,Japan
TXN-6B73FE90-E46,GBP,Refunded,2023-09-12,China
TXN-F329340E-C56,CHF,Failed,2023-10-01,France
TXN-E765C527-418,CAD,Pending,2024-08-30,Netherlands
TXN-B1116818-97F,AED,Pending,2024-02-17,Canada
TXN-0919D13D-557,AUD,Refunded,2023-03-12,Brazil
TXN-FF702505-E68,LKR,Cancelled,2024-03-14,UAE
TXN-9263588D-E22,EUR,Refunded,2023-07-10,Italy
TXN-C98A15D6-457,SGD,Completed,2024-03-06,Canada
TXN-7658B41E-D3D,JPY,Completed,2024-12-27,Singapore
TXN-36DA11B5-50A,CNY,Cancelled,2023-03-31,Australia
TXN-77A0B12F-4EF,LKR,Cancelled,2024-12-21,Germany
TXN-718D04A2-B87,CHF,Cancelled,2023-11-11,Singapore
TXN-4A6B4610-EC5,GBP,Refunded,2024-01-05,India
TXN-DC861CC3-3FE,CAD,Pending,2024-01-25,Canada
TXN-430440FB-9D1,EUR,Failed,2024-11-05,China
TXN-E9863A82-F37,CNY,Cancelled,2023-04-24,UAE
TXN-30B8827C-B38,SGD,Pending,2024-11-28,Japan
TXN-94818269-386,INR,Failed,2024-10-22,Germany
TXN-433E56AC-AED,USD,Processing,2024-06-23,Spain
TXN-0A0727EA-662,CHF,Refunded,2024-10-16,United Kingdom
TXN-CDE97B16-C2E,INR,Completed,2023-08-21,Spain
TXN-857F4CBF-DA1,INR,Cancelled,2024-06-06,UAE
TXN-962C91F1-59D,CHF,Failed,2023-05-09,Singapore
TXN-F4BE879C-651,GBP,Processing,2024-10-28,Switzerland
TXN-61B474CF-86D,AUD,Pending,2023-02-01,France
TXN-1818C78A-706,AUD,Pending,2024-03-21,Japan
TXN-3C7B5A14-6D3,JPY,Processing,2024-02-20,India
TXN-A247E2D8-DD1,AED,Refunded,2023-01-11,Netherlands
TXN-A887F6DC-0F0,AUD,Pending,2023-11-27,Italy
TXN-75D4CAE4-A69,CNY,Processing,2024-06-09,France
TXN-3E6000B3-6B2,LKR,Failed,2024-10-20,Germany
TXN-AD6CB720-304,EUR,Failed,2023-10-10,Germany
TXN-13AEAF0B-4BC,JPY,Pending,2024-09-06,United States
TXN-B0B7D63B-D68,AUD,Refunded,2023-02-09,United States
TXN-7A316E36-00E,INR,Refunded,2024-02-20,Brazil
TXN-A09BEE96-425,INR,Refunded,2023-03-24,Norway
TXN-405A888A-81A,CNY,Cancelled,2023-08-05,United Kingdom
TXN-FE2B9B04-12A,LKR,Pending,2023-06-28,Australia
TXN-5F3D7877-66B,CAD,Failed,2023-09-15,France
TXN-4B6C9732-98E,CHF,Cancelled,2024-07-31,United States
TXN-825BEBA6-B37,SGD,Cancelled,2023-12-12,Spain
TXN-17602746-801,CAD,Completed,2024-01-05,Spain
TXN-B5CEF0F4-705,USD,Cancelled,2024-12-12,United Kingdom
TXN-052914E7-C59,SGD,Processing,2024-04-28,South Africa
TXN-709FBB80-BE3,CAD,Processing,2023-05-22,Netherlands
TXN-5A3A3536-B6D,AED,Failed,2023-12-03,Sweden
TXN-25BB2B41-141,GBP,Completed,2023-08-15,Brazil
TXN-EC6B13B7-C41,INR,Refunded,2023-08-01,Australia
TXN-06C3E7B0-35E,JPY,Processing,2024-05-19,China
TXN-E3C44165-2FA,CAD,Completed,2023-05-17,Norway
TXN-D45E54DB-69D,GBP,Refunded,2023-07-19,Norway
TXN-A6388AB0-F32,LKR,Processing,2024-02-25,Italy
TXN-059EA772-40D,SGD,Refunded,2023-04-28,Sweden
TXN-8523859D-93E,CNY,Completed,2023-04-08,Switzerland
TXN-42E0EF16-035,INR,Completed,2024-04-21,Sweden
TXN-8785B41E-939,SGD,Refunded,2023-03-18,United States
TXN-16CFC04B-03B,EUR,Failed,2023-09-09,United States
TXN-27B090CC-7B7,JPY,Refunded,2024-11-05,Netherlands
TXN-1CC47D18-18D,AED,Processing,2024-02-09,Netherlands
TXN-CF96342B-53B,JPY,Pending,2023-03-10,Japan
TXN-DA5E5013-863,INR,Failed,2023-02-25,Japan
TXN-BE05EDAF-0C8,CHF,Cancelled,2023-08-06,Italy
TXN-3111ACBF-30A,USD,Processing,2024-05-30,Spain
TXN-A76F723D-8B0,CHF,Processing,2024-02-07,Italy
TXN-D336FAFC-F02,USD,Pending,2023-04-12,Spain
TXN-189C3C6E-91C,USD,Processing,2024-11-28,India
TXN-CAA03CC5-721,USD,Completed,2023-06-02,Australia
TXN-25D672E2-F16,GBP,Cancelled,2024-08-31,France
TXN-F3FCC88E-C0D,EUR,Processing,2023-09-06,Brazil
TXN-E62AAAB9-FFC,CNY,Failed,2024-09-09,China
TXN-4CD10610-084,CAD,Refunded,2024-12-21,Italy
TXN-4BC38414-9DB,GBP,Pending,2024-07-21,United Kingdom
TXN-FBA4BD77-B06,JPY,Completed,2024-12-06,Singapore
TXN-26D0D6C9-062,AED,Pending,2023-02-14,UAE
TXN-F6D993B9-05D,USD,Processing,2024-12-25,Spain
TXN-DF8EA31F-F5B,GBP,Refunded,2024-05-29,Canada
TXN-2979186D-2E9,JPY,Failed,2024-11-09,Germany
TXN-62A4CC73-1EF,INR,Pending,2024-05-02,Australia
TXN-0321A3BA-60C,GBP,Completed,2024-03-17,UAE
TXN-06BCE9F8-B45,CAD,Completed,2023-07-27,Canada
TXN-938D964E-A0A,LKR,Failed,2024-04-28,Sri Lanka
TXN-7FCFBD04-93E,CAD,Cancelled,2024-08-27,Brazil
TXN-EDC06D9F-F83,SGD,Refunded,2023-05-03,Brazil
TXN-D1F58610-146,USD,Pending,2024-12-18,UAE
TXN-83F4DCFD-C82,AED,Refunded,2023-11-03,United States
TXN-5FC32E7D-569,CHF,Refunded,2024-10-03,Brazil
TXN-8E7F04D4-ACA,AUD,Completed,2024-11-05,Sri Lanka
TXN-E3A393C2-A93,EUR,Cancelled,2024-04-26,Sri Lanka
TXN-03754C1F-9AD,EUR,Failed,2024-01-29,United Kingdom
TXN-E4F17333-CE4,AED,Cancelled,2024-12-27,Germany
TXN-3F9F1744-4BC,JPY,Refunded,2023-12-17,Norway
TXN-809156FE-6EC,GBP,Cancelled,2023-10-22,United States
TXN-7276BE68-B41,SGD,Pending,2024-08-04,China
TXN-22D6E9DF-6E6,GBP,Cancelled,2023-05-06,Brazil
TXN-B10D288E-932,AED,Processing,2023-12-13,Canada
TXN-0C6A6097-A43,CAD,Refunded,2024-07-07,United Kingdom
TXN-1C19FDA4-BEB,EUR,Pending,2023-08-17,Australia
TXN-8ED0C036-50B,LKR,Failed,2024-04-08,Japan
TXN-CBB91C3E-485,SGD,Failed,2023-08-07,Brazil
TXN-2C1F1892-D8C,SGD,Pending,2023-12-20,Spain
TXN-747272BC-7D9,LKR,Refunded,2023-12-25,South Africa
TXN-3E657DA3-AD3,AED,Pending,2024-01-02,Italy
TXN-0F36030D-D6F,SGD,Completed,2023-06-15,Spain
TXN-9F051075-5CD,SGD,Completed,2024-04-10,India
TXN-9B08672D-4A3,AUD,Refunded,2023-12-09,Singapore
TXN-E5A38A6C-624,AUD,Pending,2024-12-31,Sri Lanka
TXN-3EC78074-C99,SGD,Completed,2023-08-28,Brazil
TXN-25DFDF2D-7D4,CHF,Completed,2023-09-11,Spain
TXN-103E8C7C-3E3,AED,Failed,2024-04-18,Sweden
TXN-4E79FE68-A10,JPY,Processing,2023-02-02,Australia
TXN-1BC69B8A-E5E,JPY,Cancelled,2023-07-24,Sweden
TXN-3663850F-AFC,GBP,Failed,2023-04-06,Sri Lanka
TXN-E8396A15-4CA,AED,Completed,2023-07-09,Switzerland
TXN-819C6886-9E8,CHF,Refunded,2023-05-21,Singapore
TXN-49F89CF4-4E1,AUD,Completed,2023-11-09,France
TXN-0FBF8AA5-AB9,CHF,Completed,2024-09-22,China
TXN-FB8D0D5C-77C,EUR,Failed,2024-12-16,Canada
TXN-34E619B1-807,CHF,Refunded,2024-12-12,Germany
TXN-8EC9C102-077,CAD,Pending,2024-10-16,Japan
TXN-4E11CBEA-813,JPY,Refunded,2024-07-17,Sri Lanka
TXN-F593BBE8-FBE,AED,Failed,2023-07-11,Germany
TXN-21E1A31E-930,EUR,Processing,2024-11-08,South Africa
TXN-834BC264-6C9,USD,Completed,2023-06-01,India
TXN-79A81030-3F2,JPY,Completed,2023-04-18,Brazil
TXN-265801EA-43A,CAD,Failed,2024-12-11,Canada
TXN-535AF8ED-AA4,AUD,Failed,2024-09-23,Australia
TXN-5916F53B-09B,USD,Refunded,2023-01-26,Spain
TXN-949D8C60-DD6,JPY,Processing,2024-05-15,United States
TXN-A1E8B0B3-864,EUR,Failed,2023-03-11,Australia
TXN-5BAE5B50-FCB,CHF,Cancelled,2024-01-15,Germany
TXN-E930C9A0-A17,JPY,Completed,2023-12-23,Japan
TXN-ADC1D529-09F,INR,Processing,2024-09-03,UAE
TXN-6F4B7331-254,AED,Completed,2024-01-16,UAE
TXN-5CDF70F2-8CB,LKR,Processing,2024-01-22,Norway
TXN-113343F4-CB6,LKR,Processing,2024-03-27,Japan
TXN-CDB1C5E4-6DE,CNY,Completed,2023-04-30,Spain
TXN-8FD70DB6-847,INR,Completed,2023-11-09,China
TXN-80F2285C-7B9,USD,Completed,2024-12-25,Sri Lanka
TXN-37B6A113-5E5,AED,Failed,2023-07-15,China
TXN-CE701E6D-7AB,AED,Failed,2023-10-31,United States
TXN-4A59667D-311,CAD,Refunded,2023-01-06,South Africa
TXN-778555F4-EE4,AED,Completed,2024-04-21,India
TXN-5B7FFA2F-93E,CNY,Pending,2023-04-17,Canada
TXN-00548194-F53,LKR,Refunded,2023-12-01,Netherlands
TXN-2A836600-678,CHF,Pending,2024-08-08,Brazil
TXN-D4EEDE26-CF0,GBP,Refunded,2024-05-01,Norway
TXN-2D2D56B3-CE7,AED,Pending,2024-09-16,Germany
TXN-A547CC8B-5CE,EUR,Cancelled,2023-12-05,France
TXN-F25EDC09-FA6,EUR,Completed,2024-04-13,Germany
TXN-22DA8CF3-2D2,SGD,Refunded,2023-03-25,China
TXN-F66A0308-8ED,GBP,Refunded,2023-08-13,Norway
TXN-D484906B-C55,CAD,Cancelled,2023-06-15,Sweden
TXN-27F13D88-A69,GBP,Failed,2024-05-12,Canada
TXN-7A127920-838,GBP,Completed,2023-06-03,China
TXN-4F012A24-D74,INR,Failed,2024-04-11,Singapore
TXN-DFD27D18-D15,EUR,Failed,2023-06-30,Italy
TXN-58C17770-F9D,CHF,Completed,2023-07-21,Brazil
TXN-67E7FD9A-163,CHF,Refunded,2024-04-10,Norway
TXN-0763EF5D-7E6,JPY,Pending,2024-11-07,Sweden
TXN-2C0816C9-8FE,CAD,Pending,2024-12-22,Norway
TXN-6E64907C-A0C,INR,Failed,2024-07-15,Australia
TXN-6CFB8C7D-2AB,CHF,Processing,2024-08-07,Canada
TXN-9FB05119-03B,AED,Failed,2023-05-28,United Kingdom
TXN-CDE6A7EE-B35,EUR,Cancelled,2023-02-11,Netherlands
TXN-A88D9C38-6C6,SGD,Cancelled,2023-09-26,Japan
TXN-90F4BAA6-185,SGD,Completed,2024-03-21,South Africa
TXN-CFA8FF98-911,INR,Processing,2024-08-30,South Africa
TXN-93EA2B7E-288,EUR,Failed,2023-12-04,China
TXN-4EB18B9F-346,CHF,Refunded,2024-02-20,Japan
TXN-898806D0-D97,INR,Pending,2023-06-10,India
TXN-B25B4A8B-A4C,INR,Cancelled,2023-02-16,Canada
TXN-7915C1CB-775,CAD,Pending,2024-12-24,Australia
TXN-3040F182-A8B,JPY,Refunded,2024-12-16,Singapore
TXN-4FA6572D-90A,USD,Completed,2024-05-01,Netherlands
TXN-8B1279D9-735,CAD,Completed,2023-12-26,China
TXN-1C9C0324-C0D,AUD,Cancelled,2023-09-24,Italy
TXN-2914BDA8-F22,LKR,Completed,2024-06-23,Japan
TXN-5C3AF15E-61D,CHF,Cancelled,2023-09-20,United Kingdom
TXN-B55EE6EA-5B2,CAD,Completed,2023-01-29,Netherlands
TXN-F663F11A-A6D,GBP,Cancelled,2024-10-23,Switzerland
TXN-F4ED7294-E85,SGD,Processing,2023-07-19,China
TXN-4EE24D6A-6CA,SGD,Processing,2023-09-19,Australia
TXN-FE7E702B-17B,GBP,Pending,2024-02-26,Brazil
TXN-A630FC0A-C5A,EUR,Pending,2024-02-18,Sri Lanka
TXN-20B0971E-6F9,SGD,Processing,2023-01-06,Sri Lanka
TXN-B6F47883-BA7,CAD,Processing,2024-02-25,Brazil
TXN-C86F56DF-4AF,USD,Cancelled,2023-10-29,United States
TXN-7E8EBC3F-20B,EUR,Failed,2023-10-21,Netherlands
TXN-EF939D95-8B2,INR,Pending,2024-08-30,Australia
TXN-803CCACB-E7B,AED,Refunded,2024-10-19,Australia
TXN-8255BE8C-CB4,CNY,Failed,2024-01-17,Switzerland
TXN-362BF87C-468,GBP,Processing,2023-12-31,Italy
TXN-D59048D9-995,LKR,Failed,2023-06-09,Germany
TXN-C2DE3AA5-37B,LKR,Processing,2024-10-29,Japan
TXN-A91974C1-591,EUR,Cancelled,2024-02-16,Japan
TXN-24D07994-9BD,EUR,Completed,2024-07-08,Spain
TXN-C09F3CF8-F4E,CNY,Failed,2023-02-21,Netherlands
TXN-BECB40C8-235,GBP,Processing,2024-06-19,India
TXN-D1C13DD7-493,EUR,Processing,2024-04-16,Sri Lanka
TXN-62A7E280-D00,JPY,Cancelled,2023-08-07,South Africa
TXN-620B61FA-B50,EUR,Failed,2024-04-13,Switzerland
TXN-20665657-110,INR,Completed,2023-05-03,Norway
TXN-87D50144-B0C,CHF,Refunded,2024-08-18,Japan
TXN-FB7A4D36-EC2,JPY,Cancelled,2023-06-12,Canada
TXN-CA3765D6-F4B,CHF,Pending,2024-02-27,Netherlands
TXN-FABCFEBE-72A,JPY,Processing,2023-07-24,Sweden
TXN-0E0A6AED-CBA,EUR,Processing,2023-06-21,Australia
TXN-0768E62B-346,AED,Failed,2023-11-02,China
TXN-27E3B7CA-674,LKR,Failed,2023-12-08,Spain
TXN-60F69B66-5BE,AED,Failed,2023-04-28,United States
TXN-B0E308D4-C43,CHF,Completed,2023-10-31,UAE
TXN-03993389-9B7,AUD,Refunded,2023-02-14,Canada
TXN-3DF51FF3-5F3,EUR,Cancelled,2024-04-02,Norway
TXN-339A095A-72B,INR,Failed,2024-02-20,Japan
TXN-F0D88D17-60B,CHF,Failed,2024-10-16,Italy
TXN-48470D4A-FFC,GBP,Pending,2024-07-11,Germany
TXN-D16D47EC-0DC,LKR,Cancelled,2023-05-29,Italy
TXN-3DDDD75F-7B9,JPY,Refunded,2023-04-27,China
TXN-A3EF4EF5-669,AED,Pending,2024-01-17,Italy
TXN-89E7ECDF-D5E,CAD,Cancelled,2023-08-12,Germany
TXN-812C0C63-56F,SGD,Cancelled,2023-10-25,United States
TXN-83785EF5-4E3,JPY,Processing,2023-10-02,Singapore
TXN-33735BD4-0A3,AED,Cancelled,2024-01-15,Italy
TXN-F06B2387-BBD,LKR,Cancelled,2023-05-23,United States
TXN-3ECFEAD4-780,CNY,Pending,2024-02-22,Switzerland
TXN-CB33D971-626,AED,Processing,2023-11-04,United States
TXN-98028E31-6AA,USD,Cancelled,2024-05-23,Germany
TXN-76C2C09A-5E7,USD,Failed,2024-04-24,United Kingdom
TXN-CAACB58B-017,USD,Completed,2023-02-05,Canada
TXN-3110BE3D-21A,CNY,Processing,2024-01-17,Norway
TXN-03213BAA-A69,SGD,Pending,2023-08-18,Italy
TXN-63A9430F-132,CNY,Processing,2023-09-19,Switzerland
TXN-1906A1C9-FF7,GBP,Completed,2023-11-28,UAE
TXN-4180F09F-C8A,USD,Failed,2023-02-12,Netherlands
TXN-AF8BE004-14D,CAD,Completed,2023-03-04,Sweden
TXN-7A32DA99-33A,AUD,Processing,2023-05-08,China
TXN-AB4ABED0-2F2,CHF,Failed,2024-09-03,Norway
TXN-ABDCF766-F0A,JPY,Refunded,2024-05-18,Canada
TXN-77222893-3AC,SGD,Pending,2024-01-20,Japan
TXN-1B2C1F54-D68,GBP,Failed,2024-05-10,Netherlands
TXN-86BE420A-9A5,SGD,Failed,2023-12-27,Spain
TXN-C556F734-B55,CAD,Processing,2023-08-22,Netherlands
TXN-86AE5D09-980,LKR,Failed,2024-10-13,United States
TXN-C5B1E9CF-6D7,CNY,Cancelled,2023-09-20,Singapore
TXN-B5D768C4-A02,INR,Completed,2023-05-30,China
TXN-E3DB9F56-6F6,LKR,Processing,2024-05-01,India
TXN-DBD987B7-573,LKR,Pending,2023-12-19,India
TXN-8E31CF4D-0F1,AUD,Pending,2023-12-14,Sweden
TXN-0EDAC79A-E8B,USD,Refunded,2024-02-09,Australia
TXN-93F38B46-1DB,INR,Refunded,2024-07-03,UAE
TXN-01319FCE-55A,AUD,Completed,2024-02-29,Brazil
TXN-057E7E6A-62C,CHF,Pending,2023-05-07,Norway
TXN-28F6F2B8-395,SGD,Pending,2023-05-12,Netherlands
TXN-E5C9913C-1D0,EUR,Pending,2024-10-19,Sweden
TXN-DB29703F-CD3,JPY,Pending,2024-09-26,Norway
TXN-3A4D3DD1-DF4,GBP,Cancelled,2024-11-04,South Africa
TXN-6E199D5D-468,INR,Processing,2023-01-02,Sweden
TXN-267D2C56-25A,SGD,Failed,2024-01-21,Spain
TXN-22767FFB-766,INR,Refunded,2024-01-05,India
TXN-16A4997C-A75,USD,Failed,2024-03-19,Switzerland
TXN-35CB3F3A-EAD,LKR,Completed,2024-05-23,Sweden
TXN-B2C2E975-66E,INR,Completed,2023-11-20,Singapore
TXN-C4C9D5B2-38B,USD,Pending,2023-06-19,Norway
TXN-50369A45-068,USD,Completed,2023-01-02,China
TXN-CF355BCE-1C4,AUD,Pending,2024-07-29,Australia
TXN-8D172A00-BE3,CNY,Pending,2023-01-05,Switzerland
TXN-EEB77386-D33,SGD,Failed,2023-10-13,Australia
TXN-72983A62-C15,CAD,Completed,2024-12-15,Italy
TXN-3BDF9A2B-098,CAD,Completed,2024-01-15,United States
TXN-CE26ED19-A6F,EUR,Failed,2024-12-26,Norway
TXN-62E56F6A-CF8,AED,Failed,2024-08-09,Netherlands
TXN-9E6D05BD-5A5,SGD,Failed,2023-12-24,Australia
TXN-7C05B740-43E,GBP,Completed,2023-05-30,Germany
TXN-8F37C6C3-A11,GBP,Refunded,2024-08-26,Sri Lanka
TXN-776951E0-55E,AED,Pending,2024-12-21,South Africa
TXN-0A92B917-E80,AUD,Pending,2024-03-05,Sweden
TXN-B82A20EE-741,AUD,Processing,2024-04-24,Spain
TXN-5B4C6F37-BA9,CHF,Pending,2024-08-14,Canada
TXN-E51FBCB4-399,GBP,Completed,2024-01-22,Spain
TXN-0C4B02AC-54F,EUR,Completed,2024-11-18,Netherlands
TXN-0384E317-B6E,CAD,Processing,2024-09-17,France
TXN-B63A9B18-A3B,CNY,Refunded,2024-07-14,Germany
TXN-486B4C45-6E6,CAD,Refunded,2024-07-09,India
TXN-EDA810F2-9CD,JPY,Processing,2024-09-05,Canada
TXN-FAD00097-331,CAD,Cancelled,2023-04-21,Sweden
TXN-BDB2E1D3-CD5,CHF,Processing,2023-07-26,Australia
TXN-8770A72B-1C9,CAD,Cancelled,2023-12-31,Japan
TXN-EF8F4A9F-C59,USD,Failed,2023-03-21,South Africa
TXN-32366E53-EA8,CHF,Failed,2023-07-01,Japan
TXN-8CD77430-566,CAD,Completed,2023-01-01,UAE
TXN-955F2389-8CF,JPY,Pending,2024-07-01,Italy
TXN-63827530-250,AED,Refunded,2024-04-05,South Africa
TXN-6DB6CAA4-BA4,JPY,Completed,2023-05-09,Australia
TXN-55349751-9F6,AED,Pending,2023-02-22,Australia
TXN-BBD5B144-296,CAD,Processing,2024-03-16,United Kingdom
TXN-29D63E1D-452,GBP,Processing,2024-02-19,Sri Lanka
TXN-423F3EE7-CEA,EUR,Refunded,2024-11-01,United States
TXN-24F951F5-941,EUR,Completed,2023-02-21,Brazil
TXN-ABF09348-5E3,LKR,Pending,2023-07-24,Switzerland
TXN-2115B8AB-DD8,GBP,Completed,2024-01-31,France
TXN-469587CF-8AD,INR,Refunded,2023-06-03,South Africa
TXN-8FFB24A2-70A,JPY,Refunded,2023-01-02,Canada
TXN-4B33E7E1-3AB,GBP,Processing,2024-09-04,United States
TXN-9A936066-252,LKR,Processing,2024-08-20,India
TXN-C25BCE39-4C8,AUD,Completed,2023-04-04,UAE
TXN-C6718FF5-1F9,AED,Cancelled,2024-12-22,Netherlands
TXN-87261539-A6F,CHF,Cancelled,2023-02-14,India
TXN-ABC0F11D-C44,CHF,Cancelled,2023-06-03,Brazil
TXN-8C02727B-D8C,JPY,Refunded,2024-07-30,Sweden
TXN-6764386A-9C8,GBP,Processing,2024-10-31,Canada
TXN-8439A501-60F,AUD,Completed,2023-12-10,Norway
TXN-7C7B5889-43C,INR,Processing,2024-04-30,Singapore
TXN-50551519-4C8,AUD,Refunded,2023-03-07,Australia
TXN-A1FECA7F-CD3,AED,Cancelled,2023-01-26,Australia
TXN-66242124-0B5,CNY,Completed,2023-09-27,Netherlands
TXN-AB508900-C27,GBP,Cancelled,2024-09-11,India
TXN-9F96BF6F-D52,CHF,Completed,2023-09-26,Singapore
TXN-6DAA93BB-4E1,LKR,Refunded,2024-06-16,France
TXN-3A268ECB-70A,CNY,Completed,2023-11-30,Japan
TXN-8079FACD-5C6,CNY,Failed,2024-01-20,China
TXN-2F8166DB-EF6,JPY,Refunded,2023-12-12,Brazil
TXN-AF854017-82E,USD,Completed,2024-02-01,Switzerland
TXN-242A3387-BA4,AUD,Refunded,2023-10-23,Singapore
TXN-7D622652-0D8,CNY,Failed,2024-07-02,Germany
TXN-C065FAA2-09B,CNY,Refunded,2024-11-23,Netherlands
TXN-7DF0D06D-CDD,GBP,Failed,2024-04-19,Singapore
TXN-6147BBC9-6E7,EUR,Failed,2024-11-20,Netherlands
TXN-18863625-7CA,CNY,Pending,2024-08-17,UAE
TXN-DAF051A7-A62,JPY,Failed,2024-12-25,United Kingdom
TXN-08AF57D5-1ED,INR,Failed,2023-09-21,United Kingdom
TXN-1E1488CF-C70,CHF,Completed,2023-11-29,Sri Lanka
TXN-1DDAAC69-1CA,JPY,Processing,2023-03-27,Germany
TXN-18CD071C-16E,USD,Completed,2023-06-18,Switzerland
TXN-1BD33F89-A7C,SGD,Cancelled,2023-11-02,India
TXN-BDE6A18B-3B0,LKR,Processing,2023-10-06,Germany
TXN-DBFD3F15-3D2,CAD,Completed,2023-10-14,Japan
TXN-035D0CE6-976,INR,Refunded,2023-03-02,Japan
TXN-423E05CC-74F,USD,Processing,2023-12-07,Italy
TXN-6FCF296D-CA6,CNY,Cancelled,2023-11-22,Japan
TXN-BC8C4C7D-780,SGD,Completed,2024-10-09,Japan
TXN-BFC763B3-1BF,USD,Pending,2024-04-22,Canada
TXN-BDB7BC77-7FC,AUD,Failed,2024-03-01,Norway
TXN-06701E6F-11F,CNY,Refunded,2023-08-28,Brazil
TXN-A98CD706-BF7,AUD,Processing,2023-09-02,Canada
TXN-EA50F71A-AF9,CNY,Refunded,2023-12-15,Spain
TXN-7159474B-D0F,EUR,Pending,2023-05-03,Germany
TXN-DE25C79C-FA5,AED,Refunded,2024-02-13,United Kingdom
TXN-D350D40A-574,LKR,Cancelled,2023-12-06,Spain
TXN-12B1E55C-F02,INR,Failed,2024-07-24,Italy
TXN-6C0B28FD-0B3,INR,Refunded,2023-08-04,South Africa
TXN-238CB2F2-262,INR,Cancelled,2024-05-04,Japan
TXN-87C12810-D6D,SGD,Refunded,2024-05-22,Netherlands
TXN-19DB708E-998,CAD,Processing,2023-04-07,China
TXN-A43E8761-1FE,SGD,Failed,2024-04-18,China
TXN-5764E040-47D,CHF,Refunded,2024-04-01,Italy
TXN-72D6CDED-1F6,JPY,Cancelled,2024-08-09,Canada
TXN-6C8F8D9A-998,CHF,Pending,2023-09-08,Japan
TXN-62021B78-740,CNY,Processing,2023-04-21,Germany
TXN-64FA2489-03F,SGD,Failed,2024-03-22,UAE
TXN-A2908C3A-A18,AED,Processing,2023-10-28,Germany
TXN-AF72B73B-FC4,USD,Completed,2023-12-03,Switzerland
TXN-EDC3F9DE-6DA,INR,Processing,2024-09-16,Singapore
TXN-55DE2AE6-EAA,EUR,Processing,2024-01-17,Canada
TXN-EDC464C2-524,LKR,Pending,2024-09-06,Netherlands
TXN-1DDB6866-D8C,GBP,Failed,2024-11-16,Sweden
TXN-6303A78D-C96,AUD,Processing,2023-01-13,Singapore
TXN-3E67CB44-F38,INR,Pending,2023-05-13,Sri Lanka
TXN-8CC28412-0B6,SGD,Refunded,2024-05-15,Sri Lanka
TXN-1CAA4825-CD8,SGD,Completed,2024-07-04,France
TXN-F5EA0BF1-8CB,GBP,Failed,2024-12-10,Norway
TXN-6C30863F-6A1,CNY,Processing,2023-12-17,Sri Lanka
TXN-4F3865D2-7A5,LKR,Pending,2024-03-11,United States
TXN-58F1FE0C-D93,CHF,Refunded,2024-02-16,Spain
TXN-7B1E7837-3FC,CNY,Refunded,2023-06-02,China
TXN-F50120AA-0AD,INR,Processing,2023-06-15,Brazil
TXN-F996CB74-5B3,EUR,Cancelled,2023-11-13,Japan
TXN-836CE010-636,AUD,Completed,2023-04-03,United States
TXN-93EAE93D-DE4,JPY,Processing,2024-04-14,Switzerland
TXN-8905392B-46B,SGD,Failed,2024-04-13,India
TXN-CF1BFA67-510,CHF,Pending,2023-09-07,Singapore
TXN-844D37B4-2D5,USD,Completed,2023-10-04,China
TXN-8D0CA293-F91,AED,Cancelled,2024-06-05,UAE
TXN-9D710F64-861,GBP,Processing,2023-01-05,South Africa
TXN-C6BC9E72-C6A,EUR,Completed,2024-02-20,Italy
TXN-6593F9A3-557,LKR,Completed,2024-09-07,Switzerland
TXN-E4450665-7B2,CAD,Processing,2023-10-29,Switzerland
TXN-6CDF8E82-8D1,CAD,Pending,2024-05-12,Spain
TXN-AE4FA9D2-A8E,GBP,Cancelled,2024-11-29,Brazil
TXN-353B5A00-0A5,AED,Processing,2024-10-13,Canada
TXN-B9979678-8DC,GBP,Processing,2024-08-03,Norway
TXN-7EF55640-ECB,CNY,Completed,2023-12-24,Switzerland
TXN-A5685C86-491,USD,Processing,2023-02-24,Australia
TXN-056FA14C-E00,AUD,Refunded,2023-10-26,Singapore
TXN-9A3DB739-EA8,USD,Failed,2023-02-19,Canada
TXN-5A4FC97E-80D,INR,Cancelled,2024-01-28,India
TXN-3A854CAE-1C3,INR,Processing,2024-03-23,Sweden
TXN-9E9F6E14-A1A,EUR,Refunded,2023-06-05,Brazil
TXN-E4D837DC-C34,INR,Cancelled,2023-01-27,Netherlands
TXN-FDC87DC4-88D,AUD,Refunded,2023-08-17,Netherlands
TXN-D8F498B2-42C,CHF,Pending,2023-12-28,Spain
TXN-28B2D3DF-AA9,SGD,Failed,2023-08-26,Australia
TXN-4B2E8042-61C,CHF,Refunded,2024-08-28,Germany
TXN-FF189FA8-C5C,EUR,Completed,2023-01-30,United Kingdom
TXN-BDA183B4-415,USD,Processing,2023-08-10,Brazil
TXN-E6870F62-D8D,EUR,Completed,2023-05-25,Brazil
TXN-9E2DECD8-AF7,AED,Pending,2024-08-17,France
TXN-7CE3BD33-7B6,AED,Failed,2023-06-22,Brazil
TXN-D22229ED-414,CHF,Pending,2024-06-29,India
TXN-9908338A-933,CHF,Cancelled,2023-01-18,Spain
TXN-F8B30E69-DD6,AUD,Cancelled,2023-12-03,UAE
TXN-F751BCC3-C54,JPY,Failed,2023-10-18,Netherlands
TXN-87CAB2C4-B63,JPY,Completed,2023-03-28,Germany
TXN-03EA6D57-2E7,USD,Completed,2024-07-12,Japan
TXN-DC431E07-FF1,USD,Completed,2023-07-21,Brazil
TXN-AF185351-515,AED,Pending,2023-09-29,United Kingdom
TXN-9F331ECF-87B,INR,Cancelled,2024-08-31,United States
TXN-98DCCB51-A7B,AUD,Cancelled,2023-12-03,Sweden
TXN-CA4A1E74-6D2,INR,Pending,2024-02-17,Japan
TXN-7D51D751-5C0,JPY,Processing,2023-06-19,Canada
TXN-F5EBA368-F0F,INR,Completed,2024-02-24,India
TXN-882791A1-0F3,AED,Processing,2023-01-09,Italy
TXN-2D2DE2AF-D1B,GBP,Refunded,2023-01-07,Netherlands
TXN-B8529DD5-049,EUR,Cancelled,2023-04-06,China
TXN-0F30ADC0-03C,GBP,Failed,2023-08-02,Spain
TXN-EFA9483D-60A,INR,Processing,2024-10-25,Brazil
TXN-C651CFE4-041,USD,Processing,2024-01-22,Japan
TXN-7AD5D85E-95B,GBP,Cancelled,2023-11-25,Singapore
TXN-AC2E66CC-F3E,LKR,Failed,2023-01-28,Netherlands
TXN-BBC0F6CA-D8E,SGD,Cancelled,2023-04-19,Italy
TXN-FB111CCE-EA7,AED,Pending,2023-11-15,Netherlands
TXN-26E5545D-088,CAD,Processing,2024-03-22,United States
TXN-732A848E-FE5,CNY,Cancelled,2023-06-10,United Kingdom
TXN-610D3100-D90,SGD,Completed,2023-04-20,Switzerland
TXN-72FAD84D-6B0,CNY,Completed,2024-03-03,Japan
TXN-04FFAF92-AD8,AUD,Cancelled,2023-03-05,Japan
TXN-FCD10BBB-90F,JPY,Refunded,2024-03-17,South Africa
TXN-330003E7-DAA,USD,Completed,2024-06-27,UAE
TXN-35EAE36D-604,INR,Pending,2024-05-09,Brazil
TXN-7CCB3117-F9A,GBP,Pending,2024-05-13,Canada
TXN-1A75888B-317,USD,Pending,2023-09-20,South Africa
TXN-229A9577-267,INR,Refunded,2024-07-19,Switzerland
TXN-BDD48E8D-6F2,CNY,Cancelled,2024-03-24,UAE
TXN-05E5A1B1-24F,JPY,Failed,2023-05-29,Germany
TXN-ED60427E-2C3,EUR,Processing,2023-04-06,Switzerland
TXN-23ABE0D0-C2B,JPY,Processing,2023-09-16,Brazil
TXN-ABA31A9E-322,CAD,Processing,2024-03-22,China
TXN-8FDDC1BD-850,CAD,Cancelled,2023-09-14,United Kingdom
TXN-9E03585A-B1E,CNY,Refunded,2023-12-19,Japan
TXN-8A86E392-6DA,CNY,Pending,2024-07-20,UAE
TXN-A6BD263D-12E,LKR,Completed,2023-01-19,Sweden
TXN-BC40D403-EA2,CHF,Cancelled,2023-10-20,United Kingdom
TXN-B0E5E4AD-AD7,INR,Failed,2024-11-23,France
TXN-C0024568-45F,USD,Failed,2024-02-03,Sri Lanka
TXN-89DD751D-937,AUD,Cancelled,2023-12-03,Singapore
TXN-4F2D1640-4A1,SGD,Cancelled,2023-03-20,India
TXN-EDA64692-AA1,EUR,Completed,2023-03-23,Japan
TXN-8F0BA5B5-43D,GBP,Cancelled,2023-08-26,South Africa
TXN-9A0E7DF7-23B,JPY,Cancelled,2023-04-06,United States
TXN-4EA8F055-32A,AUD,Completed,2024-07-15,Canada
TXN-79EF7390-124,USD,Processing,2024-01-23,Canada
TXN-78C4C721-CB1,JPY,Refunded,2024-06-06,Australia
TXN-F13975A3-4BC,AUD,Completed,2023-09-18,Japan
TXN-D9D248F3-DAD,CAD,Cancelled,2024-12-18,Germany
TXN-FBBFA974-E36,LKR,Refunded,2024-09-26,Netherlands
TXN-E3FF72C0-13C,EUR,Processing,2024-08-28,Germany
TXN-3B590644-02D,AED,Completed,2024-07-05,UAE
TXN-0BFCB555-AE6,GBP,Failed,2024-08-29,India
TXN-A4D58693-788,EUR,Processing,2024-07-07,Singapore
TXN-74CA1E69-04E,AED,Refunded,2023-06-19,UAE
TXN-8FB643DD-4C9,USD,Completed,2024-11-22,Italy
TXN-06C9E45B-6DD,LKR,Completed,2024-08-29,Sweden
TXN-73A771DC-9EA,AED,Completed,2023-02-06,Switzerland
TXN-A755D92F-B0A,AUD,Completed,2024-10-05,Australia
TXN-6995A7B3-30F,AUD,Processing,2023-09-02,Germany
TXN-AFEDE0E8-C9C,CHF,Failed,2023-08-21,Sweden
TXN-0B253DD9-EB3,GBP,Completed,2023-11-29,Switzerland
TXN-BF8409CE-32E,CAD,Cancelled,2024-03-20,Japan
TXN-59D76DA4-2D9,AUD,Cancelled,2024-12-13,Germany
TXN-BE91785B-91E,LKR,Cancelled,2023-04-28,Singapore
TXN-AA1FC74B-243,JPY,Failed,2024-04-18,Norway
TXN-8E068BD0-33A,JPY,Pending,2023-01-25,Australia
TXN-FD5C6247-A18,AED,Pending,2024-08-01,Canada
TXN-4F2E3A5A-EB2,USD,Failed,2024-12-01,Netherlands
TXN-CE779A61-163,AED,Cancelled,2024-01-19,Italy
TXN-774AD1C1-3E8,CNY,Refunded,2024-05-06,Norway
TXN-59CE2009-C71,USD,Failed,2024-06-22,China
TXN-E8B54D6D-178,EUR,Processing,2023-04-15,Brazil
TXN-DBD761B6-77D,JPY,Completed,2023-07-18,United Kingdom
TXN-4E402AD2-B89,CHF,Completed,2024-10-02,Switzerland
TXN-F9B73195-FB1,CHF,Processing,2023-02-16,Switzerland
TXN-42371191-DEE,JPY,Cancelled,2024-05-08,France
TXN-0FE75BF4-6B8,INR,Failed,2024-07-03,Japan
TXN-6B5B3EB3-40A,AUD,Pending,2024-10-01,France
TXN-4CD7CA50-648,AUD,Processing,2024-08-17,United States
TXN-2BA250FF-292,LKR,Completed,2023-06-21,Australia
TXN-3FE4A890-74D,USD,Failed,2023-01-01,Italy
TXN-75C60707-A0B,AED,Pending,2023-12-12,Japan
TXN-E2125D52-DF3,LKR,Cancelled,2023-02-17,Brazil
TXN-8E8B7BD4-8D0,SGD,Processing,2023-07-23,Brazil
TXN-48BE1A62-9B0,CHF,Completed,2023-04-22,Switzerland
TXN-6619F694-10E,AED,Pending,2024-07-19,Italy
TXN-443011BA-B92,CNY,Failed,2023-03-02,UAE
TXN-7ECE92CD-11A,EUR,Refunded,2024-03-20,Sri Lanka
TXN-6AE5DA19-EC0,JPY,Completed,2023-01-01,Sweden
TXN-C5B851F1-320,EUR,Completed,2024-05-15,Sri Lanka
TXN-89B9A6BC-C65,USD,Pending,2023-08-15,Netherlands
TXN-57C6738C-B1B,CHF,Cancelled,2024-04-29,China
TXN-E8CE5FF1-888,LKR,Completed,2024-05-06,UAE
TXN-D866B433-5DD,AUD,Refunded,2024-11-30,South Africa
TXN-67F375AB-3A9,CHF,Processing,2023-03-01,Canada
TXN-1848E463-FF6,EUR,Cancelled,2024-11-19,France
TXN-5C1BF447-1F4,USD,Completed,2024-12-05,Netherlands
TXN-486C20FC-D9F,CAD,Cancelled,2023-07-02,United States
TXN-0D0CBD8D-150,JPY,Cancelled,2024-07-01,Italy
TXN-7F4DC089-2C6,CNY,Pending,2024-10-15,Netherlands
TXN-7ED4B6BC-0ED,CAD,Pending,2023-11-14,United States
TXN-C9A5AECA-D70,CAD,Failed,2024-06-01,China
TXN-484A56DA-E91,CHF,Cancelled,2023-11-02,Italy
TXN-F95F6984-D88,CHF,Refunded,2024-05-09,France
TXN-E1C3102F-E0F,JPY,Failed,2023-05-12,South Africa
TXN-35D9DA90-D2C,LKR,Pending,2023-11-01,Netherlands
TXN-DD7C21D9-A14,CHF,Processing,2024-08-21,India
TXN-55E5FCEF-F68,INR,Processing,2024-01-07,UAE
TXN-056BA3DE-38E,CHF,Completed,2023-03-08,Switzerland
TXN-D1117FB9-A2E,USD,Cancelled,2023-12-25,United Kingdom
TXN-77226225-C05,GBP,Failed,2024-08-06,Netherlands
TXN-8C347663-970,USD,Processing,2023-01-31,Brazil
TXN-1132C44E-0E1,USD,Refunded,2023-12-04,Sri Lanka
TXN-48B045AD-E2E,AED,Failed,2023-07-30,Germany
TXN-792758BB-B83,AUD,Pending,2023-02-16,United Kingdom
TXN-138C9811-851,GBP,Cancelled,2023-12-02,United Kingdom
TXN-0D891DCC-46B,EUR,Refunded,2023-07-01,India
TXN-C4AA8215-021,INR,Completed,2023-09-20,Norway
TXN-73B5E7F7-88E,CHF,Refunded,2023-07-05,Japan
TXN-CDCDBD36-B47,USD,Cancelled,2024-08-06,UAE
TXN-0C350BC1-B4C,JPY,Processing,2024-03-28,Canada
TXN-02AED04C-108,INR,Pending,2023-02-27,South Africa
TXN-5975E6A9-048,GBP,Refunded,2023-08-02,Norway
TXN-B1A0395A-755,AED,Refunded,2023-11-27,UAE
TXN-E0E6B124-154,SGD,Completed,2024-12-04,Brazil
TXN-B743E2F5-310,AED,Completed,2024-01-07,France
TXN-19853354-2F1,CAD,Failed,2023-07-30,Singapore
TXN-25AEC8EB-CAB,LKR,Cancelled,2024-09-08,Sri Lanka
TXN-23EB3EAA-B77,EUR,Failed,2023-11-22,Switzerland
TXN-DE051CFD-F12,CHF,Processing,2023-03-31,India
TXN-E9EA3CEF-215,LKR,Processing,2023-09-06,Switzerland
TXN-496BE0D3-889,USD,Pending,2024-10-26,Canada
TXN-26A7A9EA-631,CHF,Completed,2023-05-29,Brazil
TXN-83F7336D-D28,EUR,Pending,2023-03-26,Brazil
TXN-FA485469-BB9,JPY,Pending,2024-02-07,Sweden
TXN-7FC59CA0-FF7,JPY,Cancelled,2023-02-15,Sweden
TXN-E5B95B5C-123,INR,Processing,2023-10-22,United Kingdom
TXN-955CCF30-8B3,EUR,Refunded,2024-09-27,South Africa
TXN-6A7916A4-69B,CNY,Cancelled,2024-01-29,South Africa
TXN-24424E19-D3E,INR,Failed,2024-02-21,Sweden
TXN-71C4D410-7C1,JPY,Refunded,2023-10-30,China
TXN-5F4B62A2-E77,CNY,Pending,2023-10-29,Japan
TXN-B92B2629-128,CHF,Pending,2024-05-23,Netherlands
TXN-EA545166-F44,CNY,Failed,2023-03-08,UAE
TXN-1198540E-C18,JPY,Failed,2024-09-01,Italy
TXN-2CF60454-D7E,CNY,Cancelled,2024-04-15,Australia
TXN-0F2E031E-A88,CHF,Refunded,2024-01-13,South Africa
TXN-2FD1B3C8-BA9,CHF,Cancelled,2024-01-31,France
TXN-E2556FE0-914,CHF,Processing,2024-02-07,China
TXN-BB59BA03-F7D,CHF,Cancelled,2023-10-07,Australia
TXN-D8B4EAF3-132,INR,Cancelled,2023-08-29,Germany
TXN-CC510EFC-9F5,GBP,Cancelled,2024-01-30,UAE
TXN-2C08051F-A29,EUR,Pending,2024-06-15,Brazil
TXN-B10E1A92-31E,USD,Refunded,2024-07-16,United States
TXN-A5C88263-02E,LKR,Pending,2024-11-23,Germany
TXN-B86A1BAE-118,CAD,Processing,2023-06-18,Brazil
TXN-2694E4DD-58E,CHF,Completed,2023-10-19,United Kingdom
TXN-1E9C15AD-833,CAD,Failed,2023-06-19,UAE
TXN-10DF8CAD-474,JPY,Processing,2023-04-03,Brazil
TXN-4E9701C4-CC1,CNY,Refunded,2024-07-07,Japan
TXN-507210C9-5CF,SGD,Processing,2024-01-14,Spain
TXN-AF43B896-89C,CNY,Failed,2023-10-09,Australia
TXN-899BA8E0-6A7,JPY,Completed,2023-11-17,South Africa
TXN-0B074F5C-135,CNY,Processing,2023-10-01,Italy
TXN-2C36EF1F-2A4,AUD,Completed,2023-04-17,Singapore
TXN-CAF20A2B-700,AED,Failed,2024-10-22,Sri Lanka
TXN-33ABAD2A-CC8,EUR,Completed,2024-12-01,Italy
TXN-1B8F057A-179,INR,Pending,2023-10-03,Spain
TXN-F7FB1176-C12,INR,Cancelled,2023-10-24,France
TXN-76477B92-B87,AUD,Failed,2023-09-01,United Kingdom
TXN-F0C9FF09-843,JPY,Completed,2023-01-20,Singapore
TXN-C4963956-91F,CHF,Processing,2024-01-05,Canada
TXN-877EA372-912,JPY,Cancelled,2023-03-01,United Kingdom
TXN-BAED2635-88A,LKR,Completed,2024-02-04,Singapore
TXN-E5D31D75-BC9,CNY,Completed,2023-08-17,Italy
TXN-EBCDEAD3-4FC,SGD,Pending,2023-07-16,Italy
TXN-4E5AAA00-2F2,CHF,Failed,2024-08-14,Netherlands
TXN-0C48EEF9-ED0,CAD,Cancelled,2024-10-17,Japan
TXN-EB1DE13F-6E9,GBP,Cancelled,2023-01-17,Norway
TXN-041A8199-B4D,CAD,Processing,2024-12-01,Spain
TXN-34727662-35F,CNY,Failed,2023-07-13,China
TXN-C7E44BB7-060,INR,Refunded,2023-04-26,France
TXN-C622FC64-6BD,INR,Refunded,2023-01-13,Sri Lanka
TXN-8A229D61-7BF,CAD,Refunded,2024-07-04,France
TXN-4B533619-BA3,INR,Pending,2024-12-26,South Africa
TXN-E74B22E6-F22,INR,Completed,2024-02-19,Japan
TXN-B627AE66-6ED,CAD,Processing,2024-10-26,Sri Lanka
TXN-A4E526D0-893,CNY,Cancelled,2023-05-08,Japan
TXN-B292CE7F-439,INR,Pending,2024-01-07,Sri Lanka
TXN-E9C1F7F1-4CC,USD,Processing,2023-08-05,South Africa
TXN-686C63D5-2BF,GBP,Refunded,2024-02-09,Canada
TXN-53A705D3-273,CAD,Processing,2024-11-13,Spain
TXN-E5078BBC-166,USD,Completed,2024-04-03,Italy
TXN-60A29C7C-275,LKR,Refunded,2023-01-12,Japan
TXN-C7C13F30-A71,SGD,Refunded,2024-02-28,South Africa
TXN-35BA8799-811,AUD,Pending,2023-10-06,Switzerland
TXN-2A8686F4-BE9,CNY,Completed,2024-09-26,Netherlands
TXN-A68E44AF-CAA,AED,Processing,2024-06-16,Norway
TXN-66C4703F-DA2,INR,Cancelled,2023-04-14,Netherlands
TXN-EBB33635-BF5,LKR,Failed,2024-12-13,France
TXN-3D9C7878-9D0,GBP,Processing,2024-02-01,UAE
TXN-598AD086-F8A,INR,Completed,2024-01-31,Australia
TXN-7E17D126-7EF,AUD,Refunded,2024-04-13,Norway
TXN-1FF54903-E41,LKR,Cancelled,2023-02-03,United Kingdom
TXN-BF8A3F9C-CFB,JPY,Pending,2023-03-31,Switzerland
TXN-51A1355C-63D,CAD,Pending,2024-11-07,Netherlands
TXN-681B34E9-1B0,LKR,Pending,2023-07-15,Sri Lanka
TXN-529CBDEF-4A2,AED,Processing,2023-02-06,Japan
TXN-C56DCCA1-0F8,CHF,Failed,2023-06-23,Australia
TXN-A10BD068-3AE,AED,Pending,2024-05-14,France
TXN-A4B356D2-0C0,INR,Pending,2023-04-09,Switzerland
TXN-56FBE77F-353,EUR,Processing,2024-10-11,Switzerland
TXN-2BCE23CF-FBB,CAD,Processing,2023-09-21,Brazil
TXN-2FFD3CD9-2E6,GBP,Completed,2024-02-09,Sri Lanka
TXN-2282D86C-E3B,USD,Cancelled,2023-11-09,Singapore
TXN-8FC80BA0-55A,INR,Failed,2024-02-27,United States
TXN-31F57C3A-333,GBP,Pending,2024-01-16,Brazil
TXN-CC96067E-02E,CNY,Failed,2024-02-26,South Africa
TXN-9D86114C-277,CHF,Processing,2024-02-10,Italy
TXN-AE1F7E26-B50,AED,Processing,2024-10-29,Spain
TXN-484C9BD2-B09,AED,Pending,2023-09-29,UAE
TXN-76636BF8-656,USD,Refunded,2023-04-19,UAE
TXN-16AEE627-279,INR,Failed,2024-11-02,United Kingdom
TXN-966C5DFD-905,AED,Pending,2023-12-03,Sweden
TXN-979C8325-2FB,AED,Pending,2023-09-08,Switzerland
TXN-61F72134-155,EUR,Processing,2023-10-15,France
TXN-1D8473C3-F3C,CNY,Pending,2023-02-04,Brazil
TXN-AF67BE09-85B,USD,Completed,2024-11-13,Canada
TXN-0EF71BFC-878,INR,Pending,2024-06-03,Netherlands
TXN-A7198906-78F,GBP,Completed,2023-03-19,Australia
TXN-A41E6CB0-98C,CAD,Pending,2023-09-28,Germany
TXN-77B130C1-665,SGD,Cancelled,2023-08-13,United States
TXN-F91D312C-2EC,AED,Processing,2023-06-20,Italy
TXN-6BE87D6F-9BD,CHF,Refunded,2023-03-26,Canada
TXN-01E8FDE1-3A1,SGD,Pending,2023-01-19,Italy
TXN-D1DE9EDD-D52,SGD,Failed,2024-06-18,Singapore
TXN-821C247D-618,GBP,Refunded,2023-10-25,India
TXN-71E54D35-C17,EUR,Cancelled,2023-05-19,Sweden
TXN-F3499531-8EE,SGD,Completed,2023-11-11,China
TXN-607DBC79-E20,LKR,Pending,2023-02-19,Sweden
TXN-A8BF30B1-324,LKR,Pending,2023-06-01,China
TXN-90B58A3A-423,LKR,Completed,2024-12-24,Singapore
TXN-AA8BB449-063,CAD,Pending,2024-10-05,France
TXN-C8E0C4BE-E5B,SGD,Completed,2024-03-04,Norway
TXN-DC109007-7C2,INR,Failed,2024-10-25,Germany
TXN-17FBF2AF-BC4,AED,Refunded,2024-08-24,Italy
TXN-2037A2FF-45C,CAD,Completed,2024-07-05,Australia
TXN-6687B48B-3D5,LKR,Completed,2023-09-12,Australia
TXN-E8038E98-63D,CAD,Refunded,2024-06-13,Canada
TXN-B6F87376-1FD,CAD,Failed,2024-09-29,United States
TXN-87705570-65B,CHF,Processing,2024-02-28,United States
TXN-8A50409A-60F,CNY,Failed,2024-04-15,Spain
TXN-B24B605A-E0F,GBP,Processing,2024-03-28,Canada
TXN-63C9793A-A33,JPY,Cancelled,2024-12-16,Singapore
TXN-CD60415A-930,CHF,Refunded,2024-12-19,Australia
TXN-36CFBC10-993,AED,Refunded,2024-07-17,South Africa
TXN-AE43F0F4-EF3,AED,Processing,2024-12-11,Sri Lanka
TXN-C219B012-F89,GBP,Failed,2024-09-20,Sweden
TXN-E2FCC83F-90B,LKR,Processing,2024-04-29,Netherlands
TXN-9209C350-FCF,INR,Completed,2023-09-12,Netherlands
TXN-B789C103-CFA,SGD,Completed,2024-10-28,South Africa
TXN-F56EB3B2-D4F,EUR,Completed,2024-08-01,Canada
TXN-6CDEF79D-242,GBP,Processing,2023-11-03,India
TXN-E7974E69-678,CAD,Completed,2024-06-07,Sweden
TXN-831808F4-BA3,CAD,Cancelled,2023-05-07,Spain
TXN-25C24C73-480,CNY,Refunded,2023-01-12,Norway
TXN-34D1A93B-C7C,CNY,Processing,2023-01-09,Brazil
TXN-4AF09AFC-CC4,AED,Processing,2023-06-28,South Africa
TXN-8D81CA9D-A9D,INR,Cancelled,2023-03-25,Norway
TXN-3DDD3617-7E6,INR,Completed,2024-09-11,Netherlands
TXN-E1F1FB42-7AF,AED,Cancelled,2024-05-30,Singapore
TXN-25F49DEF-039,USD,Cancelled,2024-01-29,France
TXN-86014BEE-BF4,CNY,Failed,2023-03-12,Singapore
TXN-48AE4194-F71,JPY,Refunded,2024-12-21,Sri Lanka
TXN-7C734F1B-A7A,USD,Failed,2024-07-19,United States
TXN-C0B60982-320,GBP,Processing,2024-03-12,India
TXN-6F5EF547-09C,LKR,Cancelled,2023-07-02,Germany
TXN-993283B5-061,GBP,Processing,2023-09-01,South Africa
TXN-0F37119B-C39,SGD,Pending,2024-12-13,Sri Lanka
TXN-C7D114EA-134,JPY,Pending,2024-06-15,Sri Lanka
TXN-9A38C540-C27,CHF,Completed,2024-06-08,Norway
TXN-87DCD18A-32F,CAD,Cancelled,2023-10-18,Spain
TXN-CA258C32-844,AED,Processing,2024-01-16,Italy
TXN-EE55C4FF-43C,CNY,Processing,2023-05-08,Sri Lanka
TXN-6B8A3164-A41,USD,Completed,2023-01-13,UAE
TXN-ED8C497A-AC3,INR,Processing,2023-07-15,India
TXN-EDBFC43F-42C,EUR,Completed,2023-01-24,France
TXN-25D43B7E-603,CAD,Cancelled,2024-04-16,Sweden
TXN-4FC0B8A9-C38,EUR,Failed,2023-03-13,South Africa
TXN-4C9B371D-CA1,EUR,Failed,2023-03-19,Australia
TXN-74F0522B-BBF,AUD,Pending,2023-02-10,Sri Lanka
TXN-4F54FF3D-CA5,CHF,Failed,2024-04-14,Italy
TXN-C2415872-84C,CNY,Failed,2023-04-21,Sweden
TXN-38F10A70-38A,CAD,Cancelled,2024-02-24,UAE
TXN-31E5928C-200,AED,Refunded,2023-09-15,Spain
TXN-8BDDED88-293,CHF,Completed,2023-07-15,United States
TXN-BD59F33A-4D8,GBP,Completed,2024-11-18,Norway
TXN-1AEA2F0E-6BA,CHF,Refunded,2024-03-06,Germany
TXN-AD7CE817-71F,SGD,Completed,2024-11-17,Netherlands
TXN-AA0C45B8-B24,INR,Refunded,2023-01-27,Sweden
TXN-81D97566-BC6,CAD,Processing,2024-12-26,China
TXN-D3F2D832-CB6,AUD,Failed,2024-02-29,Germany
TXN-D628141F-DB9,CNY,Cancelled,2024-02-18,France
TXN-1789C72B-DFB,AUD,Pending,2023-08-08,Japan
TXN-2438259E-5F4,SGD,Pending,2024-08-05,Sweden
TXN-540533DA-4E4,JPY,Refunded,2023-07-14,Sri Lanka
TXN-3174498E-A2C,CHF,Completed,2024-10-10,Netherlands
TXN-86D8B15D-74D,EUR,Failed,2024-04-04,Japan
TXN-59756161-97E,USD,Failed,2023-05-18,United Kingdom
TXN-166EE03B-35A,CNY,Processing,2024-04-08,Brazil
TXN-0ACE7C21-03A,USD,Cancelled,2023-06-06,Sri Lanka
TXN-63A78BD2-AA2,AUD,Completed,2023-10-25,Norway
TXN-85D32DF1-8E3,SGD,Cancelled,2024-08-07,India
TXN-7318B8CE-7A0,LKR,Cancelled,2023-08-22,Sweden
TXN-38591B44-45C,JPY,Processing,2023-12-04,Spain
TXN-74AADFA9-2AD,AUD,Completed,2023-08-18,Norway
TXN-CA749E31-FBF,USD,Processing,2024-07-11,Australia
TXN-BEC6981B-8C4,CAD,Pending,2023-07-18,Brazil
TXN-1D7834C6-2EC,AED,Processing,2024-07-15,Japan
TXN-59CB16D3-655,SGD,Completed,2024-05-31,South Africa
TXN-F290BD2A-93A,AUD,Refunded,2024-01-01,Switzerland
TXN-B90F0E99-E69,GBP,Cancelled,2024-06-07,Germany
TXN-4533EC73-2E4,CAD,Pending,2024-02-03,Switzerland
TXN-EBD7C760-77D,CAD,Completed,2024-11-18,United States
TXN-1F9FB508-6E4,CHF,Completed,2024-09-27,South Africa
TXN-21B9A931-9CF,GBP,Cancelled,2023-02-13,China
TXN-30D147ED-593,LKR,Processing,2024-04-22,UAE
TXN-FCCE8EC4-796,CHF,Processing,2024-06-19,United Kingdom
TXN-ED73D4F4-7C8,LKR,Completed,2023-12-10,United States
TXN-05EBD3C0-DC5,JPY,Failed,2023-05-14,Sweden
TXN-4221A060-BD0,SGD,Processing,2023-02-02,Brazil
TXN-D88E6D80-6FE,JPY,Failed,2024-01-30,India
TXN-5D596274-30C,INR,Processing,2023-10-16,United Kingdom
TXN-129E7C25-B3A,CAD,Completed,2024-11-18,Brazil
TXN-E0BAC3E8-238,AED,Refunded,2023-12-09,Singapore
TXN-004929ED-06C,INR,Failed,2023-04-08,Australia
TXN-54981571-8E1,JPY,Pending,2023-10-18,China
TXN-3DB15FDB-59F,LKR,Completed,2023-03-06,United Kingdom
TXN-AECDA0E7-5D7,AUD,Pending,2023-12-27,Australia
TXN-0AB5B00F-E47,GBP,Cancelled,2023-04-05,Japan
TXN-39F81801-3A1,CNY,Failed,2023-09-05,United Kingdom
TXN-1DB7B331-2DF,JPY,Processing,2023-11-11,Singapore
TXN-E557C801-60A,LKR,Cancelled,2023-06-13,Italy
TXN-C85FA1A6-0DE,CAD,Processing,2024-10-08,Australia
TXN-D960B3A1-9D9,LKR,Processing,2023-06-10,Netherlands
TXN-36440898-25F,AED,Completed,2024-01-13,UAE
TXN-E30ECEB3-067,USD,Failed,2023-05-31,Sri Lanka
TXN-7984633F-4EB,GBP,Processing,2023-07-31,Singapore
TXN-1C15E300-A62,JPY,Failed,2023-05-31,Netherlands
TXN-DB1B89C0-087,INR,Completed,2023-02-23,UAE
TXN-16466865-177,CAD,Refunded,2024-12-21,UAE
TXN-1B09CDC2-57C,CNY,Refunded,2023-02-25,UAE
TXN-5330F909-2AC,GBP,Cancelled,2024-10-01,Norway
TXN-5366F755-A32,LKR,Refunded,2023-01-21,Netherlands
TXN-4099575F-639,AED,Completed,2024-11-25,Norway
TXN-38BD67BD-89F,LKR,Failed,2023-08-22,Sweden
TXN-C40C29F1-D45,CNY,Cancelled,2023-12-20,Italy
TXN-B7A2BCB9-82E,CHF,Refunded,2023-05-17,France
TXN-82B2EDA7-80A,INR,Failed,2023-02-22,India
TXN-434DB0AE-C28,AED,Cancelled,2023-02-16,United Kingdom
TXN-1018A0C5-A72,INR,Processing,2023-09-06,Brazil
TXN-AB2A55F4-650,USD,Pending,2024-03-07,Canada
TXN-DA201049-5F2,AUD,Pending,2023-10-08,Canada
TXN-5B9774B3-724,USD,Refunded,2024-07-08,Germany
TXN-6732BEDB-4BB,AUD,Processing,2024-03-05,UAE
TXN-E24DC961-916,JPY,Processing,2023-06-24,Brazil
TXN-9BF42CC0-162,SGD,Refunded,2024-01-16,India
TXN-B324D1A2-C9B,CNY,Failed,2024-04-18,Canada
TXN-D31AFA37-546,EUR,Pending,2023-02-08,Italy
TXN-78A03734-00F,GBP,Failed,2024-09-30,Switzerland
TXN-49ABA7F7-E07,SGD,Pending,2024-06-29,UAE
TXN-D7B64D94-596,EUR,Processing,2024-12-21,UAE
TXN-81253363-4A9,AED,Pending,2024-11-18,Singapore
TXN-4F17D148-B2E,CHF,Failed,2023-02-21,Japan
TXN-AF7C54A9-3A5,LKR,Failed,2024-02-19,Spain
TXN-C446516C-28C,AUD,Failed,2024-09-24,India
TXN-A8510C51-981,JPY,Processing,2024-10-25,Singapore
TXN-A956E114-F18,INR,Processing,2024-03-15,Germany
TXN-F896DBC4-553,LKR,Completed,2024-09-18,China
TXN-506344E4-34F,CAD,Refunded,2024-07-01,China
TXN-F3C17F0B-CD9,CHF,Pending,2024-12-12,Switzerland
TXN-FF31F7D4-FF1,JPY,Processing,2023-09-12,Switzerland
TXN-26435A8A-D04,USD,Refunded,2023-05-29,Singapore
TXN-D085581C-BCA,EUR,Failed,2024-11-14,Singapore
TXN-217900C6-639,SGD,Cancelled,2023-12-10,Norway
TXN-5DC6B216-DB6,INR,Completed,2023-02-21,Japan
TXN-8C87C4F1-E73,GBP,Pending,2024-11-27,Australia
TXN-DC9D345C-64C,CHF,Pending,2023-07-30,Spain
TXN-42755724-CF7,LKR,Processing,2024-09-05,Australia
TXN-FF4486E9-F06,CAD,Completed,2023-01-31,Italy
TXN-FB33A612-ED0,INR,Processing,2023-04-07,Switzerland
TXN-792A5D90-C5B,CHF,Processing,2024-11-18,India
TXN-03853438-F76,LKR,Pending,2023-08-05,China
TXN-1ED94507-061,AED,Failed,2023-07-16,UAE
TXN-082C4429-A0A,SGD,Cancelled,2024-05-06,Switzerland
TXN-FC485908-FAD,CHF,Completed,2024-10-10,China
TXN-FE555FA0-83C,CHF,Pending,2023-08-15,Switzerland
TXN-AE0AB5FB-047,AED,Refunded,2023-05-14,France
TXN-6134EF19-2C8,INR,Cancelled,2024-12-10,France
TXN-C930614E-3B2,CNY,Completed,2024-01-16,France
TXN-0C9C0E5A-338,CHF,Cancelled,2024-05-29,Singapore
TXN-D14A0BB3-E0D,JPY,Pending,2023-10-26,Norway
TXN-7B6315CB-211,CNY,Cancelled,2023-02-15,Canada
TXN-FD4FCEBC-CF9,USD,Processing,2023-08-06,Singapore
TXN-CE050CE3-C3F,CAD,Cancelled,2023-12-13,Sri Lanka
TXN-A638A173-B2D,EUR,Pending,2023-12-01,United Kingdom
TXN-302B814F-091,LKR,Processing,2023-07-09,United Kingdom
TXN-A4D00A9D-226,INR,Pending,2023-07-14,China
TXN-758A59BB-DB6,CHF,Refunded,2024-09-05,South Africa
TXN-B00604B0-28A,CNY,Failed,2023-07-15,Spain
TXN-AAFD8EEC-A12,SGD,Processing,2024-06-03,Switzerland
TXN-214A7AC0-478,GBP,Processing,2024-09-28,Singapore
TXN-25426B81-6D3,GBP,Processing,2024-09-11,United Kingdom
TXN-CB54B323-ACB,AUD,Processing,2024-09-17,China
TXN-A237FE0D-FAA,AED,Refunded,2024-06-20,South Africa
TXN-1A18D822-3EC,SGD,Pending,2024-11-12,Sweden
TXN-9F8DAA5D-7BB,USD,Processing,2024-03-25,United States
TXN-36ABA9DD-F15,CAD,Failed,2023-08-06,Italy
TXN-69B90CB7-FE0,GBP,Failed,2023-07-10,UAE
TXN-73C6922D-EA9,CNY,Failed,2024-07-16,Brazil
TXN-0A466914-410,CNY,Refunded,2024-07-12,Japan
TXN-5E560BEA-C09,INR,Cancelled,2023-05-04,India
TXN-7C57EFA8-17E,CAD,Pending,2024-02-03,Germany
TXN-B69DC501-2D3,INR,Pending,2024-05-16,South Africa
TXN-3229338E-7A7,AUD,Cancelled,2024-03-13,Norway
TXN-201127AE-06C,LKR,Pending,2024-03-12,Australia
TXN-323A9181-B19,SGD,Pending,2023-05-25,Spain
TXN-035EB24A-D0C,JPY,Pending,2023-08-14,UAE
TXN-798FB392-519,SGD,Pending,2023-07-11,South Africa
TXN-FB9FBA32-1B3,EUR,Cancelled,2023-09-03,Canada
TXN-CA52CE4B-F4F,AUD,Processing,2024-02-09,Netherlands
TXN-976F13F7-C99,CHF,Failed,2024-10-26,Spain
TXN-85E0ED50-68D,INR,Processing,2024-11-02,UAE
TXN-328182A2-30E,AUD,Completed,2023-09-05,India
TXN-3C089466-E98,CAD,Completed,2023-03-13,Norway
TXN-0CA215D3-177,EUR,Cancelled,2024-06-29,China
TXN-BC5B0417-DA1,CAD,Processing,2024-06-04,Netherlands
TXN-44F30DF2-1A2,INR,Processing,2023-02-28,Japan
TXN-C8E29278-1B2,CHF,Processing,2024-11-19,UAE
TXN-A14D5DB1-97B,CHF,Processing,2023-03-21,Sri Lanka
TXN-61520A61-F18,EUR,Refunded,2023-06-02,United Kingdom
TXN-88875DEB-9FD,LKR,Pending,2024-08-26,Australia
TXN-A030E90E-31F,EUR,Completed,2023-11-08,China
TXN-9FA47B3E-50E,USD,Failed,2024-06-11,Switzerland
TXN-AFD36FEB-3F4,JPY,Failed,2023-08-08,France
TXN-B57F2D79-B6A,AUD,Completed,2024-10-02,Australia
TXN-A2C2BBBA-4CB,CAD,Processing,2024-08-30,Italy
TXN-2D4ECC7F-4EE,CNY,Failed,2024-02-16,Singapore
TXN-99F66000-CF2,USD,Failed,2024-01-20,Switzerland
TXN-44E14A0E-997,EUR,Pending,2023-05-02,Norway
TXN-D000C400-449,SGD,Refunded,2024-05-20,France
TXN-66E8496D-6DB,AED,Pending,2024-10-08,Japan
TXN-AA5A3DDE-16C,LKR,Completed,2024-11-13,Canada
TXN-54F2DFF9-E1C,INR,Processing,2023-07-03,Switzerland
TXN-72ED2A05-7F1,LKR,Cancelled,2024-10-31,Spain
TXN-B7B6D19D-5C9,EUR,Pending,2023-05-04,Italy
TXN-53B5289F-370,AED,Processing,2024-06-27,India
TXN-59E4DBE9-AC8,LKR,Refunded,2023-07-31,Singapore
TXN-EAFA077E-99D,CHF,Refunded,2024-11-24,Singapore
TXN-8C0BD7E3-9C6,JPY,Processing,2024-05-09,Sweden
TXN-6ACFB17A-4F1,GBP,Cancelled,2024-01-17,Australia
TXN-40194468-B6B,JPY,Completed,2024-06-07,Singapore
TXN-A949CB43-A8A,EUR,Processing,2023-09-12,United States
TXN-B03A4A58-27B,GBP,Processing,2023-03-08,Italy
TXN-67C19C2C-4D6,JPY,Refunded,2023-09-28,United States
TXN-6405401F-616,CNY,Failed,2024-06-15,Sri Lanka
TXN-3A47952F-434,GBP,Processing,2024-09-08,France
TXN-C208F117-122,SGD,Processing,2024-01-20,France
TXN-7A5DCA8B-364,SGD,Completed,2024-04-28,UAE
TXN-65E348F4-CEA,LKR,Refunded,2024-04-30,Netherlands
TXN-553B0FDC-D8F,GBP,Pending,2023-03-24,Germany
TXN-E657358F-072,CNY,Processing,2023-02-26,India
TXN-A5233B7F-1E1,USD,Completed,2024-05-27,Canada
TXN-A0837E31-CB5,AED,Pending,2024-12-17,Netherlands
TXN-E04DB88C-82C,INR,Cancelled,2023-06-09,Sweden
TXN-03E3C49C-B7E,CNY,Pending,2023-11-23,UAE
TXN-78FBB87B-1A8,GBP,Completed,2023-06-02,Japan
TXN-AE0FD34E-9C5,LKR,Refunded,2024-03-27,Canada
TXN-862C1538-A8D,INR,Completed,2023-10-04,Canada
TXN-4330CF30-73F,GBP,Completed,2024-12-27,Spain
TXN-4BDA6FA1-268,JPY,Failed,2023-11-06,Germany
TXN-62E91B64-2D0,INR,Pending,2023-04-07,Netherlands
TXN-8701DCE8-888,SGD,Failed,2023-10-31,Canada
TXN-375401B3-967,EUR,Refunded,2023-06-22,Germany
TXN-31715151-AEA,AED,Cancelled,2023-09-13,Spain
TXN-A51070FE-099,CNY,Processing,2024-03-29,Brazil
TXN-6E43D4B4-629,SGD,Failed,2023-03-09,China
TXN-9BE120DC-961,AUD,Refunded,2024-01-23,United Kingdom
TXN-39F617EB-C84,CAD,Pending,2023-08-21,Australia
TXN-C9E2EE78-C0F,EUR,Pending,2024-08-10,Australia
TXN-2E45C503-192,LKR,Pending,2024-04-10,Brazil
TXN-A5369847-F22,JPY,Processing,2023-02-07,Australia
TXN-EA1EF44A-18F,JPY,Completed,2024-02-04,Spain
TXN-5683557C-81A,AUD,Refunded,2024-10-05,Canada
TXN-7CA0ED43-3BC,INR,Pending,2023-03-13,Sweden
TXN-76D71AC2-BD7,EUR,Refunded,2024-08-01,Sweden
TXN-9F7ABDC8-B18,LKR,Pending,2023-06-25,Spain
TXN-BD993DDF-343,AED,Refunded,2024-12-14,Netherlands
TXN-7B2CD5E3-184,AUD,Processing,2024-11-11,France
TXN-B7710DAD-643,CAD,Cancelled,2024-09-05,Japan
TXN-0DF82F4E-69B,USD,Completed,2024-06-02,Norway
TXN-9FC26C5C-82F,LKR,Processing,2024-04-09,France
TXN-11CFD9E0-F72,GBP,Completed,2023-09-17,Brazil
TXN-1C357C25-34B,LKR,Cancelled,2023-03-08,Netherlands
TXN-E3F44D4E-F10,EUR,Cancelled,2024-02-23,Spain
TXN-E4433663-B38,CNY,Failed,2023-03-20,Japan
TXN-E46A495D-A53,JPY,Failed,2024-08-25,Netherlands
TXN-83FFA96F-A00,EUR,Refunded,2024-04-19,Brazil
TXN-7583DC0A-99C,JPY,Processing,2024-11-02,Sri Lanka
TXN-E6F5761A-B63,AUD,Completed,2024-04-17,Switzerland
TXN-65490EE6-941,CHF,Pending,2024-03-28,United Kingdom
TXN-DEF9D64E-8F5,JPY,Cancelled,2024-10-07,Norway
TXN-7F879BDD-6BD,INR,Refunded,2024-08-20,Germany
TXN-512BBB19-F09,AED,Cancelled,2024-09-14,China
TXN-186B8884-E87,LKR,Failed,2024-05-20,Norway
TXN-D0590F58-221,INR,Pending,2023-04-26,Netherlands
TXN-E0C46262-E42,AUD,Processing,2024-01-27,Italy
TXN-D3CA5D05-EC7,CNY,Pending,2024-06-15,UAE
TXN-8358CDA4-BCA,CAD,Completed,2023-10-18,India
TXN-95160B5A-D35,EUR,Pending,2023-02-28,Netherlands
TXN-53EEB074-428,USD,Refunded,2024-10-13,India
TXN-EA1DAA91-6D0,CNY,Completed,2023-06-10,Canada
TXN-BCEC190D-243,SGD,Completed,2024-07-29,Spain
TXN-039BCA55-3D3,JPY,Completed,2023-12-10,India
TXN-36BD254D-77B,SGD,Cancelled,2024-07-07,Sweden
TXN-E441BF51-9D6,GBP,Pending,2024-06-17,Switzerland
TXN-FFEB8BD7-E14,USD,Processing,2023-01-07,Sri Lanka
TXN-5C84D3CB-1BF,EUR,Processing,2024-12-01,Netherlands
TXN-6A3FA113-EF5,EUR,Failed,2024-01-10,Sweden
TXN-31210851-025,CHF,Refunded,2023-06-10,UAE
TXN-BA0BCA16-5B6,EUR,Completed,2024-03-22,India
TXN-019D266E-DE4,CHF,Completed,2024-08-20,Switzerland
TXN-DD4BA067-FAD,JPY,Completed,2024-09-26,Switzerland
TXN-98F6DE73-A72,AED,Completed,2023-02-10,Netherlands
TXN-56EFDA9C-520,INR,Failed,2023-11-11,Norway
TXN-3A256A84-648,LKR,Completed,2024-12-02,Brazil
TXN-F01C9D66-0FA,EUR,Failed,2023-04-18,Norway
TXN-B56FF08A-55D,SGD,Refunded,2023-12-18,Netherlands
TXN-366075B0-7E5,GBP,Processing,2023-12-06,Italy
TXN-9AA3C4E9-1F0,INR,Processing,2024-03-24,Brazil
TXN-296AB496-DE9,LKR,Completed,2023-01-27,India
TXN-8CA026E1-3D5,EUR,Refunded,2023-10-24,Switzerland
TXN-BC10A851-952,CNY,Failed,2023-02-20,UAE
TXN-E051ED11-A3F,CNY,Failed,2023-03-31,India
TXN-E94C9A83-F3C,AED,Completed,2023-03-08,Germany
TXN-8A0619EC-989,SGD,Failed,2024-11-04,France
TXN-CF89341D-9B9,GBP,Completed,2024-06-23,France
TXN-3EB2071E-4FF,GBP,Cancelled,2023-05-21,Brazil
TXN-3F332308-3C1,EUR,Processing,2023-05-13,Sri Lanka
TXN-72687656-7B7,INR,Completed,2023-08-28,Australia
TXN-3C942DE4-D2A,USD,Completed,2023-06-27,Sri Lanka
TXN-A146AB47-4BE,CHF,Refunded,2023-01-18,Germany
TXN-07CF5865-8E1,AED,Processing,2023-10-11,France
TXN-30944285-FD1,INR,Failed,2023-08-03,Spain
TXN-FD16C31A-3FD,EUR,Failed,2023-11-28,Netherlands
TXN-8593E723-DE2,SGD,Failed,2023-01-21,China
TXN-422F042B-86B,JPY,Refunded,2024-05-30,Norway
TXN-D1964F05-A5A,CAD,Processing,2023-09-24,Singapore
TXN-18F0C2AF-246,AED,Cancelled,2023-09-25,South Africa
TXN-D65C0C5B-CDB,JPY,Failed,2024-04-06,Germany
TXN-BA82FD79-F6F,INR,Cancelled,2023-07-03,France
TXN-7681D981-90A,CAD,Failed,2023-06-10,France
TXN-585CAC20-77A,INR,Cancelled,2023-06-20,Norway
TXN-A6C6630C-129,JPY,Failed,2023-01-02,Netherlands
TXN-FB3B13DA-B15,LKR,Completed,2023-06-25,Canada
TXN-2539DFA5-DAD,EUR,Completed,2024-09-24,Japan
TXN-2B1B5992-BD6,EUR,Completed,2024-03-25,South Africa
TXN-8356DEA2-584,CHF,Completed,2023-05-08,Singapore
TXN-C480AE07-70F,JPY,Completed,2023-06-21,Italy
TXN-8304391D-F71,AED,Completed,2023-11-03,Norway
TXN-CB03BC13-FEC,AUD,Refunded,2024-06-16,United States
TXN-224971B4-425,INR,Completed,2024-10-15,Switzerland
TXN-54AB9ECB-6D8,AUD,Processing,2023-04-13,Netherlands
TXN-97E0728D-9CD,EUR,Refunded,2023-05-18,India
TXN-D616EABC-4BE,USD,Pending,2024-02-12,Singapore
TXN-A51A5372-007,CAD,Pending,2023-09-24,Singapore
TXN-364BCB31-CB4,CAD,Processing,2023-08-14,Australia
TXN-A77B69F1-48B,INR,Processing,2024-12-29,Japan
TXN-DFBD1A67-589,CNY,Completed,2024-06-03,Brazil
TXN-4F9818AC-884,USD,Completed,2024-02-03,Switzerland
TXN-BE7E79E0-2B9,CHF,Completed,2023-07-14,Germany
TXN-5D25342D-E3B,INR,Completed,2023-01-26,Brazil
TXN-E3096D98-9DF,JPY,Completed,2023-11-01,Brazil
TXN-6D69748C-24F,CNY,Failed,2024-10-03,Australia
TXN-26D48EA5-F36,USD,Cancelled,2023-01-25,United States
TXN-060EDABD-E09,JPY,Refunded,2023-01-08,Germany
TXN-F95B0396-C18,CHF,Refunded,2024-08-02,Sri Lanka
TXN-9778446D-5CA,AUD,Completed,2024-02-04,United Kingdom
TXN-19429FB5-A16,SGD,Completed,2023-03-12,Japan
TXN-60F3E87E-383,AED,Pending,2023-08-12,Sweden
TXN-FF619881-35F,USD,Processing,2023-07-02,Japan
TXN-F296CF35-ECB,SGD,Processing,2023-04-14,United States
TXN-A8302C33-865,GBP,Completed,2023-03-20,Singapore
TXN-6A62727B-9A9,AUD,Processing,2023-01-09,India
TXN-7F2A2122-905,CAD,Cancelled,2024-12-11,Sri Lanka
TXN-EE4564C0-DFF,AED,Cancelled,2024-06-10,Switzerland
TXN-A8BBFE14-7FB,EUR,Processing,2023-04-16,Sri Lanka
TXN-881757FD-5A2,CHF,Completed,2023-07-09,Switzerland
TXN-B8BCF787-963,CNY,Cancelled,2024-05-28,Italy
TXN-AB301BE1-381,INR,Processing,2024-12-08,Sweden
TXN-BAC00A90-2CC,CAD,Failed,2024-12-06,Brazil
TXN-3FFB7549-255,EUR,Pending,2024-02-23,Sri Lanka
TXN-7806ACF8-A3C,EUR,Refunded,2024-01-24,Netherlands
TXN-C86A05F3-B79,AUD,Cancelled,2024-03-16,United States
TXN-5A1EF153-A94,AUD,Refunded,2023-04-06,UAE
TXN-0F837346-383,CHF,Cancelled,2023-06-24,Netherlands
TXN-D586BA37-C15,LKR,Failed,2024-01-02,United Kingdom
TXN-2AC5F17E-253,SGD,Refunded,2023-03-16,UAE
TXN-E94EE394-88E,EUR,Cancelled,2023-08-27,Canada
TXN-1DB1E0CB-54E,INR,Failed,2024-11-24,India
TXN-681C3B45-348,USD,Completed,2024-04-20,Italy
TXN-B7E4E639-69A,INR,Processing,2023-04-27,Sri Lanka
TXN-FE415988-497,GBP,Failed,2023-05-20,South Africa
TXN-2DDE3AC0-9B5,AUD,Refunded,2024-12-12,Italy
TXN-3AC5A137-51A,USD,Pending,2023-03-28,France
TXN-3A28C402-161,CAD,Completed,2024-02-24,Sweden
TXN-D5BC536B-5ED,CAD,Refunded,2023-05-22,China
TXN-C2B1041C-D31,CAD,Completed,2023-07-04,Singapore
TXN-672377B7-B26,GBP,Failed,2023-08-09,Japan
TXN-1FA20206-0E9,SGD,Processing,2023-02-11,UAE
TXN-6BA6AC9E-453,CHF,Completed,2023-02-14,Germany
TXN-E272098A-800,INR,Refunded,2024-01-24,Canada
TXN-C3740EFE-187,CHF,Refunded,2023-08-20,United States
TXN-7EB3FF5B-823,AUD,Failed,2023-10-12,Norway
TXN-C2BEB4E6-B26,USD,Failed,2024-02-15,Sweden
TXN-AB246208-70B,AUD,Cancelled,2024-07-13,Australia
TXN-443F6254-AB6,GBP,Completed,2024-01-01,Sweden
TXN-9F5DD11B-6D0,CHF,Completed,2024-03-17,Singapore
TXN-2A4F6D5B-988,CHF,Failed,2023-08-11,India
TXN-DA52D08B-0B2,GBP,Cancelled,2023-11-20,India
TXN-128CBD2D-E2E,AED,Pending,2024-11-07,China
TXN-2D1F9C7C-142,CAD,Cancelled,2024-10-14,India
TXN-0490F170-31C,CNY,Pending,2023-03-27,Australia
TXN-EE42441B-F07,AED,Cancelled,2023-05-01,India
TXN-1EE87AE1-980,CAD,Completed,2023-04-18,United Kingdom
TXN-564F951C-4EF,JPY,Processing,2023-03-20,Germany
TXN-0B8424E8-1EA,AED,Pending,2023-02-04,United States
TXN-538F4914-9B6,GBP,Pending,2024-07-10,India
TXN-A277B052-838,CNY,Cancelled,2023-08-06,India
TXN-58A962F1-DA2,JPY,Failed,2023-08-25,Singapore
TXN-5ED2B345-125,CNY,Failed,2024-10-24,Australia
TXN-E1A239E3-EC3,INR,Cancelled,2023-05-24,Australia
TXN-2D31755E-50E,JPY,Refunded,2024-08-21,South Africa
TXN-913AD1B8-908,INR,Processing,2024-04-09,Japan
TXN-49B106CE-164,GBP,Processing,2024-01-20,Australia
TXN-8C5C88AD-E6B,LKR,Processing,2023-01-30,United States
TXN-B563BBDD-4F5,LKR,Refunded,2024-08-11,United States
TXN-CD046942-4C0,JPY,Failed,2023-05-08,Brazil
TXN-B4E27E27-E60,JPY,Failed,2024-11-26,Singapore
TXN-F168C982-A03,AUD,Processing,2023-01-04,United States
TXN-C0ABAF59-873,INR,Processing,2024-04-16,Spain
TXN-A2FCE470-5F1,CAD,Processing,2024-04-19,Canada
TXN-CEAF0F1E-DC8,CNY,Cancelled,2023-07-31,United Kingdom
TXN-DADA74FC-478,GBP,Processing,2024-05-09,Singapore
TXN-F8171229-33B,JPY,Processing,2023-11-28,Sweden
TXN-4E961D2F-564,AED,Cancelled,2023-07-21,France
TXN-03144451-A3B,SGD,Cancelled,2023-06-04,South Africa
TXN-CCDC3620-A49,CAD,Pending,2024-10-27,France
TXN-0EDDE5BD-823,EUR,Refunded,2023-08-20,United Kingdom
TXN-34C5D6B3-713,INR,Failed,2024-04-02,Sweden
TXN-384BBB11-F6D,LKR,Refunded,2024-06-19,Australia
TXN-F831D558-6D3,GBP,Refunded,2024-11-08,Brazil
TXN-A7C5788F-C7D,JPY,Failed,2024-10-20,Norway
TXN-23A79CF0-783,GBP,Completed,2024-02-16,Norway
TXN-6BDC37F3-07D,INR,Completed,2023-01-30,Brazil
TXN-A0D55468-9CF,EUR,Completed,2023-03-19,Sweden
TXN-865D86A3-CB9,GBP,Processing,2024-11-10,China
TXN-FDAC2EA3-F05,AUD,Completed,2023-03-31,Sri Lanka
TXN-BD40A7EC-17E,LKR,Failed,2023-12-19,Germany
TXN-16E1BB95-356,USD,Failed,2023-06-16,Japan
TXN-96634EE0-371,GBP,Processing,2024-05-12,Canada
TXN-269C42EB-BE3,GBP,Cancelled,2023-06-21,Brazil
TXN-032592B1-5A6,CNY,Processing,2024-08-22,United Kingdom
TXN-9360CDDF-F36,INR,Failed,2023-02-20,Sri Lanka
TXN-14AA7850-BB0,EUR,Completed,2024-03-21,UAE
TXN-FA1B20CC-8C3,CAD,Pending,2024-12-19,Germany
TXN-D34C2870-0AC,JPY,Completed,2023-07-29,Singapore
TXN-E4A0FA9D-F12,CAD,Failed,2023-09-19,Netherlands
TXN-A4C92014-B06,CHF,Completed,2023-07-31,Canada
TXN-62403EAD-F93,USD,Failed,2024-12-03,Singapore
TXN-502616F6-51B,AUD,Failed,2023-12-30,United Kingdom
TXN-491C4DE0-05F,CHF,Refunded,2024-09-07,Norway
TXN-F30280F4-F83,GBP,Completed,2023-02-26,Spain
TXN-B5726A15-BA0,SGD,Completed,2023-09-14,Norway
TXN-D45879CD-C3F,USD,Completed,2023-09-23,United Kingdom
TXN-CC49FBE3-3B2,USD,Pending,2024-12-19,India
TXN-D4DD382C-3E5,CHF,Pending,2023-06-24,Canada
TXN-E42A3391-6ED,JPY,Pending,2024-10-28,Netherlands
TXN-74D0398F-395,AED,Failed,2024-05-20,Spain
TXN-05CFF950-519,CNY,Failed,2024-08-18,Norway
TXN-43C1D9E0-95E,USD,Failed,2023-02-08,United Kingdom
TXN-8B537522-00B,INR,Processing,2024-02-01,United Kingdom
TXN-F5465099-D8F,GBP,Pending,2024-04-01,Singapore
TXN-99BF900F-3A4,AUD,Processing,2023-01-19,Singapore
TXN-D50EB886-DCF,AUD,Cancelled,2024-03-06,Italy
TXN-09D62098-E31,EUR,Completed,2023-12-03,United Kingdom
TXN-0029C3D8-E72,CNY,Failed,2023-09-06,China
TXN-4D67836C-384,CNY,Processing,2023-09-27,Japan
TXN-FEA9EBB0-BC2,CAD,Refunded,2023-02-21,Netherlands
TXN-8ACFFCCD-B1B,EUR,Pending,2023-01-23,China
TXN-C161C67B-78E,SGD,Failed,2023-01-31,United Kingdom
TXN-73A202BA-149,AUD,Failed,2023-02-18,Australia
TXN-BF8C0234-624,AED,Processing,2024-11-10,Italy
TXN-174FC754-BEF,CHF,Refunded,2024-04-11,China
TXN-6F7B4701-03B,AUD,Completed,2023-03-21,UAE
TXN-84ABDD36-8D2,CHF,Failed,2024-09-02,Sri Lanka
TXN-A1AF3D21-466,EUR,Refunded,2023-06-11,UAE
TXN-378DC641-E9D,LKR,Pending,2023-06-25,Australia
TXN-31631BCF-461,SGD,Pending,2024-08-05,Germany
TXN-EE108091-6A6,AUD,Processing,2023-06-05,Switzerland
TXN-33E0C1A9-DFC,CHF,Failed,2023-01-20,United States
TXN-5122468B-C80,SGD,Cancelled,2024-09-14,Sri Lanka
TXN-E3A63202-A93,CHF,Refunded,2023-07-22,India
TXN-54C7F1F1-DD9,CAD,Refunded,2024-01-21,Canada
TXN-751B7511-93F,JPY,Processing,2023-05-01,Sri Lanka
TXN-FF14F1B2-130,USD,Refunded,2024-06-21,Sri Lanka
TXN-138A1BCD-5D3,LKR,Cancelled,2024-11-02,UAE
TXN-D7AD61B1-EC4,AED,Refunded,2023-05-11,India
TXN-78E62252-D1A,EUR,Failed,2023-12-23,Japan
TXN-76AE5CDA-F15,EUR,Failed,2023-10-08,Sri Lanka
TXN-ED3A1140-A3E,CAD,Failed,2023-04-19,Brazil
TXN-0D397879-561,SGD,Completed,2023-11-04,Sweden
TXN-5B8E594D-780,AED,Pending,2024-02-08,Australia
TXN-2EF01F0A-32A,JPY,Failed,2023-09-13,Sweden
TXN-355B2B64-44E,AUD,Completed,2024-03-19,Germany
TXN-AE943FCC-4EC,AUD,Cancelled,2023-01-07,Australia
TXN-49A5613A-DFA,JPY,Completed,2024-10-14,UAE
TXN-5860928F-4C8,AED,Refunded,2024-06-15,Germany
TXN-8D73C205-46C,JPY,Refunded,2023-09-04,Norway
TXN-DDB6BAD9-825,AED,Cancelled,2024-05-14,Sweden
TXN-C84970FA-33D,AED,Pending,2024-11-01,Switzerland
TXN-3495456D-1B5,AED,Completed,2024-10-25,China
TXN-37B339BE-5F0,AUD,Completed,2023-10-24,Canada
TXN-6466FCBB-7F8,SGD,Completed,2024-08-05,South Africa
TXN-0CEC66EB-017,LKR,Cancelled,2024-11-06,South Africa
TXN-9CC0F39F-CC3,AED,Pending,2024-03-28,Sweden
TXN-6F2309C9-2E4,GBP,Pending,2023-04-16,Italy
TXN-07D5DF6B-8B7,AED,Cancelled,2023-11-12,Netherlands
TXN-55FEAF71-091,USD,Processing,2024-07-16,Brazil
TXN-0383FE2D-A6D,SGD,Pending,2024-06-17,United States
TXN-AD04C54B-3F7,INR,Failed,2023-03-19,United Kingdom
TXN-5BCB1783-A92,SGD,Cancelled,2023-11-08,South Africa
TXN-67FB2B25-34C,AED,Completed,2024-02-15,Singapore
TXN-301B7996-1EE,SGD,Cancelled,2023-04-09,Australia
TXN-563FE3F6-C00,AUD,Failed,2023-01-16,United Kingdom
TXN-1ABB89DB-060,SGD,Cancelled,2023-12-27,Australia
TXN-9151F604-BB7,SGD,Completed,2024-11-21,Sri Lanka
TXN-40E82C89-159,INR,Failed,2023-04-28,Germany
TXN-C5569353-391,USD,Refunded,2024-04-01,Brazil
TXN-C998A45D-F15,CHF,Refunded,2023-05-27,Canada
TXN-037B6FD9-D68,AUD,Cancelled,2024-10-11,France
TXN-5A868E2D-95A,CHF,Pending,2024-10-09,Italy
TXN-C24B9A40-D52,GBP,Cancelled,2023-11-14,Brazil
TXN-E7541024-237,JPY,Processing,2023-02-05,Japan
TXN-06A9B6FA-F95,EUR,Completed,2023-06-11,UAE
TXN-58CD9387-990,USD,Completed,2023-11-16,Australia
TXN-7875F1FF-673,AUD,Cancelled,2023-08-03,Norway
TXN-7DFF02C9-A2F,SGD,Cancelled,2023-04-24,Canada
TXN-E8282A7D-357,LKR,Pending,2024-10-02,Sri Lanka
TXN-73E8869C-5A6,JPY,Processing,2024-02-20,United States
TXN-A099BD1D-8E8,LKR,Processing,2024-12-25,Germany
TXN-F15E8722-120,EUR,Refunded,2023-01-17,UAE
TXN-AF23216F-703,AUD,Completed,2023-03-08,United Kingdom
TXN-A31F93E4-E58,USD,Completed,2023-10-07,Germany
TXN-23CB0C45-28F,CNY,Cancelled,2023-02-28,Switzerland
TXN-60DFB156-525,CAD,Cancelled,2024-05-06,Canada
TXN-63282C2B-B06,AUD,Processing,2024-06-18,United Kingdom
TXN-BFA59282-8FC,AUD,Completed,2023-02-05,Netherlands
TXN-97EEC8A6-667,AUD,Refunded,2023-05-14,Sri Lanka
TXN-84CA7F20-182,INR,Processing,2023-11-10,Japan
TXN-FA319C01-AA1,EUR,Cancelled,2023-02-11,Singapore
TXN-3810A744-F41,GBP,Completed,2024-05-14,China
TXN-1FC8534F-7E5,CAD,Pending,2023-03-24,Italy
TXN-DB5B0797-543,CNY,Pending,2024-06-29,Sri Lanka
TXN-AA36301B-46E,AED,Cancelled,2024-02-16,United Kingdom
TXN-395A74D4-93A,GBP,Cancelled,2023-05-10,Singapore
TXN-DD6B1C87-E13,GBP,Cancelled,2023-06-12,China
TXN-3A06FF78-0B7,SGD,Processing,2024-03-23,Italy
TXN-ED1D5AF9-31B,INR,Processing,2024-12-28,Singapore
TXN-AD896280-35F,EUR,Refunded,2024-10-21,Singapore
TXN-5B6D9AF3-115,JPY,Pending,2024-06-08,Spain
TXN-E8D19EA4-DD0,JPY,Refunded,2023-03-29,China
TXN-2D0280EA-29B,LKR,Failed,2024-09-26,Japan
TXN-0AE172D1-D0A,LKR,Completed,2023-10-06,Spain
TXN-7452D1BA-83F,CAD,Completed,2023-05-09,France
TXN-B9491A85-776,GBP,Completed,2023-02-23,Italy
TXN-0B5161CB-C43,LKR,Processing,2024-03-01,Italy
TXN-6750599F-FAF,EUR,Refunded,2023-01-02,Australia
TXN-6CF2DF2F-22E,CAD,Refunded,2023-12-21,United States
TXN-8898941C-BDD,CHF,Processing,2023-12-14,Brazil
TXN-ED34C73A-B47,GBP,Pending,2024-02-05,Spain
TXN-34617362-984,INR,Pending,2024-08-15,China
TXN-8CCA4A42-0D4,EUR,Failed,2024-03-28,Sri Lanka
TXN-7F1753C2-D5F,SGD,Processing,2023-12-17,France
TXN-AF44779B-EE6,CNY,Completed,2023-07-08,Germany
TXN-426D7D5B-4D7,JPY,Processing,2024-03-09,Australia
TXN-316D3A78-FC9,INR,Pending,2024-09-05,Sweden
TXN-9EA3577D-43B,EUR,Failed,2024-04-07,Germany
TXN-F91D18BE-60D,USD,Refunded,2024-12-09,UAE
TXN-8E1DCADB-18C,JPY,Processing,2023-01-30,United Kingdom
TXN-38D0A9C0-3F0,CAD,Completed,2023-08-04,United Kingdom
TXN-D5E8BE5E-C3B,EUR,Failed,2023-01-02,Sweden
TXN-6A3291D5-384,SGD,Failed,2024-01-07,China
TXN-67315996-700,CHF,Completed,2023-03-18,Norway
TXN-312EFC2E-B94,AUD,Pending,2023-02-27,Brazil
TXN-E4D7DEA6-ABD,AED,Completed,2023-06-26,India
TXN-3C15190A-51B,JPY,Completed,2024-08-10,Norway
TXN-573763FF-5C1,USD,Refunded,2024-06-03,France
TXN-A8FFFDBB-A7D,GBP,Cancelled,2023-07-28,Norway
TXN-F07F3CC1-C56,JPY,Cancelled,2023-08-30,Canada
TXN-015E7C8A-920,CHF,Failed,2024-04-04,United States
TXN-6AE42955-9BA,CHF,Failed,2023-02-25,UAE
TXN-C473D9CF-4C6,AED,Pending,2024-05-14,Switzerland
TXN-072763A4-FD4,AED,Pending,2023-12-05,Norway
TXN-B3DACF9E-03D,JPY,Failed,2023-04-27,Brazil
TXN-B1B9F7B3-0D8,INR,Pending,2023-02-20,Germany
TXN-03ABDB2B-E11,CAD,Refunded,2024-11-28,Norway
TXN-023AC979-F9C,EUR,Completed,2024-11-17,Singapore
TXN-46997157-C81,CHF,Processing,2024-02-15,Switzerland
TXN-C8EBE8FA-B97,AUD,Pending,2023-09-28,India
TXN-55BDB193-B98,AUD,Processing,2023-02-07,United Kingdom
TXN-2DAA67F4-405,AUD,Cancelled,2024-04-12,Canada
TXN-AF4BF327-E91,CAD,Failed,2024-06-06,Netherlands
TXN-87531F19-6CB,SGD,Cancelled,2023-03-14,United Kingdom
TXN-2B74616D-134,INR,Pending,2024-07-01,Spain
TXN-14A1B0AE-58D,AUD,Processing,2023-10-22,Norway
TXN-D9400E5D-E76,EUR,Completed,2023-09-04,France
TXN-5B8D5CC0-300,CNY,Pending,2024-04-11,France
TXN-BF6BDD84-DA7,CHF,Completed,2023-03-24,Norway
TXN-73D9E932-221,CHF,Refunded,2024-01-26,Sri Lanka
TXN-9A86D60A-84B,CAD,Refunded,2023-12-03,Germany
TXN-4114EC51-609,AED,Completed,2024-08-07,Sweden
TXN-E1E2EF97-315,AED,Pending,2023-02-13,China
TXN-672669B0-6B2,LKR,Processing,2024-06-13,Japan
TXN-6EDE5914-DCF,LKR,Pending,2023-12-24,Singapore
TXN-C1A16412-9FF,LKR,Processing,2024-01-02,France
TXN-AC509E60-A85,CAD,Pending,2023-10-06,Sri Lanka
TXN-84B50569-00D,CAD,Refunded,2024-02-07,Italy
TXN-32BD743E-B01,USD,Cancelled,2023-11-11,Brazil
TXN-CAAE284F-A9F,CHF,Failed,2024-02-05,Canada
TXN-9C076A4C-5DE,AUD,Cancelled,2023-02-16,Norway
TXN-5356B14A-36A,AED,Failed,2024-10-22,Spain
TXN-F9362E44-23D,GBP,Failed,2023-07-22,Netherlands
TXN-570F8D15-089,SGD,Cancelled,2023-06-17,Brazil
TXN-9B6B142B-50E,SGD,Processing,2024-07-23,United States
TXN-E3671B49-1BB,AUD,Failed,2023-12-15,China
TXN-BA83F2B2-04F,LKR,Processing,2024-07-08,Brazil
TXN-8FB1B199-392,AED,Completed,2023-07-13,Brazil
TXN-4CE01BF5-623,EUR,Cancelled,2023-06-13,Italy
TXN-593AB70C-E8A,AED,Pending,2024-10-22,Switzerland
TXN-493D729F-729,EUR,Completed,2024-12-27,Sweden
TXN-A6CA5317-372,LKR,Pending,2023-06-20,Singapore
TXN-855D68FF-8AD,INR,Cancelled,2024-03-30,United States
TXN-95CC3FB7-BF1,EUR,Refunded,2024-03-01,Japan
TXN-0DBB7900-0D9,GBP,Pending,2023-04-13,Spain
TXN-CBF25DB5-930,USD,Refunded,2024-10-03,France
TXN-D5C9C46A-079,AED,Pending,2023-09-27,United States
TXN-94387F8B-5D7,LKR,Completed,2024-12-11,United States
TXN-E9CA35CD-27C,SGD,Completed,2024-10-26,Netherlands
TXN-A74B6074-9AC,AED,Failed,2023-01-06,Sweden
TXN-A70B4C66-1FB,INR,Failed,2023-10-23,Japan
TXN-47313837-C01,LKR,Failed,2023-05-05,United States
TXN-10DFAE48-9FE,CAD,Processing,2024-08-31,UAE
TXN-1BEAD2AC-BDE,CHF,Refunded,2024-06-06,United Kingdom
TXN-9FDC5BEF-848,LKR,Completed,2023-03-21,China
TXN-0EA85A43-C99,JPY,Pending,2023-03-11,Netherlands
TXN-FB1825B9-1F0,AED,Cancelled,2024-01-26,Netherlands
TXN-F89F8AF6-6B0,GBP,Refunded,2023-08-24,France
TXN-CC3D0AAD-48E,AUD,Completed,2023-08-17,United States
TXN-D9C1D5A1-D6B,GBP,Completed,2024-06-04,United States
TXN-06C59984-107,CAD,Failed,2024-07-09,United States
TXN-306CAC7F-921,GBP,Refunded,2024-06-28,Singapore
TXN-20B7B0B3-F3B,USD,Completed,2024-12-02,Australia
TXN-C8DB2BFA-3CC,INR,Completed,2024-03-03,India
TXN-5E14B7EE-9E9,USD,Cancelled,2023-10-31,Spain
TXN-7398807D-9CF,EUR,Pending,2023-08-31,Canada
TXN-AC912C8F-C19,CAD,Refunded,2023-12-12,China
TXN-9383FB8B-14A,JPY,Failed,2024-04-21,Norway
TXN-E5E79C58-C42,EUR,Completed,2023-09-20,France
TXN-709B31AC-D01,CNY,Failed,2023-09-15,Netherlands
TXN-0BA8E69D-CD8,CNY,Completed,2023-10-31,Sri Lanka
TXN-DD728368-242,AUD,Pending,2023-11-19,Switzerland
TXN-4D946CB9-02A,CHF,Failed,2024-07-03,France
TXN-23177CAB-A7C,CHF,Failed,2023-07-12,Japan
TXN-D605C666-534,AUD,Refunded,2023-10-17,United Kingdom
TXN-A59750C7-6E5,EUR,Refunded,2023-10-09,South Africa
TXN-F369480B-AAC,CNY,Pending,2024-09-21,India
TXN-C2D42502-8CB,CAD,Processing,2024-11-10,Germany
TXN-D44627C8-4E8,CHF,Pending,2023-03-22,United Kingdom
TXN-4E4F367B-4DA,JPY,Pending,2024-04-04,China
TXN-5D9845F4-CE0,JPY,Failed,2024-02-18,Netherlands
TXN-425A7E08-124,AED,Processing,2023-01-30,United Kingdom
TXN-F4208B9F-BEE,AED,Cancelled,2024-02-21,Sri Lanka
TXN-AAC3846D-359,AED,Pending,2024-11-03,Sri Lanka
TXN-4C8575D4-962,CNY,Completed,2024-01-22,Norway
TXN-0868128B-B39,INR,Completed,2024-03-31,United Kingdom
TXN-4973C13E-B04,CAD,Completed,2023-05-31,Netherlands
TXN-41E00925-D04,INR,Failed,2024-12-22,South Africa
TXN-C725C6BF-118,GBP,Failed,2023-12-18,Singapore
TXN-C47C0693-450,CNY,Processing,2024-03-15,United Kingdom
TXN-E32E12F1-2DB,EUR,Pending,2024-05-28,Netherlands
TXN-1A41302C-34A,USD,Processing,2023-04-05,UAE
TXN-3FC040F2-7E1,CNY,Processing,2024-03-10,Singapore
TXN-4C1C12F4-C59,USD,Failed,2023-03-28,Germany
TXN-D5D63849-D88,AED,Cancelled,2024-07-18,India
TXN-504B3B11-FD6,AUD,Refunded,2023-11-03,Netherlands
TXN-E7C2AB01-2F2,AUD,Completed,2024-08-12,Spain
TXN-FA92B458-24C,INR,Processing,2023-03-30,Brazil
TXN-2718750F-98A,GBP,Cancelled,2023-12-20,Canada
TXN-38ED8D9C-59B,CHF,Refunded,2024-09-06,Japan
TXN-F71A0BBA-6CB,USD,Failed,2023-01-05,UAE
TXN-5300FDE3-083,LKR,Failed,2024-02-06,Australia
TXN-934064CD-352,LKR,Refunded,2023-04-21,Brazil
TXN-D64D1908-FFD,JPY,Completed,2023-09-11,Norway
TXN-449DD427-F7A,EUR,Processing,2023-10-29,France
TXN-61D1EF58-9D9,INR,Refunded,2024-06-10,India
TXN-26104507-96D,JPY,Cancelled,2024-09-13,Canada
TXN-7A43BF3B-76F,LKR,Cancelled,2024-06-24,Sweden
TXN-CD90302F-A51,CHF,Pending,2023-01-29,Sweden
TXN-EB587611-E1B,CNY,Pending,2024-12-06,United Kingdom
TXN-1E98C763-1CC,GBP,Pending,2023-10-28,Switzerland
TXN-0BABDFCD-264,AED,Processing,2024-10-18,France
TXN-870FF436-AB2,SGD,Processing,2023-11-05,Netherlands
TXN-542AF0E5-4CE,CNY,Pending,2023-04-27,South Africa
TXN-9F7E3C17-55E,LKR,Refunded,2023-10-27,Japan
TXN-52122F37-B3E,CAD,Refunded,2024-11-12,Switzerland
TXN-9CCC29EC-F40,GBP,Completed,2024-10-23,Brazil
TXN-5FE69053-84F,GBP,Failed,2024-04-01,UAE
TXN-0396FE12-A67,EUR,Pending,2023-11-14,Italy
TXN-FEA91D25-316,CHF,Failed,2023-08-16,Switzerland
TXN-FD09E217-2B9,CNY,Processing,2023-09-11,South Africa
TXN-B9BF4259-644,AED,Failed,2024-10-30,France
TXN-A0FEEB01-1D7,AED,Cancelled,2023-04-29,Japan
TXN-769464F7-AC5,CAD,Processing,2023-04-13,Sweden
TXN-A999CC3C-FD0,GBP,Pending,2023-11-20,Sweden
TXN-1A5E8F2E-ED1,AED,Pending,2024-07-12,Spain
TXN-B0AD5FBC-D0D,USD,Failed,2024-04-11,France
TXN-D85F85CE-CAE,LKR,Refunded,2024-04-12,Sri Lanka
TXN-FE7D775D-F14,SGD,Processing,2024-08-15,Italy
TXN-CCCAC53B-ED9,INR,Cancelled,2024-03-19,Japan
TXN-5B369AC3-8A1,CAD,Failed,2023-04-12,Norway
TXN-0FC75F2E-F65,LKR,Cancelled,2024-06-27,Australia
TXN-D95F4B6F-899,CNY,Refunded,2023-05-17,Japan
TXN-BE9E26AC-8E2,SGD,Pending,2023-04-01,United Kingdom
TXN-D8AB587F-A9D,LKR,Refunded,2023-05-21,Brazil
TXN-F2BD2F16-BC6,AED,Cancelled,2023-07-28,Australia
TXN-1C65B146-643,EUR,Completed,2024-04-10,France
TXN-22943279-F75,GBP,Refunded,2023-12-15,Italy
TXN-D5FB6366-059,CAD,Completed,2023-05-07,Italy
TXN-48ECC8EA-E08,CAD,Processing,2023-05-17,Japan
TXN-E65D619F-1CE,AED,Pending,2024-02-12,Spain
TXN-6EC0828D-266,CNY,Cancelled,2024-02-01,Italy
TXN-C417D5F7-07D,EUR,Refunded,2024-09-06,Canada
TXN-7F82CA13-A8F,AUD,Completed,2024-06-02,Switzerland
TXN-6905C0F7-FFD,JPY,Pending,2023-12-04,Spain
TXN-D8241701-5A3,AED,Pending,2024-05-04,India
TXN-943AB0F4-EC0,JPY,Pending,2024-01-02,Germany
TXN-C7341918-1A2,AED,Pending,2023-09-05,Italy
TXN-6BBC2FAD-806,LKR,Pending,2024-07-08,France
TXN-4E598715-01D,INR,Pending,2024-01-30,South Africa
TXN-65108132-C0B,AUD,Pending,2023-04-21,Norway
TXN-CACFF5B7-6AE,LKR,Pending,2023-05-28,Switzerland
TXN-9691734D-9B6,INR,Cancelled,2024-01-23,Sri Lanka
TXN-4F6D1EF1-854,USD,Cancelled,2024-11-16,Japan
TXN-40CB61BF-A36,USD,Failed,2024-09-12,United Kingdom
TXN-47214857-A50,GBP,Refunded,2024-09-30,China
TXN-B43C44F7-153,AED,Refunded,2023-06-27,China
TXN-60624EC3-D20,INR,Cancelled,2023-10-21,Brazil
TXN-60B1EAE8-43B,SGD,Pending,2024-09-04,Switzerland
TXN-97C97C51-E05,CAD,Completed,2024-08-29,Canada
TXN-1780A5C4-924,AED,Refunded,2024-02-03,China
TXN-7F8F456C-17C,INR,Refunded,2024-05-26,Sweden
TXN-84A4331A-481,INR,Completed,2023-02-17,Brazil
TXN-140C8589-799,SGD,Completed,2024-07-15,United Kingdom
TXN-D4912C7C-2CA,EUR,Cancelled,2024-05-09,Canada
TXN-98851FD1-9E8,SGD,Completed,2023-10-31,United Kingdom
TXN-C86145BF-560,AUD,Cancelled,2023-02-26,Sri Lanka
TXN-8F8783BC-D64,AED,Failed,2023-10-30,Sweden
TXN-8E655847-467,AED,Processing,2023-10-09,Spain
TXN-F838C5CA-620,EUR,Cancelled,2023-01-26,Norway
TXN-25F5A2A1-B12,LKR,Completed,2023-09-30,Spain
TXN-6291982A-B92,AED,Refunded,2024-02-19,Netherlands
TXN-060C0303-74D,CAD,Pending,2024-06-14,Sweden
TXN-57DAAD1E-9EA,SGD,Refunded,2023-12-07,South Africa
TXN-29270576-72F,AED,Processing,2023-09-16,Australia
TXN-C6862435-849,CHF,Cancelled,2023-09-03,Germany
TXN-94F8623C-E84,EUR,Processing,2024-11-17,Canada
TXN-3C53CBC4-E2B,AED,Pending,2024-01-23,Netherlands
TXN-CB1DE324-FB5,CAD,Pending,2024-06-11,Netherlands
TXN-117688C1-EE0,AUD,Refunded,2023-07-12,China
TXN-45E2C4A1-799,AUD,Cancelled,2024-03-24,China
TXN-7A01535A-156,INR,Refunded,2023-04-04,Singapore
TXN-B6855400-55D,GBP,Pending,2024-11-04,China
TXN-1942E23C-B7A,CAD,Failed,2023-07-21,United Kingdom
TXN-A0D2495C-454,JPY,Pending,2023-11-08,Germany
TXN-05234EA0-B7D,SGD,Processing,2023-05-06,Japan
TXN-B0208D95-6FD,CNY,Pending,2023-11-09,United States
TXN-093FA411-6DB,GBP,Processing,2024-06-03,Japan
TXN-75E57337-D5A,AUD,Pending,2024-05-19,Italy
TXN-7141C80A-E85,GBP,Refunded,2023-08-04,Canada
TXN-874C845B-80C,LKR,Completed,2024-02-02,Germany
TXN-690DD2B0-761,USD,Processing,2024-11-28,Canada
TXN-E4D77E94-BBC,EUR,Processing,2024-01-02,Spain
TXN-4657D655-BA6,AED,Processing,2023-12-11,France
TXN-0A38CEEF-BFF,SGD,Completed,2024-12-02,Sweden
TXN-679B63B1-F38,INR,Processing,2024-10-07,Germany
TXN-FE0A7BD9-490,GBP,Failed,2024-07-23,Japan
TXN-73BC6509-714,USD,Failed,2023-12-24,Italy
TXN-8202E4ED-183,CNY,Completed,2024-08-14,Brazil
TXN-92389626-DBE,CAD,Completed,2024-09-27,United Kingdom
TXN-A394293E-2FF,JPY,Pending,2023-01-18,Australia
TXN-5C32EB6E-0A3,JPY,Processing,2024-06-28,Germany
TXN-926B7C51-0F7,AED,Completed,2024-07-27,China
TXN-F1A13556-375,INR,Processing,2024-12-28,United States
TXN-0F1B3D29-7B5,CNY,Failed,2024-03-26,Sweden
TXN-3ECC8D57-507,SGD,Processing,2024-12-19,Germany
TXN-7385FABD-69B,EUR,Pending,2023-11-08,Switzerland
TXN-01087C91-2B3,INR,Cancelled,2024-06-13,India
TXN-2A83FFB8-760,CNY,Cancelled,2024-04-20,Canada
TXN-AED059D2-993,USD,Failed,2023-12-02,Australia
TXN-3DC4F575-FBA,LKR,Pending,2023-02-18,Canada
TXN-0E2F4891-C7E,JPY,Cancelled,2024-10-12,Canada
TXN-F542BA81-B41,GBP,Processing,2024-10-06,China
TXN-2E13AC86-729,JPY,Completed,2024-11-13,Sri Lanka
TXN-CCE3E50B-B36,INR,Pending,2024-03-10,South Africa
TXN-414AF76A-CC6,GBP,Processing,2024-02-06,Norway
TXN-A4B348D0-E4F,SGD,Failed,2024-05-05,United States
TXN-C4F775BC-BC4,EUR,Processing,2024-07-19,Australia
TXN-C16A75FE-D17,GBP,Failed,2024-12-20,China
TXN-EBD56717-AF8,CAD,Pending,2024-04-04,Sri Lanka
TXN-1E7EA520-D0C,GBP,Refunded,2024-02-01,India
TXN-26E2CD08-D8E,INR,Pending,2024-12-31,Singapore
TXN-C4078CD6-3F5,AED,Cancelled,2023-03-31,India
TXN-8870ECCF-FA4,LKR,Pending,2023-02-26,Brazil
TXN-613BB674-E0A,CAD,Pending,2023-05-11,United Kingdom
TXN-DE0FE827-790,SGD,Failed,2023-02-27,Singapore
TXN-CAC0172B-905,LKR,Failed,2023-05-31,Spain
TXN-BE3AC1D7-20C,EUR,Pending,2024-09-29,Singapore
TXN-D8533FA5-70E,AED,Cancelled,2023-11-20,India
TXN-BED0EAD9-E34,INR,Pending,2023-08-22,Germany
TXN-7F7AADA1-F7B,LKR,Refunded,2024-08-06,Germany
TXN-2DD5FAA2-78C,CHF,Completed,2024-08-29,Italy
TXN-9AD59BE7-6FB,CHF,Refunded,2023-05-20,Norway
TXN-6B12E1E7-29A,CAD,Pending,2024-03-27,India
TXN-2B8E9BC5-2B3,AED,Failed,2023-04-24,India
TXN-A179C3CB-5CE,JPY,Pending,2023-05-11,Singapore
TXN-11A6A915-A0C,INR,Pending,2024-07-24,Spain
TXN-7A1E8513-1CA,LKR,Refunded,2023-12-09,India
TXN-BC441C19-2C4,JPY,Processing,2023-08-16,India
TXN-5D861E70-528,INR,Failed,2024-08-22,Germany
TXN-0C9A4004-2EB,SGD,Refunded,2023-08-12,France
TXN-69685669-74E,JPY,Pending,2024-02-28,Japan
TXN-EEACB85F-6BA,CAD,Refunded,2023-08-22,UAE
TXN-2D8CA861-E22,EUR,Pending,2024-12-14,India
TXN-C0B3E831-E7C,CNY,Completed,2024-06-06,Sweden
TXN-567645A4-D07,INR,Pending,2023-04-12,Sri Lanka
TXN-7DC2BB8F-B3F,GBP,Cancelled,2023-09-04,Switzerland
TXN-2E63E194-548,INR,Refunded,2024-05-14,United States
TXN-9C66B438-E38,SGD,Processing,2024-03-15,France
TXN-656D9C34-E9C,INR,Failed,2023-08-08,Norway
TXN-101FDB5E-A39,LKR,Processing,2023-03-30,Canada
TXN-5D19FB07-C4F,AUD,Pending,2023-05-01,Brazil
TXN-9E5D200A-A81,GBP,Refunded,2024-10-29,Australia
TXN-5464994A-1CC,USD,Pending,2024-12-16,Sweden
TXN-990F5A9C-37A,AUD,Processing,2024-07-13,Australia
TXN-5EFB37F1-8A8,CAD,Pending,2023-10-05,Brazil
TXN-A596ED59-196,INR,Failed,2023-05-27,Canada
TXN-59B05172-053,EUR,Processing,2023-04-30,United Kingdom
TXN-9F003C21-880,JPY,Cancelled,2024-09-25,Germany
TXN-EC7AD29B-70A,GBP,Cancelled,2023-07-05,France
TXN-DD5B1FD9-69F,CAD,Cancelled,2023-01-22,Australia
TXN-67A8E0D4-AEC,JPY,Cancelled,2023-12-26,Canada
TXN-E743F524-94A,EUR,Cancelled,2023-02-20,Singapore
TXN-A65E1540-8F7,GBP,Completed,2024-09-01,China
TXN-49E2C017-EB7,AED,Processing,2023-04-19,Switzerland
TXN-31396EB4-902,LKR,Cancelled,2024-06-01,United States
TXN-0E123BB1-56E,GBP,Failed,2024-11-07,India
TXN-D159D3B0-87E,EUR,Completed,2023-10-29,United States
TXN-1EA60C1E-774,AED,Completed,2023-02-14,UAE
TXN-338847E4-52F,SGD,Pending,2023-05-08,Sri Lanka
TXN-B1413211-895,EUR,Processing,2024-09-05,Australia
TXN-268B81E9-4FA,LKR,Failed,2023-01-05,China
TXN-2E132728-2A7,CHF,Failed,2023-12-02,Canada
TXN-6B7F65AA-5AB,CAD,Pending,2024-03-01,South Africa
TXN-8260D14E-D6B,JPY,Pending,2024-10-11,Italy
TXN-7128E5D1-FCF,JPY,Pending,2023-10-20,United States
TXN-86C31F1A-1AF,USD,Cancelled,2023-12-16,UAE
TXN-0E302A50-205,JPY,Pending,2024-12-27,Norway
TXN-63BCA230-188,GBP,Pending,2023-05-14,China
TXN-0D827737-04C,AED,Pending,2023-08-30,Brazil
TXN-FB51BE27-4BE,LKR,Completed,2023-08-06,Japan
TXN-C6840BB2-647,AUD,Completed,2023-08-04,UAE
TXN-A415B3F8-70F,LKR,Pending,2024-04-09,China
TXN-D288BBF3-256,GBP,Cancelled,2023-03-29,Australia
TXN-AF8DCFCD-4B4,EUR,Failed,2023-04-20,Germany
TXN-52FB6EA9-A1B,CHF,Completed,2024-03-17,Canada
TXN-F8D3C994-E1E,CAD,Failed,2023-01-21,Canada
TXN-4851A193-D13,SGD,Cancelled,2023-12-26,Germany
TXN-32FA6130-B64,GBP,Completed,2023-05-07,Italy
TXN-ED5429AD-ED6,USD,Processing,2024-09-10,Italy
TXN-3D0E334F-4EB,AUD,Processing,2024-09-17,South Africa
TXN-4D7CCB0A-72A,LKR,Refunded,2024-10-27,United Kingdom
TXN-632C1379-3C1,LKR,Pending,2024-05-19,Switzerland
TXN-05DA8A63-C23,AED,Processing,2023-02-01,Sweden
TXN-69C3B58B-D56,CHF,Completed,2023-06-12,Canada
TXN-EAC92B96-9D4,AUD,Processing,2023-03-18,China
TXN-A6DB3A52-E3D,INR,Refunded,2023-01-21,Brazil
TXN-F674C54A-27B,EUR,Failed,2023-04-27,Sweden
TXN-64E5F387-C84,AED,Refunded,2024-06-05,Netherlands
TXN-AF18CDA2-554,LKR,Refunded,2023-07-27,Canada
TXN-6F8F7C44-3B3,AED,Completed,2023-09-03,Japan
TXN-85F2090B-026,JPY,Completed,2024-02-06,Singapore
TXN-ED008E2E-BB2,AUD,Completed,2024-06-09,Australia
TXN-DFF7EDD6-E7D,CAD,Processing,2023-04-11,France
TXN-E50A59DD-B9D,JPY,Cancelled,2023-11-17,UAE
TXN-3A2E85E3-0FC,LKR,Refunded,2024-02-29,South Africa
TXN-919B8257-E6D,CHF,Refunded,2023-08-29,Brazil
TXN-5072AF07-C40,CNY,Completed,2024-06-27,Italy
TXN-A82CBF38-4AA,EUR,Pending,2023-07-02,France
TXN-EC8136AC-683,CHF,Pending,2024-07-06,Germany
TXN-7DA33924-C3D,CNY,Cancelled,2023-10-05,Canada
TXN-BDF45263-5D2,AUD,Failed,2023-08-02,India
TXN-60E03DBB-649,AUD,Refunded,2024-12-07,Spain
TXN-3E925E32-ABC,AUD,Cancelled,2024-08-11,Singapore
TXN-BD002873-3FE,INR,Failed,2023-07-01,Norway
TXN-4A5635F7-CAF,INR,Failed,2023-06-10,Japan
TXN-513037F8-FD5,LKR,Pending,2024-02-14,Brazil
TXN-228519A8-65F,EUR,Refunded,2023-05-03,Canada
TXN-6369BA2E-EE9,CNY,Processing,2024-10-31,Germany
TXN-306614E3-D14,EUR,Pending,2023-12-19,Singapore
TXN-1D335663-BD2,JPY,Refunded,2023-04-29,Canada
TXN-F0A7657B-7B8,USD,Refunded,2023-06-14,Italy
TXN-DDBBFAEA-A81,JPY,Cancelled,2023-03-07,Australia
TXN-19FA165D-E9E,USD,Refunded,2023-08-27,Spain
TXN-C817ACC3-D21,JPY,Cancelled,2024-10-03,Sri Lanka
TXN-7D78CF75-EBD,EUR,Processing,2024-01-21,Netherlands
TXN-0F230E6B-B2A,JPY,Completed,2024-11-29,France
TXN-7F63DA65-709,CAD,Processing,2023-06-03,Australia
TXN-462330C8-203,LKR,Failed,2023-12-14,Switzerland
TXN-56B9890D-BF0,CNY,Refunded,2024-08-31,Singapore
TXN-B3547B48-E0F,LKR,Pending,2024-04-15,Germany
TXN-0EE611DA-E3A,LKR,Refunded,2023-08-01,South Africa
TXN-10729A68-76D,INR,Completed,2023-07-26,Canada
TXN-94FF6FE3-BBD,CAD,Processing,2024-12-30,Canada
TXN-C38705C4-D3A,AUD,Failed,2024-11-30,Norway
TXN-2923FB70-B6A,EUR,Refunded,2023-04-28,Japan
TXN-5168A30E-446,INR,Cancelled,2024-09-20,Netherlands
TXN-81DC13A9-CCC,SGD,Cancelled,2024-08-09,UAE
TXN-BC2809DD-B30,USD,Cancelled,2024-08-16,Australia
TXN-73D7B8B5-486,AUD,Pending,2024-02-20,United Kingdom
TXN-A048D286-F7D,CHF,Pending,2024-02-18,Italy
TXN-9B577923-D8B,CNY,Cancelled,2023-01-31,Spain
TXN-8F858DCF-30C,AED,Failed,2024-10-16,Switzerland
TXN-E163730C-C1E,SGD,Cancelled,2024-12-06,Singapore
TXN-28B3FD0F-0FA,EUR,Refunded,2024-03-22,Singapore
TXN-93035894-5A2,JPY,Cancelled,2024-11-11,Spain
TXN-D157C8BC-643,SGD,Refunded,2024-02-01,Australia
TXN-BB86653A-698,USD,Cancelled,2024-01-15,Sweden
TXN-E22E09AD-975,CAD,Failed,2024-10-09,Italy
TXN-E245009B-136,AUD,Completed,2023-02-21,United States
TXN-B322F041-394,JPY,Cancelled,2023-05-26,South Africa
TXN-29B3BFDE-F60,GBP,Completed,2024-01-14,Switzerland
TXN-BD1798E0-FA1,CAD,Completed,2023-05-17,Netherlands
TXN-9266689C-0EF,LKR,Completed,2023-01-11,UAE
TXN-AF121978-E6B,CNY,Completed,2024-11-12,Sweden
TXN-CE505A91-08B,CHF,Cancelled,2023-06-30,Spain
TXN-372D08BF-730,USD,Cancelled,2023-05-02,Sweden
TXN-0349F678-759,INR,Refunded,2024-04-12,Brazil
TXN-0C8F4341-149,SGD,Completed,2024-07-14,Canada
TXN-71DCA6A6-4CA,JPY,Cancelled,2023-12-21,Canada
TXN-E7EE849E-EAB,INR,Refunded,2023-11-16,France
TXN-37A47023-F8A,LKR,Cancelled,2024-06-13,Australia
TXN-BCF8EFA3-3C7,INR,Refunded,2023-01-10,Netherlands
TXN-AB44BED5-7B9,AED,Completed,2023-10-19,United Kingdom
TXN-D36F2351-B6A,INR,Failed,2023-08-10,Japan
TXN-DFA1EBC6-ECF,USD,Refunded,2023-04-12,Canada
TXN-E837C8D2-254,CNY,Refunded,2023-02-12,Japan
TXN-E3782D0A-41E,USD,Completed,2024-08-27,South Africa
TXN-29E16B93-491,CNY,Completed,2024-06-15,Spain
TXN-9E4A328B-843,SGD,Pending,2024-02-10,United States
TXN-41ADC98B-547,AUD,Failed,2023-09-17,Sri Lanka
TXN-2B8C993A-058,JPY,Failed,2024-10-13,Norway
TXN-523356C4-D5E,SGD,Failed,2023-08-09,Singapore
TXN-89BE1B9D-181,AUD,Processing,2024-11-09,Japan
TXN-8C724CDA-29A,EUR,Refunded,2023-10-29,Singapore
TXN-B3DD6176-DCB,GBP,Pending,2023-08-06,Sweden
TXN-8A4AC380-09F,USD,Failed,2024-06-14,Australia
TXN-5922909E-3DC,JPY,Failed,2024-01-10,Singapore
TXN-CD6CDB2D-5F5,CAD,Completed,2023-01-07,Brazil
TXN-96B8A75C-58E,AUD,Refunded,2024-01-20,Brazil
TXN-B4856DC6-081,USD,Cancelled,2023-11-25,Sweden
TXN-E3438E91-F85,EUR,Processing,2024-03-04,Japan
TXN-CA83B081-C56,CHF,Failed,2024-12-17,Switzerland
TXN-E3792F86-A15,GBP,Refunded,2023-07-28,Australia
TXN-696DEBC4-51A,INR,Completed,2023-01-24,Sweden
TXN-5AA75A06-32A,GBP,Completed,2024-06-29,United States
TXN-7492FFE0-8AE,USD,Cancelled,2024-06-19,Singapore
TXN-9B7AB91C-59A,LKR,Refunded,2023-04-18,Australia
TXN-4AD3AC17-358,CAD,Failed,2023-07-03,Brazil
TXN-2715179C-2FC,AED,Completed,2023-05-06,UAE
TXN-DFE7046A-61D,GBP,Refunded,2024-09-14,Germany
TXN-0C699DCC-2FF,EUR,Completed,2023-10-18,India
TXN-1B697022-3CF,SGD,Refunded,2024-09-22,Sweden
TXN-1831C8DF-91E,CHF,Refunded,2024-04-05,Spain
TXN-DE2D3ECA-B66,CHF,Failed,2024-08-28,Italy
TXN-8892D4AF-F2D,AUD,Cancelled,2024-10-20,Japan
TXN-6A28DD71-197,JPY,Cancelled,2023-08-03,Norway
TXN-E8DF3484-925,CNY,Completed,2023-12-19,Germany
TXN-2FCA0D4A-428,LKR,Failed,2024-05-06,United States
TXN-EF664B68-8F1,EUR,Refunded,2023-01-11,France
TXN-E82E1ED4-ABC,CAD,Pending,2024-04-06,UAE
TXN-99EE766F-6FB,LKR,Processing,2023-06-23,Switzerland
TXN-72CE5E4F-28F,AED,Refunded,2024-02-06,Netherlands
TXN-98D312C2-689,JPY,Cancelled,2024-05-28,UAE
TXN-32B7234C-A75,CAD,Cancelled,2023-01-24,Sri Lanka
TXN-E3E7E866-E47,USD,Refunded,2023-02-07,Japan
TXN-91240A86-2E0,EUR,Pending,2024-09-18,Norway
TXN-562FA825-8F3,SGD,Completed,2024-02-26,Germany
TXN-26C6F325-350,AED,Cancelled,2024-04-27,Brazil
TXN-2E139C60-D95,EUR,Failed,2023-03-23,India
TXN-1DB6631E-C9E,INR,Processing,2024-03-22,Spain
TXN-9C4D4AE7-58C,SGD,Processing,2024-09-01,Italy
TXN-AF75A117-FF5,EUR,Failed,2023-12-27,Italy
TXN-448AE1D9-E38,CHF,Completed,2024-08-02,Japan
TXN-66CCBEA1-F23,CAD,Cancelled,2023-05-22,United Kingdom
TXN-D4211E12-C96,CNY,Pending,2023-09-16,Italy
TXN-7E2D2BFD-40F,AUD,Processing,2023-10-28,Sri Lanka
TXN-28C94B8A-F9D,GBP,Completed,2023-10-19,Spain
TXN-AC8E2413-3FC,AED,Refunded,2023-07-26,China
TXN-625568D4-16F,EUR,Completed,2023-01-23,Netherlands
TXN-3F33039F-240,AED,Completed,2023-08-24,Norway
TXN-AB5664FA-B67,AED,Refunded,2023-05-26,South Africa
TXN-79B0144C-781,INR,Completed,2024-02-22,Norway
TXN-5E27A278-39E,SGD,Processing,2024-04-20,Sri Lanka
TXN-0780953E-2E3,GBP,Processing,2024-07-21,Australia
TXN-200B139C-A13,AUD,Completed,2023-04-10,Sri Lanka
TXN-DF96F658-693,GBP,Pending,2023-11-29,Sweden
TXN-594F2B20-DC2,GBP,Pending,2023-08-20,United States
TXN-40D7C357-DE8,CNY,Refunded,2024-03-09,India
TXN-067B3604-ADF,CNY,Pending,2024-11-18,Canada
TXN-9116A2DC-6E0,CAD,Refunded,2023-03-27,Singapore
TXN-546AEDB6-F1E,INR,Refunded,2023-02-10,Australia
TXN-B8278CD5-6A8,EUR,Refunded,2023-06-05,Italy
TXN-1DC0983A-4EB,INR,Completed,2024-03-15,Netherlands
TXN-2C44D6A6-3C4,CNY,Refunded,2024-02-23,United States
TXN-EA903414-6C3,JPY,Processing,2023-02-11,Canada
TXN-70C13904-C1E,CNY,Pending,2024-10-15,Australia
TXN-76E6C1E0-C0D,JPY,Processing,2023-02-26,United Kingdom
TXN-0397B7B4-0AE,CHF,Pending,2023-03-11,India
TXN-CC33ACBF-96E,AED,Refunded,2023-05-04,Italy
TXN-A5E64D81-073,USD,Failed,2023-03-05,UAE
TXN-E47002B8-F64,AUD,Pending,2023-06-22,United States
TXN-0C193517-77C,CNY,Cancelled,2024-01-27,France
TXN-D4E7952E-7D8,AED,Pending,2024-11-07,China
TXN-CD12A57A-3AD,CAD,Processing,2024-11-09,Singapore
TXN-878808B6-379,SGD,Processing,2023-01-09,Japan
TXN-93CAEF84-E87,USD,Processing,2023-06-25,Singapore
TXN-CD24F17E-08C,CAD,Processing,2023-09-27,Sweden
TXN-7F77DB66-0F2,CNY,Pending,2024-04-18,Switzerland
TXN-441B09E5-3F6,INR,Failed,2024-03-13,Sweden
TXN-1E85B23A-ED1,AED,Failed,2023-06-01,Brazil
TXN-BD2154CA-A7C,INR,Pending,2024-03-11,Singapore
TXN-AFD4E40C-263,JPY,Cancelled,2023-08-22,China
TXN-A7FC05D0-399,CAD,Pending,2024-02-29,Italy
TXN-92567C7A-4C6,JPY,Failed,2023-08-28,India
TXN-9A89F16D-50A,SGD,Pending,2023-03-20,Canada
TXN-1830C433-3E8,USD,Processing,2023-08-29,Japan
TXN-E15F1113-71F,CHF,Completed,2024-01-02,UAE
TXN-7A1BF612-1D5,INR,Refunded,2023-05-25,India
TXN-5236152D-47A,LKR,Pending,2024-12-10,Norway
TXN-2E748BA1-DFE,GBP,Pending,2024-02-07,Sweden
TXN-2C181959-43A,SGD,Processing,2024-01-25,China
TXN-BB1E611B-899,CNY,Cancelled,2023-03-24,Italy
TXN-DBF87894-57C,EUR,Refunded,2023-12-29,China
TXN-588DF826-402,CHF,Processing,2023-11-22,India
TXN-2D62111F-8C1,JPY,Cancelled,2024-03-03,Switzerland
TXN-63817484-96C,CAD,Pending,2024-09-20,Canada
TXN-C2087586-3D4,AED,Completed,2024-11-06,Japan
TXN-F3B90C4C-29F,SGD,Cancelled,2023-11-03,Japan
TXN-7B5E7C6B-055,AUD,Pending,2023-11-25,Australia
TXN-67DE3F2B-6FD,JPY,Completed,2024-01-21,United Kingdom
TXN-6DD81C1E-06F,CHF,Cancelled,2024-12-29,United States
TXN-8B940B85-F5A,AUD,Refunded,2024-10-05,UAE
TXN-BA0478BF-A1E,LKR,Completed,2024-07-24,France
TXN-8B05CF59-F48,EUR,Refunded,2023-05-23,United Kingdom
TXN-A943905E-408,LKR,Cancelled,2024-10-28,UAE
TXN-EF622214-E3C,SGD,Refunded,2024-02-18,China
TXN-6DDDA437-4F6,SGD,Refunded,2023-06-08,Australia
TXN-23BEA252-6CB,LKR,Pending,2024-04-30,Japan
TXN-9D78DDC4-277,AED,Refunded,2023-10-07,Norway
TXN-98F2F850-B77,CNY,Processing,2024-05-18,Netherlands
TXN-DBE2F076-617,LKR,Processing,2023-11-15,South Africa
TXN-58E942D1-20F,USD,Processing,2023-04-07,Norway
TXN-4CC11CA4-EC6,LKR,Failed,2023-05-24,South Africa
TXN-1DC916EA-76C,EUR,Pending,2023-06-26,Sri Lanka
TXN-C1ED3392-722,GBP,Completed,2024-07-24,Germany
TXN-803E3949-502,GBP,Failed,2024-07-06,Sri Lanka
TXN-7A8FD353-B16,CAD,Failed,2024-10-10,Netherlands
TXN-D484363A-D73,INR,Processing,2023-12-01,Norway
TXN-E9BD3BB7-4AF,JPY,Processing,2023-07-27,Singapore
TXN-2B51023E-DE3,INR,Processing,2024-08-13,Italy
TXN-CA41423A-143,CHF,Failed,2023-09-20,Sri Lanka
TXN-2DD5E2C6-AE8,SGD,Completed,2023-05-12,Sweden
TXN-E385F45A-F98,CAD,Refunded,2024-08-19,UAE
TXN-F1454D0C-AB4,AED,Cancelled,2024-10-05,Norway
TXN-216B4DF9-7E2,CAD,Cancelled,2023-03-07,Italy
TXN-BD919A90-50F,LKR,Pending,2024-02-06,Spain
TXN-AF8A6EE1-032,USD,Failed,2023-08-30,Brazil
TXN-23B00A65-6F9,JPY,Cancelled,2024-02-06,Germany
TXN-2B447517-A91,SGD,Pending,2023-11-29,Spain
TXN-81B62D27-C0F,EUR,Completed,2024-10-17,United Kingdom
TXN-59D4A876-2E5,CNY,Cancelled,2023-11-25,India
TXN-6CBC235B-55E,JPY,Pending,2024-05-03,Canada
TXN-4A5D3FA7-322,CNY,Cancelled,2024-04-22,France
TXN-5E3DD23C-84A,LKR,Completed,2024-04-21,Canada
TXN-E1620B5B-A56,CNY,Pending,2024-06-21,India
TXN-B5FCF367-8A4,CHF,Processing,2023-05-03,Switzerland
TXN-2E9CD11D-3B6,CAD,Cancelled,2024-04-05,United Kingdom
TXN-2EC3FDB2-BFB,LKR,Refunded,2023-10-21,United Kingdom
TXN-4A40FCF6-D84,GBP,Failed,2023-11-18,India
TXN-0DBDB236-7E5,GBP,Cancelled,2024-02-01,Netherlands
TXN-80DE5B5A-930,GBP,Completed,2023-10-26,Italy
TXN-EF874130-3B2,USD,Failed,2024-02-04,Australia
TXN-9A0345CA-005,GBP,Cancelled,2023-09-08,Singapore
TXN-656E72AA-D7C,GBP,Pending,2024-12-30,France
TXN-8209EAEB-C22,CHF,Refunded,2023-06-11,Australia
TXN-CC4E71A7-289,GBP,Failed,2023-09-18,Switzerland
TXN-6547379C-20B,CHF,Pending,2023-01-21,India
TXN-DDB8DB60-26C,CNY,Refunded,2023-10-03,United States
TXN-D432ABEC-DED,CHF,Processing,2024-05-17,Brazil
TXN-95C5767D-0E0,CAD,Completed,2024-03-27,Japan
TXN-A73F96FC-E99,LKR,Processing,2023-06-04,South Africa
TXN-76D8D29E-CD9,AED,Completed,2023-06-27,United Kingdom
TXN-9666A90A-44D,INR,Refunded,2023-02-08,China
TXN-AF3ED7E8-626,INR,Completed,2024-06-20,Canada
TXN-9121D141-EAD,CNY,Failed,2023-02-26,United Kingdom
TXN-D5616111-927,SGD,Refunded,2024-11-27,Australia
TXN-8DB35CF9-A22,AED,Pending,2024-10-23,China
TXN-E9D08B3B-F27,AED,Failed,2023-02-05,United Kingdom
TXN-63A9E676-025,CAD,Pending,2024-05-19,Netherlands
TXN-772D78FB-49B,LKR,Processing,2024-11-08,United Kingdom
TXN-18A169E2-5BA,EUR,Completed,2023-12-16,UAE
TXN-B7F1EFA1-512,CHF,Completed,2024-04-15,Canada
TXN-E40E8B98-8EC,USD,Refunded,2024-12-16,Italy
TXN-10DEE1CD-27C,CAD,Processing,2024-02-26,Singapore
TXN-35A2EBD9-E60,EUR,Pending,2023-12-14,Sri Lanka
TXN-8D9C550D-FB1,CHF,Completed,2023-04-22,Sweden
TXN-60F1794E-DE4,SGD,Completed,2024-11-25,France
TXN-2ECFD071-E72,GBP,Refunded,2023-10-28,Japan
TXN-51E40545-57B,CHF,Completed,2024-09-06,Japan
TXN-934C7598-776,INR,Processing,2023-03-18,Italy
TXN-27CB9E7A-442,JPY,Completed,2023-07-13,India
TXN-744079D8-FC8,SGD,Pending,2024-07-28,China
TXN-DF9D9987-7FE,CHF,Cancelled,2024-11-18,Netherlands
TXN-FB743F78-D5E,CNY,Refunded,2023-12-02,Germany
TXN-75D69FDA-6BB,AUD,Processing,2024-03-10,India
TXN-71BEBE64-774,AUD,Cancelled,2023-03-19,Sweden
TXN-40C86A6A-7E5,INR,Refunded,2023-12-07,Norway
TXN-3A8FFC19-FE1,JPY,Processing,2024-09-13,Singapore
TXN-09BD066D-1AA,AED,Failed,2023-07-08,Italy
TXN-B8450D3F-434,LKR,Failed,2024-11-08,South Africa
TXN-F936189F-594,LKR,Refunded,2023-05-09,United States
TXN-BCEBED3B-8C7,AUD,Failed,2023-10-15,Netherlands
TXN-758C8F24-E66,AED,Processing,2023-12-29,United States
TXN-560F6851-3A2,CAD,Pending,2024-12-01,Netherlands
TXN-D2394239-684,CNY,Processing,2023-08-15,United States
TXN-6888795D-C97,USD,Processing,2024-11-26,France
TXN-7D7B7816-5C6,SGD,Refunded,2024-11-21,South Africa
TXN-F54578DD-4F0,CNY,Processing,2023-08-24,Sweden
TXN-8F6B106D-654,JPY,Cancelled,2024-03-23,South Africa
TXN-EADF8D0B-DB6,GBP,Processing,2023-10-13,Canada
TXN-F18D91EB-4AE,SGD,Failed,2024-03-19,Singapore
TXN-C0E63136-3E1,JPY,Failed,2024-09-28,Sweden
TXN-F0A1A3B8-C73,USD,Refunded,2023-11-02,South Africa
TXN-15F25910-E43,CAD,Failed,2023-05-23,South Africa
TXN-12FF9B64-B86,AED,Failed,2023-10-10,Japan
TXN-B978A480-841,JPY,Refunded,2024-12-04,Japan
TXN-7D3AC4A8-90A,LKR,Completed,2024-12-22,Brazil
TXN-B6D420D9-AE0,LKR,Processing,2024-09-01,Norway
TXN-C376444C-8ED,AED,Failed,2024-07-20,France
TXN-97507A57-E12,CAD,Completed,2024-12-12,Canada
TXN-B2D20F8C-085,GBP,Cancelled,2023-10-16,India
TXN-06F0EAB5-E11,GBP,Failed,2023-11-14,China
TXN-13B68114-3BC,INR,Failed,2023-12-15,Netherlands
TXN-E1EF929C-CE2,USD,Pending,2023-09-29,France
TXN-EA8C2A9E-9C3,CNY,Refunded,2024-08-15,Germany
TXN-7C60F7FC-F8D,AED,Completed,2024-07-17,Switzerland
TXN-C0794FB2-53E,JPY,Refunded,2024-05-07,Japan
TXN-27400FC9-AFC,JPY,Failed,2024-03-04,India
TXN-858EBA58-AD7,CHF,Refunded,2024-10-09,Sri Lanka
TXN-C613824E-6E9,GBP,Failed,2023-04-07,France
TXN-D35857B0-A3E,AUD,Failed,2023-11-24,China
TXN-40B37264-6AB,JPY,Cancelled,2023-09-14,Sri Lanka
TXN-8750CF33-8D6,CAD,Processing,2023-10-20,Norway
TXN-2683FABF-032,SGD,Cancelled,2024-11-13,Germany
TXN-739EDA5D-3FC,GBP,Completed,2024-04-14,Australia
TXN-3BFA18A3-E38,LKR,Cancelled,2024-08-12,Norway
TXN-30A55EA9-72A,INR,Refunded,2024-01-10,China
TXN-88C40873-882,JPY,Processing,2024-05-01,Netherlands
TXN-1D749593-A12,LKR,Processing,2024-10-06,Italy
TXN-F781F8C9-EE8,CNY,Failed,2023-07-22,Brazil
TXN-2F5C2B81-534,INR,Pending,2023-04-27,Japan
TXN-BF7746F7-BE0,SGD,Pending,2024-04-19,Germany
TXN-7214CF87-DDD,LKR,Failed,2023-03-09,Sri Lanka
TXN-DB914543-1D9,CNY,Pending,2024-05-26,Spain
TXN-C6D6F53A-1B9,INR,Refunded,2023-03-21,Australia
TXN-57ABC1AB-23F,AUD,Refunded,2023-04-26,Brazil
TXN-3D740C4C-5DB,JPY,Refunded,2023-03-08,Brazil
TXN-C2DF77E2-1C9,USD,Completed,2023-03-27,Singapore
TXN-3DAE1641-FF1,GBP,Failed,2024-10-06,Netherlands
TXN-FBE71EB2-D8B,USD,Failed,2023-11-13,Switzerland
TXN-A8D1D9BF-778,CAD,Processing,2023-05-14,Spain
TXN-862E553E-7ED,INR,Processing,2023-11-11,Australia
TXN-7E4C70A8-E86,CAD,Refunded,2024-12-30,South Africa
TXN-04864C16-EEB,USD,Completed,2024-12-06,Canada
TXN-8507A389-E95,INR,Refunded,2024-11-08,India
TXN-57513D12-D74,JPY,Pending,2024-10-12,Brazil
TXN-7BFBE92F-43B,CHF,Pending,2024-12-05,Netherlands
TXN-515F6C42-7C2,CAD,Completed,2024-01-07,Italy
TXN-8CC1E3E2-F7D,LKR,Cancelled,2023-09-22,Germany
TXN-62879BBE-E7F,USD,Processing,2023-01-27,Canada
TXN-C0D8166C-3AB,GBP,Completed,2024-08-18,China
TXN-E28F8114-1E4,CAD,Processing,2024-01-05,Italy
TXN-7C3B6CC7-04D,AED,Refunded,2024-08-24,Singapore
TXN-4B7B88DA-2C9,JPY,Cancelled,2023-12-28,UAE
TXN-3AAE9613-84E,CAD,Refunded,2023-04-16,Germany
TXN-EF4769CF-BA1,CNY,Failed,2023-09-01,India
TXN-9E1E33B8-A26,EUR,Failed,2024-10-10,South Africa
TXN-D5C479CB-D87,AUD,Refunded,2023-09-18,Japan
TXN-E1D2401C-F58,INR,Failed,2023-08-01,Sri Lanka
TXN-1897E5E9-083,CHF,Completed,2023-12-29,India
TXN-26BABAF2-0E8,CNY,Processing,2024-09-08,Norway
TXN-455C84B4-229,GBP,Pending,2024-09-04,Australia
TXN-3507911D-8C0,GBP,Processing,2024-12-08,Germany
TXN-CC98D161-168,CNY,Failed,2023-07-08,Switzerland
TXN-B9260632-6A1,GBP,Cancelled,2024-12-31,Norway
TXN-3DDDFAA9-BDD,INR,Refunded,2023-04-30,Italy
TXN-B1D60DB4-E1D,LKR,Completed,2024-03-09,Spain
TXN-2EAAEA37-396,INR,Processing,2024-07-05,Switzerland
TXN-2E7AEF73-192,EUR,Pending,2023-06-17,Australia
TXN-DB9FEAD4-31B,AED,Failed,2024-09-03,Norway
TXN-4A3080DE-057,GBP,Failed,2023-10-28,UAE
TXN-E0DA56BA-E6C,GBP,Pending,2024-02-26,Netherlands
TXN-1F62F84F-603,AUD,Pending,2023-10-08,Norway
TXN-AFAD5E3F-680,CHF,Completed,2024-10-21,Spain
TXN-B63668B5-D3C,JPY,Refunded,2024-10-13,Brazil
TXN-EA11C787-CD6,INR,Failed,2024-06-22,United States
TXN-5D88A315-E9F,GBP,Refunded,2023-11-13,Sri Lanka
TXN-43F26D6D-520,JPY,Failed,2023-03-31,Canada
TXN-60B500CF-7DE,LKR,Completed,2024-05-12,Australia
TXN-9B70A5E4-22F,CAD,Cancelled,2024-01-09,South Africa
TXN-1AE86E18-148,JPY,Completed,2023-12-24,Germany
TXN-905710BE-BE8,AUD,Processing,2024-08-08,UAE
TXN-8245616E-3C9,CHF,Failed,2024-05-17,Sweden
TXN-437EA4C2-82F,CNY,Processing,2023-02-08,United Kingdom
TXN-6DEDF382-3A2,EUR,Pending,2023-11-24,Sweden
TXN-66101B5D-7E0,AUD,Processing,2023-06-10,Australia
TXN-7B16B103-E88,JPY,Cancelled,2023-01-22,Switzerland
TXN-02E19ABB-D4E,CHF,Failed,2023-10-12,Germany
TXN-D1B26A8F-DDE,INR,Completed,2023-07-22,Sweden
TXN-D811C647-E55,USD,Processing,2024-06-27,Sri Lanka
TXN-75F1D740-633,CHF,Cancelled,2024-05-03,United States
TXN-F7F736FE-7D8,AUD,Refunded,2023-02-01,Norway
TXN-BE210789-AAD,SGD,Completed,2024-06-01,UAE
TXN-8E328988-7D1,CAD,Cancelled,2023-03-06,United Kingdom
TXN-0334A5AD-61E,SGD,Refunded,2024-12-22,Singapore
TXN-DDDAB4B0-CA2,USD,Cancelled,2023-04-27,Switzerland
TXN-2D4AA878-83E,JPY,Pending,2024-12-22,France
TXN-86307807-45F,CAD,Failed,2024-04-27,Switzerland
TXN-D018FA16-43E,USD,Pending,2024-11-12,Japan
TXN-A49104A8-066,AUD,Pending,2023-08-31,UAE
TXN-3D7F4387-868,LKR,Processing,2023-01-04,Sri Lanka
TXN-2751C55B-F82,EUR,Failed,2024-06-30,Norway
TXN-BF8C8EFE-BD4,LKR,Pending,2024-01-03,Germany
TXN-7B15116F-B35,CAD,Completed,2024-01-13,Canada
TXN-DE3FF8AD-384,CAD,Pending,2024-02-19,China
TXN-EF9C28D3-D16,CAD,Completed,2024-07-02,Brazil
TXN-B08064A4-78F,CAD,Refunded,2023-03-07,United States
TXN-8B6833CE-B48,LKR,Pending,2024-09-12,United Kingdom
TXN-9652DFC0-B6E,INR,Refunded,2024-02-07,Switzerland
TXN-1996310C-836,CHF,Completed,2023-02-06,Italy
TXN-BE6D507E-139,USD,Refunded,2023-06-11,Canada
TXN-98E3DEA5-F3B,CAD,Pending,2024-03-26,Singapore
TXN-C828EF83-8DC,JPY,Refunded,2023-05-02,South Africa
TXN-46C3B9A6-96B,CHF,Failed,2024-08-10,France
TXN-1E124CD0-EC7,JPY,Processing,2024-03-13,Sweden
TXN-71BE28D5-B77,EUR,Processing,2024-06-12,Singapore
TXN-3ADE00EE-DB4,LKR,Cancelled,2024-04-26,United States
TXN-A6D0C78B-9DF,CNY,Processing,2023-03-15,Netherlands
TXN-28855DB8-A44,EUR,Cancelled,2024-08-30,Sweden
TXN-F383A77A-243,AED,Processing,2024-07-17,Netherlands
TXN-3FE040B9-D54,SGD,Refunded,2024-11-06,China
TXN-5D5BDBE5-F86,AED,Refunded,2024-05-03,Sweden
TXN-3A918A40-7B6,CNY,Cancelled,2024-08-09,India
TXN-1F9B00D3-95B,INR,Processing,2023-08-06,India
TXN-71FE83C8-E31,CHF,Cancelled,2023-03-30,Sri Lanka
TXN-F3E5202F-D71,LKR,Cancelled,2023-08-23,Spain
TXN-858F2EF1-48D,INR,Completed,2023-06-07,Netherlands
TXN-6107F5C2-792,CHF,Failed,2023-11-19,Italy
TXN-AE8DA3B9-D30,JPY,Cancelled,2024-11-08,Australia
TXN-2A9D910E-639,LKR,Completed,2024-09-03,Germany
TXN-383A9319-F31,INR,Cancelled,2024-04-16,Japan
TXN-BE612DF2-231,AED,Cancelled,2024-12-07,Sri Lanka
TXN-B0693ABD-DB3,CHF,Completed,2024-07-11,Switzerland
TXN-EF7D7014-3BA,CNY,Pending,2023-08-17,France
TXN-2CBF88AE-D06,EUR,Failed,2024-08-01,Australia
TXN-BE566EB6-FBB,AED,Cancelled,2024-12-18,China
TXN-2084BC49-8D9,SGD,Cancelled,2024-09-16,China
TXN-81ADF5C6-BA9,AUD,Processing,2023-03-29,United Kingdom
TXN-E0D753CF-149,LKR,Refunded,2023-02-10,Norway
TXN-07DC47A5-4B7,AUD,Pending,2023-07-28,Spain
TXN-AEF55288-686,INR,Failed,2023-06-26,Netherlands
TXN-2FC24607-311,JPY,Failed,2024-11-25,Switzerland
TXN-34D72DB9-329,CHF,Processing,2024-10-12,Italy
TXN-02EB55EE-548,USD,Refunded,2024-06-28,Switzerland
TXN-B8D97C2D-B05,JPY,Refunded,2023-07-01,Canada
TXN-573E847E-D2A,LKR,Completed,2024-02-17,Japan
TXN-29362714-394,AUD,Refunded,2024-05-02,India
TXN-5F03BA9E-63C,USD,Completed,2023-04-12,Italy
TXN-A62A3F46-F36,AED,Refunded,2024-07-05,Japan
TXN-E48BB0BA-4FC,LKR,Failed,2023-06-14,Brazil
TXN-D6493CC8-245,JPY,Completed,2023-02-06,United Kingdom
TXN-5B92486B-D20,CNY,Failed,2024-02-17,South Africa
TXN-F653B409-CA8,GBP,Refunded,2023-06-16,Norway
TXN-66CCF1A4-C3D,CNY,Pending,2024-04-13,United States
TXN-9FEA465C-C88,AUD,Processing,2024-06-14,South Africa
TXN-C526BA8D-24C,GBP,Cancelled,2023-03-06,United Kingdom
TXN-516F46C3-09E,INR,Completed,2024-10-31,Australia
TXN-96578B0A-E4F,CHF,Completed,2023-07-16,India
TXN-CB2834D7-647,GBP,Processing,2023-06-21,France
TXN-352AF5B6-7ED,CAD,Pending,2024-12-29,Italy
TXN-F2858E74-80E,USD,Processing,2023-06-30,Switzerland
TXN-B87C47F6-EF9,GBP,Failed,2024-02-10,Switzerland
TXN-FEA702ED-99D,LKR,Refunded,2024-12-05,France
TXN-AB798CD1-6E6,CAD,Completed,2024-09-18,Australia
TXN-21070C98-C73,LKR,Cancelled,2023-01-20,Germany
TXN-417CFDA7-DAD,AED,Failed,2024-11-13,France
TXN-0C5F3209-A1F,LKR,Pending,2023-09-01,Brazil
TXN-0D468F90-0BD,SGD,Cancelled,2024-02-11,Japan
TXN-71C07A87-EC5,GBP,Processing,2023-04-05,India
TXN-B9B2D428-5A1,CAD,Cancelled,2024-03-02,Singapore
TXN-0708D800-222,LKR,Refunded,2023-07-20,Sri Lanka
TXN-D391AEA0-5C6,SGD,Pending,2024-01-18,Sri Lanka
TXN-FAC22E59-268,EUR,Failed,2023-05-02,Japan
TXN-FAB7A50D-FA0,INR,Failed,2023-11-26,Switzerland
TXN-0DF2A812-8EE,INR,Completed,2024-12-22,India
TXN-B7D7A76F-4DC,JPY,Pending,2024-01-25,South Africa
TXN-FB8660C5-673,EUR,Failed,2024-07-25,China
TXN-32FF598F-512,CNY,Completed,2024-11-03,South Africa
TXN-D4CB34AB-CF5,CHF,Completed,2023-03-12,United Kingdom
TXN-0A5F1E3C-788,AUD,Completed,2023-11-12,Brazil
TXN-4B5C491F-518,SGD,Completed,2023-03-11,United States
TXN-07F71AF9-1C7,GBP,Failed,2023-03-26,Switzerland
TXN-7D3B34C5-18F,CNY,Refunded,2024-06-26,China
TXN-E3C15C19-0B5,GBP,Processing,2024-08-09,Netherlands
TXN-59A25970-575,LKR,Pending,2023-04-18,Sweden
TXN-32B4C3AE-989,USD,Pending,2024-10-02,Australia
TXN-D3C1F971-3AD,CAD,Failed,2023-02-13,South Africa
TXN-9843F54F-D4E,CNY,Pending,2023-12-28,Sweden
TXN-FDD56565-D9D,AED,Pending,2023-01-21,Canada
TXN-B3AB35E3-DE9,SGD,Completed,2023-10-16,Sri Lanka
TXN-D4B686F7-C69,SGD,Failed,2024-03-23,South Africa
TXN-9E5252F5-9A8,CNY,Processing,2024-11-14,China
TXN-7ECFDA4E-728,CAD,Failed,2024-08-11,Netherlands
TXN-8FE49613-47C,LKR,Processing,2023-03-06,South Africa
TXN-C90F35A2-01E,CHF,Refunded,2023-08-31,Norway
TXN-2E02768E-463,AUD,Refunded,2024-07-31,India
TXN-090BAE3D-F73,AED,Processing,2023-08-23,United Kingdom
TXN-E1B4A107-8F1,CHF,Refunded,2023-04-13,South Africa
TXN-AA37DA1B-E85,SGD,Completed,2024-09-12,Sri Lanka
TXN-5F88A474-B99,CNY,Completed,2024-08-20,Sweden
TXN-82955578-0F3,JPY,Cancelled,2024-02-25,Italy
TXN-DA1DF1E4-992,AED,Failed,2024-11-01,India
TXN-6E35A49C-D0E,CAD,Pending,2024-09-03,Australia
TXN-127F6F5B-DE3,EUR,Pending,2024-12-25,United States
TXN-3694AB15-428,LKR,Refunded,2024-02-09,United Kingdom
TXN-B7583A6C-888,CAD,Pending,2024-07-16,Spain
TXN-FCAFE65E-CF7,AED,Cancelled,2024-01-11,UAE
TXN-9AE7DB68-A84,GBP,Refunded,2023-01-22,UAE
TXN-8A37D7B4-2D9,CNY,Completed,2023-12-02,United Kingdom
TXN-4A306AAC-5E6,SGD,Processing,2024-10-08,China
TXN-AF8DEEC6-216,CNY,Cancelled,2023-01-02,Norway
TXN-F935521C-0E9,SGD,Pending,2023-01-14,France
TXN-C1863F47-B66,AED,Completed,2023-10-11,Japan
TXN-D48047B9-688,GBP,Completed,2023-10-27,Italy
TXN-EAD3912B-EC9,AED,Completed,2023-01-09,China
TXN-57BEFBDE-FD0,GBP,Refunded,2023-11-13,Brazil
TXN-472C7C47-B12,CHF,Failed,2023-07-24,Singapore
TXN-2DE0ECAE-C3B,JPY,Pending,2023-04-28,South Africa
TXN-37E1B6D9-179,CHF,Failed,2023-03-24,Norway
TXN-3FDF2829-22C,CAD,Refunded,2023-02-15,Germany
TXN-1928E188-D69,SGD,Refunded,2023-09-16,Australia
TXN-B1E9F6A0-091,GBP,Failed,2024-10-14,Netherlands
TXN-73D9A4D3-F27,CAD,Refunded,2024-08-12,India
TXN-AF31E789-305,SGD,Pending,2023-07-28,Germany
TXN-3E4E6750-6E8,CNY,Processing,2024-02-04,Spain
TXN-984511B0-3B6,INR,Pending,2024-01-06,Germany
TXN-F9D3373B-9C8,EUR,Completed,2023-11-15,Spain
TXN-B6F22EC8-3E2,USD,Processing,2023-06-24,China
TXN-B2286A64-1FC,AUD,Completed,2024-01-23,Australia
TXN-125459B0-6A2,CAD,Cancelled,2024-11-07,UAE
TXN-103CC602-7EB,GBP,Cancelled,2024-03-29,France
TXN-BD69BFB3-EE3,CNY,Failed,2024-11-02,China
TXN-C94560E7-478,USD,Refunded,2024-02-11,India
TXN-28DAD49E-494,LKR,Failed,2023-10-23,United Kingdom
TXN-C3F5A745-11D,CAD,Failed,2024-07-13,Japan
TXN-FFB19EC8-B57,CAD,Completed,2023-04-07,Norway
TXN-C47A813A-DED,SGD,Completed,2023-10-01,Germany
TXN-0A4927FA-5E5,AED,Cancelled,2024-05-12,Brazil
TXN-8BCD6EEB-520,GBP,Pending,2024-04-01,Australia
TXN-8C0CDA6D-E4F,AUD,Failed,2024-07-29,India
TXN-8237A75B-74C,INR,Failed,2023-05-02,Sri Lanka
TXN-0AFEE9AC-854,CHF,Completed,2023-02-01,Italy
TXN-B2222BB3-514,INR,Pending,2023-04-05,South Africa
TXN-95207CED-62D,AUD,Refunded,2024-04-10,India
TXN-52234C5F-F4B,SGD,Pending,2023-12-25,United States
TXN-D08D4DF5-950,CAD,Refunded,2024-07-03,United Kingdom
TXN-1734763C-534,GBP,Cancelled,2024-09-04,India
TXN-B20850D8-9F7,LKR,Refunded,2024-07-01,Spain
TXN-11EBEFE3-420,EUR,Completed,2024-11-11,South Africa
TXN-F21A8E79-66C,USD,Pending,2023-03-31,Germany
TXN-5D78F950-B9D,CAD,Processing,2023-02-11,Italy
TXN-8394203A-202,JPY,Pending,2023-04-16,United States
TXN-9F482CFF-C8C,INR,Cancelled,2023-06-22,Sri Lanka
TXN-49017B04-785,USD,Failed,2023-11-06,Canada
TXN-1475F861-A2B,CNY,Processing,2024-10-28,UAE
TXN-1EE1BBB2-DDA,INR,Completed,2023-01-20,China
TXN-1BEE5458-2B8,LKR,Processing,2024-06-29,India
TXN-EC7FD37A-A00,AUD,Completed,2024-07-06,Switzerland
TXN-332A32D7-EAB,AED,Processing,2023-04-04,Spain
TXN-C01AF8C0-F77,GBP,Completed,2024-03-19,Germany
TXN-267DA634-010,EUR,Pending,2023-04-28,South Africa
TXN-EB1A5510-497,CAD,Completed,2023-12-08,Brazil
TXN-292D8093-322,USD,Completed,2024-02-24,Australia
TXN-0094C03E-7EA,JPY,Processing,2024-09-10,Norway
TXN-1A55FDCE-DCE,SGD,Processing,2023-10-06,France
TXN-59E193DC-61E,CHF,Failed,2023-10-06,France
TXN-C6A7274D-82E,GBP,Pending,2024-10-04,Brazil
TXN-F29E8224-468,JPY,Pending,2023-07-26,France
TXN-E3FD4B43-B36,CNY,Completed,2024-06-09,Canada
TXN-04F85F13-AF4,JPY,Failed,2023-10-22,Australia
TXN-D843D4BC-5AE,CHF,Processing,2023-03-21,UAE
TXN-42D7FE93-4EE,GBP,Cancelled,2024-02-01,Switzerland
TXN-DA6E7879-FDC,USD,Completed,2023-11-11,Italy
TXN-6D9BB674-D61,SGD,Refunded,2023-01-06,Germany
TXN-5E444B42-543,CNY,Refunded,2023-05-04,Japan
TXN-9B61FBD8-F22,AED,Cancelled,2024-05-17,Japan
TXN-BB0481CD-2DB,CNY,Failed,2024-11-13,Canada
TXN-93F37736-082,INR,Refunded,2024-02-11,Sweden
TXN-D1A57E9A-502,EUR,Cancelled,2023-12-28,Norway
TXN-1EA2D4BA-BEC,AED,Processing,2024-02-07,Singapore
TXN-1661DC47-F77,CAD,Completed,2023-08-26,Italy
TXN-B7F4DC84-F61,AED,Processing,2024-08-17,Switzerland
TXN-592188CC-B71,GBP,Processing,2024-12-20,Sri Lanka
TXN-E51E769A-676,GBP,Processing,2023-04-14,Japan
TXN-FF8C99E1-DF3,INR,Cancelled,2023-01-24,Italy
TXN-E578B997-E41,JPY,Cancelled,2024-01-22,Canada
TXN-B1D659B4-9C7,LKR,Cancelled,2023-04-26,Germany
TXN-298FD8C9-CB0,CHF,Cancelled,2023-01-02,Italy
TXN-CB3BE74A-5D6,SGD,Processing,2024-01-30,Sweden
TXN-F321FD89-54F,GBP,Failed,2023-10-05,Netherlands
TXN-785C210A-E41,JPY,Failed,2023-03-01,Singapore
TXN-6A56787B-98C,JPY,Pending,2023-02-21,France
TXN-B9F354E8-015,AED,Completed,2023-10-31,India
TXN-271D7A3C-A55,EUR,Pending,2024-09-30,South Africa
TXN-1932176D-8E9,USD,Failed,2024-02-18,Norway
TXN-B83AC6BB-259,LKR,Processing,2024-06-03,South Africa
TXN-7A3870E7-EA7,LKR,Cancelled,2023-07-27,United States
TXN-B0CF4D7B-D6C,GBP,Processing,2024-07-12,Canada
TXN-D7C2E83F-016,EUR,Processing,2023-08-02,United States
TXN-949372DB-C1B,INR,Refunded,2024-02-26,Sweden
TXN-AC74F518-8E8,LKR,Completed,2023-11-26,Canada
TXN-4BB888E5-D0E,CNY,Processing,2023-08-09,Singapore
TXN-0A17F606-23B,EUR,Failed,2023-06-15,Australia
TXN-46B4C14A-C91,SGD,Cancelled,2024-03-05,Switzerland
TXN-077C009B-C52,CHF,Pending,2024-02-25,Canada
TXN-2F6CCC1C-622,CNY,Cancelled,2024-11-18,China
TXN-617ABB5B-6DD,JPY,Completed,2023-02-15,United States
TXN-CC047016-D11,LKR,Cancelled,2023-12-19,Sweden
TXN-244AF8F5-CE4,CHF,Cancelled,2024-11-30,China
TXN-18F8921A-DC9,CNY,Refunded,2024-02-13,Switzerland
TXN-8DD9920C-6FD,GBP,Refunded,2024-05-11,Germany
TXN-64201F6E-783,USD,Pending,2024-11-19,United Kingdom
TXN-DA0D0DFB-505,CAD,Completed,2023-11-29,Sweden
TXN-1CEF2EE5-BEB,CAD,Refunded,2024-06-03,Norway
TXN-F91D4D6F-B34,SGD,Completed,2024-05-08,Australia
TXN-FD609427-570,SGD,Pending,2024-12-30,South Africa
TXN-CFA90109-9A9,CHF,Pending,2024-03-16,Italy
TXN-518686EC-E2B,LKR,Processing,2024-05-17,United Kingdom
TXN-BF639AD3-C0D,CHF,Refunded,2024-07-29,India
TXN-61CD5F52-A44,USD,Completed,2024-09-08,Switzerland
TXN-CF800883-B6A,AUD,Pending,2023-07-23,Australia
TXN-1C4EC6B5-B13,CNY,Failed,2024-06-05,Australia
TXN-D2B49E52-422,INR,Cancelled,2023-12-28,Brazil
TXN-7B3F69E1-0AA,CAD,Failed,2024-06-18,Switzerland
TXN-B5A0E17D-0A4,LKR,Pending,2024-04-23,Germany
TXN-55E82602-D4B,INR,Cancelled,2024-12-07,Brazil
TXN-E40086E2-C99,INR,Pending,2024-09-26,South Africa
TXN-36752EAB-FF0,EUR,Pending,2023-12-29,Spain
TXN-78F89E91-9F0,USD,Pending,2024-09-27,China
TXN-2A1E71D1-EC4,GBP,Completed,2024-03-26,UAE
TXN-DCAF871A-75D,GBP,Refunded,2024-10-03,Sri Lanka
TXN-84C4F96E-FAC,SGD,Completed,2023-02-07,Norway
TXN-1361149E-5CA,CHF,Refunded,2024-12-12,Norway
TXN-319735B5-785,CHF,Completed,2024-07-15,United Kingdom
TXN-161BC93C-B2C,CHF,Pending,2024-07-18,Switzerland
TXN-DF656E26-0E4,CAD,Completed,2024-04-21,Germany
TXN-A0392F60-40F,EUR,Completed,2024-09-25,China
TXN-E9031B28-821,LKR,Completed,2023-11-27,United States
TXN-CA4D8F0A-2B8,USD,Completed,2024-10-27,Italy
TXN-9A503461-F7C,CHF,Cancelled,2023-02-23,Switzerland
TXN-C92FEED3-236,EUR,Pending,2024-05-14,Spain
TXN-3B5902B6-AB5,AED,Pending,2023-08-22,United States
TXN-142BB24A-04D,CHF,Failed,2023-02-14,Switzerland
TXN-B65D78A1-FC5,LKR,Processing,2024-02-01,United Kingdom
TXN-B87C09BF-412,INR,Refunded,2023-06-17,Singapore
TXN-315DD4EC-26F,EUR,Processing,2023-08-24,Germany
TXN-64FE5607-341,SGD,Cancelled,2023-01-18,France
TXN-A3BE298F-49A,SGD,Pending,2023-08-23,France
TXN-161FF61B-F73,CHF,Pending,2023-08-01,Germany
TXN-9081634D-F10,CAD,Failed,2024-03-30,Sweden
TXN-107B5CFA-BA2,GBP,Completed,2024-11-16,China
TXN-BFD2AF06-761,CNY,Completed,2023-07-23,Switzerland
TXN-C5EC6883-ECB,USD,Pending,2023-10-23,Sri Lanka
TXN-A1C78653-713,JPY,Failed,2023-06-05,Germany
TXN-9B6D55FF-A1D,INR,Processing,2024-09-17,Switzerland
TXN-332879F4-79E,JPY,Processing,2023-12-06,Japan
TXN-2D588BAA-5CC,USD,Refunded,2023-02-05,Australia
TXN-6D9D5E0D-7A9,CAD,Failed,2023-04-05,Sweden
TXN-A737ED91-DA6,CNY,Refunded,2024-11-24,Singapore
TXN-F689EE5E-1E1,USD,Processing,2023-08-16,Norway
TXN-56F6C7E5-126,INR,Failed,2023-03-12,Brazil
TXN-BF3D5C15-E13,JPY,Pending,2024-11-29,China
TXN-D7D9A5D2-95A,EUR,Cancelled,2023-04-29,Norway
TXN-47C5DB71-5FB,AED,Cancelled,2023-12-02,Netherlands
TXN-69CCE470-1C4,SGD,Processing,2024-05-12,Australia
TXN-07E5E9E6-7D3,LKR,Completed,2024-05-11,Spain
TXN-3DC7C542-088,USD,Completed,2023-06-25,France
TXN-C165C777-623,SGD,Completed,2024-07-24,Italy
TXN-A96397E3-296,CAD,Processing,2024-01-12,Norway
TXN-15E9D607-491,USD,Completed,2023-09-17,Germany
TXN-1E597BD2-F40,CHF,Processing,2024-10-23,Norway
TXN-9C3CDD04-367,LKR,Refunded,2023-07-28,Sweden
TXN-5EB7E376-6F2,GBP,Failed,2024-01-30,Italy
TXN-26E62EC0-6F3,CNY,Processing,2023-04-18,Sri Lanka
TXN-C19868FA-949,JPY,Completed,2024-04-11,Canada
TXN-77A2A43D-81F,GBP,Failed,2024-02-07,China
TXN-FBA27D74-73B,AED,Refunded,2024-11-13,Spain
TXN-8634B7EC-B7B,USD,Completed,2024-09-20,Canada
TXN-34C8CF65-FB0,AED,Cancelled,2023-09-18,United Kingdom
TXN-49DF9637-5E4,AED,Processing,2023-07-13,UAE
TXN-EC13BFFF-5FD,GBP,Completed,2024-09-10,Switzerland
TXN-94A4EC03-80D,GBP,Pending,2024-07-22,Italy
TXN-34133F9E-6CD,LKR,Pending,2024-08-21,Sweden
TXN-FCCE0357-CFE,EUR,Refunded,2024-07-21,South Africa
TXN-64FB3AD3-1D4,LKR,Cancelled,2023-10-02,Sri Lanka
TXN-DC60FF72-441,CHF,Processing,2024-05-13,United Kingdom
TXN-21223071-600,AED,Processing,2024-07-13,Canada
TXN-28F4E214-E50,AED,Processing,2024-02-24,Norway
TXN-7F24EAE5-C5F,CNY,Completed,2024-10-10,United Kingdom
TXN-318D68E1-571,CNY,Completed,2023-04-04,South Africa
TXN-F434E319-21F,SGD,Pending,2023-11-26,UAE
TXN-ABF4989A-9ED,GBP,Processing,2023-02-02,South Africa
TXN-8944048F-817,EUR,Failed,2023-02-10,Sri Lanka
TXN-1FD5F5AC-170,CHF,Cancelled,2023-03-16,Italy
TXN-B97574B6-EF0,CNY,Refunded,2023-07-27,France
TXN-86CBF8E2-227,AED,Failed,2024-03-25,Australia
TXN-214DCBBB-CD1,AUD,Pending,2024-10-22,Netherlands
TXN-996B65DB-567,AED,Processing,2023-07-02,France
TXN-8FC9DE68-C96,AUD,Cancelled,2024-07-04,Sweden
TXN-E254E22F-181,EUR,Completed,2023-09-16,Canada
TXN-E91F1DF3-E14,CAD,Refunded,2023-05-29,United Kingdom
TXN-2062593C-C04,EUR,Processing,2023-06-29,Norway
TXN-8CB01417-EE0,JPY,Pending,2024-11-16,United States
TXN-426EC5D0-612,AUD,Completed,2024-04-16,Brazil
TXN-3F552FF7-256,INR,Failed,2024-04-30,Netherlands
TXN-051716AE-B98,CNY,Refunded,2024-02-05,Sweden
TXN-8991FF38-80A,AUD,Failed,2023-03-18,South Africa
TXN-0D469955-1AE,USD,Refunded,2023-11-15,Norway
TXN-1366E044-9C5,AED,Pending,2023-08-31,Germany
TXN-9720FF56-296,LKR,Completed,2023-04-28,Sweden
TXN-E9C21B12-1DF,EUR,Refunded,2023-03-21,UAE
TXN-45D28F72-FF1,CHF,Failed,2024-07-16,United States
TXN-53AA593C-324,LKR,Processing,2023-12-13,India
TXN-A97E13AC-546,CAD,Processing,2023-02-19,Australia
TXN-EE928E01-BF8,INR,Cancelled,2023-01-25,Sri Lanka
TXN-CF563EF5-206,USD,Refunded,2024-01-10,United Kingdom
TXN-DD7EFB29-A0B,GBP,Failed,2024-02-29,Spain
TXN-8657154A-854,CAD,Pending,2024-08-21,Sri Lanka
TXN-2F7ADC79-521,SGD,Pending,2023-06-23,United Kingdom
TXN-1E58BD58-EC2,CNY,Refunded,2024-07-26,Japan
TXN-D7625B34-011,INR,Processing,2023-05-01,United States
TXN-B26A6985-9CD,JPY,Pending,2024-11-11,Norway
TXN-F3F2ACC4-7B7,CAD,Refunded,2024-02-21,Switzerland
TXN-9C0C335E-08B,CAD,Processing,2023-04-02,UAE
TXN-E88DB728-B59,GBP,Processing,2023-05-01,United States
TXN-58212DC1-771,SGD,Refunded,2023-04-08,Sweden
TXN-AC1809AF-E50,JPY,Processing,2024-09-08,Switzerland
TXN-5473022B-1F7,JPY,Refunded,2023-03-18,Canada
TXN-10BC3714-2E9,GBP,Pending,2024-09-30,Sri Lanka
TXN-0F7614F2-F53,LKR,Refunded,2024-05-22,United States
TXN-4D209EEA-27E,USD,Failed,2024-08-14,Italy
TXN-95E20CC8-609,CNY,Completed,2024-01-12,Brazil
TXN-FBBF8E69-22A,EUR,Refunded,2024-06-04,China
TXN-734543EF-51D,INR,Completed,2023-02-05,Netherlands
TXN-26492889-D20,USD,Refunded,2024-08-31,UAE
TXN-0E89C1B6-C3B,AUD,Cancelled,2024-05-03,Canada
TXN-57BA3578-97E,LKR,Completed,2024-03-28,UAE
TXN-A0DA6268-B15,CAD,Completed,2024-02-25,Canada
TXN-93ADBA10-907,LKR,Cancelled,2023-05-20,Sweden
TXN-2B2EF408-0D8,GBP,Completed,2023-09-03,United Kingdom
TXN-C99A13DB-FA5,CHF,Cancelled,2023-07-28,Sweden
TXN-86F3F8B2-37F,USD,Refunded,2024-04-14,Singapore
TXN-63B93483-2B8,INR,Processing,2024-03-27,Sweden
TXN-F0832EBA-BFB,AUD,Failed,2024-02-19,India
TXN-C8B4E08E-00A,INR,Processing,2024-01-21,Switzerland
TXN-6BD79BDD-B1F,AUD,Pending,2024-06-13,France
TXN-269C8B22-887,GBP,Failed,2023-08-06,Australia
TXN-D15672A0-8F1,GBP,Processing,2024-03-07,Netherlands
TXN-6DB78AF1-1B9,GBP,Failed,2023-06-26,United Kingdom
TXN-3CC518F9-FC2,LKR,Pending,2024-11-15,Canada
TXN-FE4044BB-B79,CAD,Refunded,2024-11-12,Sri Lanka
TXN-0B493684-3D3,CNY,Refunded,2024-03-10,Canada
TXN-52E3B249-C18,AED,Pending,2023-09-10,United States
TXN-BEFC5555-9BE,LKR,Pending,2023-05-29,Switzerland
TXN-547C89CE-A4F,GBP,Failed,2023-05-21,Singapore
TXN-2813E5A1-A3A,AUD,Cancelled,2024-09-15,Brazil
TXN-C2736772-129,SGD,Failed,2024-09-28,Netherlands
TXN-F4797948-94A,SGD,Completed,2023-11-04,Brazil
TXN-4E885952-F5B,JPY,Failed,2024-07-18,Sri Lanka
TXN-AF7F07FE-625,SGD,Pending,2023-11-01,India
TXN-01DA5341-A06,INR,Processing,2024-05-22,Sweden
TXN-1FD31C9F-AEF,USD,Refunded,2024-08-18,United States
TXN-9887C1BB-148,CHF,Processing,2023-06-04,China
TXN-E51B4090-1A8,JPY,Pending,2023-06-02,Netherlands
TXN-A7005331-685,SGD,Cancelled,2024-03-12,Italy
TXN-4B7B5CCE-F8E,CAD,Completed,2023-08-07,Brazil
TXN-1EB5EEEE-E1D,SGD,Pending,2023-04-21,Singapore
TXN-BE62273C-294,USD,Refunded,2024-05-09,Sri Lanka
TXN-4ABE63D1-E1D,SGD,Processing,2024-01-25,Singapore
TXN-1CBE744E-04C,CHF,Completed,2024-11-06,China
TXN-ADB95471-01F,USD,Refunded,2023-06-17,India
TXN-FE3E4EF1-D13,INR,Completed,2024-01-14,Norway
TXN-644E8789-1D6,LKR,Failed,2024-08-22,Brazil
TXN-EB5B8B36-704,AUD,Refunded,2023-02-01,Sweden
TXN-42B01DAD-466,CHF,Pending,2024-01-09,South Africa
TXN-0A516E36-BF9,USD,Completed,2023-07-09,Spain
TXN-ADB98877-C38,USD,Pending,2024-07-27,United Kingdom
TXN-6E709CD2-88E,LKR,Failed,2024-08-15,Norway
TXN-450DE703-B2A,INR,Cancelled,2023-12-04,South Africa
TXN-B63D6551-6AC,SGD,Refunded,2023-01-10,Japan
TXN-A332AC6B-485,INR,Pending,2024-04-11,France
TXN-4369E7E4-A05,CHF,Completed,2024-03-07,Australia
TXN-4A98D9F5-988,INR,Completed,2023-12-09,France
TXN-2C02151C-E28,CAD,Completed,2024-07-17,UAE
TXN-1F0F5527-A85,CAD,Completed,2023-03-04,Switzerland
TXN-FC5A2E6C-880,USD,Cancelled,2023-09-14,Singapore
TXN-12017C78-447,AUD,Completed,2024-02-04,China
TXN-2C3FFCC2-0D5,CAD,Failed,2023-01-15,Switzerland
TXN-B96E2D8A-E60,AED,Completed,2024-03-29,UAE
TXN-C2869048-F52,AED,Pending,2023-05-08,Italy
TXN-37C21F19-C53,CHF,Refunded,2023-09-24,Brazil
TXN-302857E1-725,INR,Refunded,2023-07-03,UAE
TXN-7AF8330D-F55,LKR,Processing,2023-07-08,Italy
TXN-278A6438-C42,LKR,Pending,2024-03-15,Spain
TXN-C844D5E5-6AC,EUR,Pending,2023-06-18,Spain
TXN-6791D896-DAF,LKR,Cancelled,2024-06-08,Japan
TXN-E6D96249-984,AUD,Completed,2024-02-21,Sri Lanka
TXN-309B2433-A2A,SGD,Refunded,2024-07-24,Netherlands
TXN-3D4C4529-494,INR,Cancelled,2023-07-31,Sri Lanka
TXN-E778A92D-459,JPY,Processing,2023-01-26,United Kingdom
TXN-B765D6FD-0A6,AED,Completed,2024-09-13,South Africa
TXN-28ED81F8-28C,AUD,Pending,2024-04-10,Sweden
TXN-7DB8984C-00D,LKR,Processing,2023-02-20,South Africa
TXN-F950355E-683,SGD,Failed,2024-06-17,United States
TXN-DD23EBFD-97A,CNY,Processing,2023-11-27,Sweden
TXN-E974E4D0-EAE,CAD,Cancelled,2024-10-19,Sweden
TXN-D885C646-580,JPY,Completed,2023-08-12,Singapore
TXN-3658E7C4-B7B,SGD,Pending,2024-05-31,Singapore
TXN-9E420391-0DB,GBP,Failed,2024-06-20,Japan
TXN-C790062D-A5D,CNY,Processing,2024-05-14,Switzerland
TXN-82AD2BF5-283,AUD,Cancelled,2024-11-30,UAE
TXN-59706165-489,CHF,Processing,2024-01-30,Australia
TXN-8D44C524-DD1,CNY,Completed,2024-08-25,France
TXN-86064883-861,CNY,Processing,2024-10-30,Japan
TXN-5A5C1121-0DD,AUD,Processing,2024-07-22,Australia
TXN-1A79CBA2-ED1,LKR,Pending,2024-12-12,Sweden
TXN-E3C51189-97A,JPY,Cancelled,2023-04-18,United States
TXN-0394C3B7-278,CAD,Cancelled,2024-09-12,Germany
TXN-6FA11291-FB5,USD,Pending,2023-07-10,Japan
TXN-B0BB6EAE-BB8,CHF,Cancelled,2023-10-25,Netherlands
TXN-E6A1CEF7-F52,LKR,Failed,2023-09-12,Sweden
TXN-944ECDEC-7E8,CNY,Refunded,2023-01-18,United Kingdom
TXN-B0F9A92C-E38,INR,Refunded,2023-01-07,Switzerland
TXN-112AD42E-285,AUD,Failed,2023-01-05,India
TXN-9FBB9111-BBB,USD,Pending,2023-12-23,China
TXN-A169F266-E3E,JPY,Completed,2023-02-06,Japan
TXN-D92FFF6D-346,SGD,Cancelled,2024-05-03,United States
TXN-9B5B3290-82D,CHF,Failed,2024-09-10,France
TXN-235133BE-5CB,SGD,Failed,2024-12-13,Norway
TXN-7D4D6223-D3F,GBP,Completed,2024-12-21,Netherlands
TXN-8E17282B-331,CNY,Failed,2023-03-29,South Africa
TXN-76160E7C-BF5,JPY,Cancelled,2024-09-27,South Africa
TXN-1F44406C-FAD,GBP,Failed,2023-10-21,Sweden
TXN-DD71B8D4-7B9,AUD,Completed,2024-04-29,South Africa
TXN-A3AE25BC-1B3,LKR,Cancelled,2024-01-28,Netherlands
TXN-E3D899E4-2BB,CHF,Processing,2023-06-02,Sweden
TXN-FE165A29-5CC,LKR,Refunded,2024-06-18,UAE
TXN-93CD7C4A-728,CHF,Pending,2024-05-29,Norway
TXN-3AB4889E-137,CHF,Processing,2023-04-27,United States
TXN-48C9110A-C14,CNY,Processing,2024-06-02,India
TXN-46639C59-1E6,USD,Completed,2024-07-29,Spain
TXN-41BCF001-8F5,SGD,Processing,2024-04-07,Germany
TXN-E4AA8F76-85D,SGD,Cancelled,2024-12-30,Norway
TXN-6633F71D-DF2,AUD,Refunded,2024-02-06,South Africa
TXN-FDFE40DB-156,AUD,Failed,2024-11-16,Norway
TXN-093854F5-4D7,AUD,Processing,2023-06-30,France
TXN-D0EAAF65-22D,LKR,Pending,2023-08-25,Singapore
TXN-6EE53B44-EB5,SGD,Cancelled,2023-04-07,Spain
TXN-5DBBA752-A1A,AUD,Completed,2023-05-22,Norway
TXN-E10BD22F-451,CNY,Cancelled,2023-11-18,Switzerland
TXN-14AFB49C-534,CHF,Refunded,2024-07-21,Norway
TXN-41AB0BBC-522,AED,Processing,2024-08-12,United States
TXN-DCDDD8D8-0CD,CHF,Processing,2023-07-02,Norway
TXN-7878D439-661,LKR,Completed,2023-08-29,France
TXN-FC695E13-2D5,CHF,Cancelled,2024-12-16,Canada
TXN-6AA5BBD1-D7C,AED,Pending,2024-02-28,France
TXN-D096119E-A76,INR,Cancelled,2024-03-18,Sri Lanka
TXN-45F46431-97C,CHF,Cancelled,2024-05-18,United States
TXN-61D8475E-2F4,USD,Cancelled,2024-06-03,Spain
TXN-0CD440F3-DDA,USD,Cancelled,2024-05-27,Switzerland
TXN-2E497F15-932,SGD,Failed,2024-07-28,India
TXN-6AE5CD4C-2DD,CHF,Pending,2024-01-02,United States
TXN-CD84B222-6D5,USD,Completed,2024-12-10,Netherlands
TXN-2C59CF87-4CA,AED,Processing,2023-08-17,Norway
TXN-F8035B45-C7D,SGD,Refunded,2023-01-25,India
TXN-659EBE99-E4A,CNY,Refunded,2023-09-06,Switzerland
TXN-7C61FE28-D10,SGD,Refunded,2023-05-01,Singapore
TXN-B96965E4-99A,LKR,Failed,2023-05-15,UAE
TXN-4F901C55-FAD,CHF,Processing,2023-05-30,France
TXN-0543F323-B4B,CHF,Completed,2024-10-11,Singapore
TXN-70A2CF00-AEE,SGD,Pending,2023-11-07,Australia
TXN-B37C9504-D63,SGD,Cancelled,2023-12-22,Japan
TXN-36F9C920-C12,JPY,Processing,2023-11-02,South Africa
TXN-C8A24AC4-CB3,GBP,Pending,2024-12-21,UAE
TXN-C72FBEBC-C35,EUR,Processing,2024-05-17,Norway
TXN-12BC4654-B0B,AUD,Cancelled,2023-01-17,India
TXN-2938A914-9AA,JPY,Cancelled,2023-06-28,Brazil
TXN-E0A1413D-AC9,JPY,Refunded,2023-03-15,Sri Lanka
TXN-A046D219-C25,INR,Pending,2024-09-14,Sri Lanka
TXN-4EF7758F-78D,CHF,Failed,2023-11-18,Sweden
TXN-C2182F24-092,SGD,Failed,2024-02-25,South Africa
TXN-3D0A5F55-5F3,INR,Completed,2024-02-05,UAE
TXN-AAB27E81-77D,GBP,Refunded,2024-08-02,Sweden
TXN-0F9DE924-8F5,AED,Pending,2024-08-18,China
TXN-EE0B5F0F-5FB,AUD,Completed,2023-07-09,United States
TXN-A3F866B6-2CB,GBP,Processing,2024-03-01,UAE
TXN-C32CB523-461,INR,Failed,2023-05-26,United Kingdom
TXN-7EA7F774-FE2,CHF,Completed,2023-10-01,France
TXN-DA1552F3-871,CAD,Completed,2023-10-13,Sweden
TXN-4AA7FAE2-FF6,AUD,Refunded,2023-08-05,Netherlands
TXN-0CB6E20F-860,AUD,Cancelled,2023-04-26,Norway
TXN-CA77E3F6-2D0,JPY,Cancelled,2024-07-01,Sri Lanka
TXN-5E6AB924-BAF,AUD,Processing,2023-11-07,Germany
TXN-142B08C1-0B0,CHF,Refunded,2024-03-14,China
TXN-C6C433BC-4CE,USD,Processing,2024-12-07,France
TXN-82AB7818-941,LKR,Completed,2023-10-16,Italy
TXN-4443FCA9-FCD,INR,Processing,2024-11-01,South Africa
TXN-E2CBF296-C00,CAD,Completed,2023-04-15,United States
TXN-2AD209B7-DCA,GBP,Completed,2024-12-24,Japan
TXN-A5565E00-A7F,CAD,Cancelled,2023-03-12,United States
TXN-A9EC27F2-8AC,CHF,Cancelled,2023-01-28,France
TXN-D00C5033-F78,GBP,Processing,2023-12-16,Spain
TXN-28A45E75-08C,AED,Refunded,2024-10-22,Norway
TXN-D7B6D02F-838,USD,Pending,2024-12-02,Sri Lanka
TXN-4BE1E315-1C8,CAD,Cancelled,2024-06-26,Italy
TXN-B2249886-18B,AUD,Processing,2024-12-17,Netherlands
TXN-BE74087C-33C,AUD,Failed,2023-11-13,United States
TXN-4585EC33-FB0,INR,Cancelled,2023-09-21,France
TXN-0312ACF0-B4C,SGD,Cancelled,2023-01-28,Italy
TXN-B9C707F3-3F2,GBP,Failed,2024-11-27,South Africa
TXN-EA0BBB52-DB7,JPY,Failed,2024-11-26,Sri Lanka
TXN-774BEE09-29E,AED,Completed,2024-01-07,India
TXN-14DDDF3E-C7C,AUD,Cancelled,2023-04-04,Singapore
TXN-B16CB6AF-E82,EUR,Failed,2023-04-30,UAE
TXN-621DE1E7-5E4,JPY,Completed,2023-06-12,United Kingdom
TXN-D3D16298-E66,LKR,Processing,2024-10-24,Sweden
TXN-69F281F2-26B,EUR,Failed,2023-09-17,UAE
TXN-A815C9AF-9B2,CNY,Cancelled,2023-12-19,UAE
TXN-868BF5F9-3B9,INR,Refunded,2023-10-21,India
TXN-74649005-8B4,AUD,Cancelled,2023-10-27,Singapore
TXN-382B1A69-84E,SGD,Completed,2024-10-06,Brazil
TXN-A512209C-F4D,AED,Completed,2023-11-06,Sweden
TXN-D8982039-9FD,JPY,Failed,2024-10-03,Netherlands
TXN-54E7C07A-90E,LKR,Pending,2024-03-11,United States
TXN-0399649A-570,USD,Cancelled,2023-06-20,United States
TXN-8CFBA10E-A7C,EUR,Completed,2023-03-20,Australia
TXN-1D048E19-466,GBP,Pending,2024-12-31,Norway
TXN-919B143C-EB6,GBP,Refunded,2023-04-29,France
TXN-DB66E920-24B,CAD,Pending,2024-09-22,Singapore
TXN-39605329-C95,LKR,Processing,2023-04-05,Brazil
TXN-62D658AE-044,AUD,Refunded,2024-10-06,Sweden
TXN-320F5A96-E6E,INR,Refunded,2023-05-29,Germany
TXN-85FA5940-C37,AED,Refunded,2023-09-16,Norway
TXN-9E17DE25-2AE,EUR,Failed,2023-03-19,Japan
TXN-CB24B7A6-C09,CNY,Refunded,2024-12-17,Brazil
TXN-07B6215C-916,INR,Completed,2023-05-28,United States
TXN-7D97EF9B-FF8,JPY,Failed,2024-06-23,Japan
TXN-CEDC58F0-570,SGD,Completed,2023-03-01,Italy
TXN-9DA8AC52-32C,USD,Cancelled,2023-08-27,Singapore
TXN-4FC7D96C-F62,CAD,Failed,2024-06-02,France
TXN-B66BE1F8-155,INR,Completed,2023-09-17,Canada
TXN-3654B3CB-507,AED,Failed,2024-12-04,Norway
TXN-DF531DEB-9B0,GBP,Pending,2024-12-16,Sri Lanka
TXN-D13F1E90-58E,CHF,Completed,2023-07-23,Italy
TXN-C7E78477-831,CHF,Cancelled,2024-09-11,Italy
TXN-9A5C34AB-E4E,EUR,Pending,2023-06-10,Canada
TXN-DD2293C0-72E,SGD,Cancelled,2023-02-12,Switzerland
TXN-D513165F-33A,JPY,Processing,2024-01-03,Sri Lanka
TXN-4E8B18E8-929,EUR,Refunded,2024-02-18,Italy
TXN-9F8ACED5-A09,AED,Failed,2024-01-03,Japan
TXN-BCFE280E-C61,CAD,Pending,2024-01-02,Spain
TXN-E5402833-66C,LKR,Refunded,2024-04-13,South Africa
TXN-6D87E3F7-A9B,INR,Completed,2024-06-05,United Kingdom
TXN-FE87A0CF-590,EUR,Failed,2024-09-24,France
TXN-31A67ECE-EB1,EUR,Failed,2023-04-29,Canada
TXN-13FF9337-B76,CHF,Completed,2023-12-12,China
TXN-0088CBED-5AB,JPY,Pending,2024-11-06,France
TXN-9F35DA18-B71,SGD,Pending,2023-04-09,Australia
TXN-02049397-D93,AUD,Cancelled,2023-12-19,United Kingdom
TXN-4698FCF1-0FF,INR,Refunded,2024-09-21,Norway
TXN-4AB17185-A61,CHF,Refunded,2024-01-07,Australia
TXN-FD642878-CA1,CNY,Pending,2024-12-12,Australia
TXN-3B822931-CEA,GBP,Refunded,2024-08-07,Norway
TXN-B4DC630B-BA2,JPY,Completed,2023-05-22,Italy
TXN-3A9166E7-F9F,USD,Refunded,2023-10-21,United Kingdom
TXN-DE0DB258-331,SGD,Failed,2024-01-04,Sri Lanka
TXN-629E4876-6A7,CNY,Failed,2023-09-19,Singapore
TXN-A422D267-E72,SGD,Failed,2023-04-19,India
TXN-775F5DD0-93C,SGD,Failed,2024-10-14,United States
TXN-5FC1086D-CDB,LKR,Refunded,2023-04-10,Japan
TXN-1B4D6EF8-314,JPY,Completed,2023-01-29,United Kingdom
TXN-8BB726F2-DA9,CNY,Refunded,2024-09-08,Japan
TXN-AA48FB03-6B4,SGD,Processing,2023-05-08,Norway
TXN-300A4D78-6B1,CHF,Processing,2023-02-14,Sri Lanka
TXN-B9D89202-C15,EUR,Refunded,2023-07-14,India
TXN-241D83D9-494,USD,Completed,2023-07-05,Germany
TXN-D0EAE77A-0CD,INR,Completed,2024-10-29,Brazil
TXN-90302731-FCE,EUR,Processing,2023-02-24,Italy
TXN-45224BD9-57A,LKR,Pending,2024-08-14,Norway
TXN-A7C327AE-AAA,CHF,Refunded,2024-12-28,Germany
TXN-612E6E38-A07,JPY,Refunded,2024-08-22,United States
TXN-99D21DED-8E7,LKR,Refunded,2023-04-30,Australia
TXN-22B50B23-A25,CAD,Pending,2024-05-16,Switzerland
TXN-B2404A57-EFC,AUD,Failed,2023-12-27,Germany
TXN-D8D7A1A5-B5A,LKR,Refunded,2023-07-29,Switzerland
TXN-C63CCAD9-FFF,INR,Completed,2024-09-18,South Africa
TXN-67FC1F81-28C,CHF,Cancelled,2023-11-21,Singapore
TXN-9D555A76-192,AUD,Completed,2024-08-02,Spain
TXN-392B5FAD-DAB,CNY,Completed,2023-01-08,Sri Lanka
TXN-88C98CF2-D62,CAD,Cancelled,2024-11-28,Sweden
TXN-5A141723-DE0,CNY,Failed,2023-02-22,South Africa
TXN-BEC10EE9-C25,AUD,Cancelled,2023-09-24,Spain
TXN-FDD0F23B-86E,CHF,Refunded,2023-05-16,United States
TXN-9FE6EF49-E84,INR,Cancelled,2024-07-06,Switzerland
TXN-191D5A5E-590,AUD,Failed,2023-07-23,Norway
TXN-AD1F3139-8A4,EUR,Cancelled,2023-02-27,Sweden
TXN-9A59322A-218,JPY,Cancelled,2024-05-01,Brazil
TXN-1E8AD931-814,GBP,Failed,2023-08-09,Australia
TXN-141AF693-0CB,EUR,Refunded,2023-01-29,Singapore
TXN-AA060F50-9E8,LKR,Failed,2024-01-26,Netherlands
TXN-4993A66E-D63,AUD,Refunded,2024-06-10,China
TXN-DAC305B5-87E,EUR,Failed,2023-04-09,UAE
TXN-88EF7D26-2DB,JPY,Failed,2023-09-14,France
TXN-D2F214CF-F4D,CAD,Completed,2023-07-07,Australia
TXN-DC8AF5B2-C28,JPY,Failed,2024-12-10,China
TXN-5F65ED21-C3A,GBP,Completed,2024-05-27,Norway
TXN-CAB0A7D3-14C,AED,Cancelled,2023-05-01,Germany
TXN-D4724F85-708,AUD,Cancelled,2023-12-10,Norway
TXN-8C610AED-D64,SGD,Processing,2023-12-08,Sri Lanka
TXN-878085E9-124,GBP,Refunded,2023-10-05,Sri Lanka
TXN-BBC5EFB7-91A,CNY,Completed,2024-12-19,Norway
TXN-20AD7DC1-D05,JPY,Cancelled,2024-02-13,United Kingdom
TXN-247E0398-06B,LKR,Completed,2023-07-26,India
TXN-C59CEE8E-DF1,JPY,Failed,2024-04-09,Germany
TXN-86BFEF2D-A5F,CHF,Cancelled,2024-02-05,Sweden
TXN-9FAAE0D6-9D2,LKR,Processing,2023-10-29,Italy
TXN-3B012F20-D72,LKR,Completed,2024-05-03,India
TXN-32198D1F-CE6,SGD,Pending,2024-09-12,Canada
TXN-75E47B10-237,CNY,Processing,2023-07-11,Brazil
TXN-03F1F788-D77,CHF,Processing,2024-07-01,Canada
TXN-5DEAC608-4F7,CAD,Processing,2023-11-02,Germany
TXN-BC73F6D7-396,CAD,Failed,2024-10-13,United Kingdom
TXN-89694074-B0E,LKR,Failed,2024-10-18,UAE
TXN-69C4EEC7-A8B,AUD,Completed,2023-07-29,United States
TXN-DE4F3507-C09,AUD,Completed,2024-12-20,Brazil
TXN-569C1B4A-64A,INR,Completed,2023-02-19,China
TXN-734A1BB1-2EB,SGD,Processing,2024-12-13,Sweden
TXN-91004DD2-AF4,AED,Refunded,2024-01-09,France
TXN-01E8F66B-D5C,CHF,Failed,2023-03-22,Brazil
TXN-24EBFE7A-A04,AED,Processing,2024-04-30,Italy
TXN-235D0BD7-DD5,AUD,Cancelled,2024-11-27,United Kingdom
TXN-EE3F8BEC-169,CHF,Cancelled,2023-05-14,Canada
TXN-84ED2144-98D,AED,Refunded,2024-04-25,Norway
TXN-4FDA5983-69B,EUR,Processing,2024-02-22,Canada
TXN-116E0A82-BFC,AUD,Cancelled,2024-12-01,Switzerland
TXN-E12EB799-B6D,EUR,Processing,2023-07-19,Japan
TXN-EC174ECD-CA1,EUR,Refunded,2024-03-22,India
TXN-A949AA15-547,JPY,Refunded,2023-11-04,Japan
TXN-E723C56C-046,AED,Refunded,2023-12-08,Norway
TXN-0FE1B581-DD0,AUD,Cancelled,2023-06-09,China
TXN-497F762B-9AF,USD,Pending,2023-01-26,Spain
TXN-61F73DF4-14D,USD,Processing,2023-09-08,Germany
TXN-FFDF4F85-7CF,LKR,Cancelled,2024-02-24,Australia
TXN-16F0ED1E-A7D,GBP,Processing,2024-03-08,Brazil
TXN-2FF99B85-200,INR,Completed,2024-07-08,Italy
TXN-60E9C154-DFD,AUD,Failed,2023-12-09,Norway
TXN-ECD25FF7-3E4,CHF,Completed,2024-10-23,India
TXN-2E8A040D-BA4,LKR,Refunded,2024-09-14,Sri Lanka
TXN-93B72F03-6B9,GBP,Cancelled,2023-11-09,Australia
TXN-E76B890F-4E1,LKR,Processing,2024-10-07,South Africa
TXN-27CBA5D9-362,USD,Completed,2023-01-22,Sweden
TXN-AF0E613A-9CD,AED,Refunded,2023-09-03,Italy
TXN-DA6E525B-6E2,EUR,Processing,2023-09-12,Netherlands
TXN-B53573EF-490,CHF,Completed,2024-08-04,Germany
TXN-6C932151-38C,JPY,Refunded,2024-02-16,Germany
TXN-E836F3AB-A31,AUD,Cancelled,2024-09-28,Norway
TXN-394EBCE2-76A,AED,Failed,2024-07-30,South Africa
TXN-DD728F39-10B,CNY,Completed,2023-07-11,Japan
TXN-31262E84-85A,SGD,Completed,2023-08-22,Brazil
TXN-66C412E8-3FB,INR,Processing,2023-03-04,United Kingdom
TXN-B03DD6B0-B0D,AED,Completed,2023-10-01,Spain
TXN-F0C20528-858,EUR,Cancelled,2024-08-27,Brazil
TXN-15EDC05A-FEA,USD,Cancelled,2023-09-12,Australia
TXN-4A644ABC-037,EUR,Refunded,2024-09-28,United Kingdom
TXN-292A6FBA-65A,USD,Failed,2024-04-03,South Africa
TXN-ED4F76F3-275,CNY,Failed,2023-11-16,Sri Lanka
TXN-150DC24C-DB9,GBP,Cancelled,2023-05-01,China
TXN-1F2C9C2E-004,AUD,Completed,2024-11-22,Brazil
TXN-59F154BE-5DC,INR,Failed,2023-10-22,Italy
TXN-0A25A0F8-6A1,CHF,Failed,2023-09-07,Italy
TXN-D5C59985-4CB,CNY,Pending,2023-02-23,Germany
TXN-AE8CA1D9-3F5,CNY,Pending,2023-11-08,UAE
TXN-85A485AD-EA6,JPY,Processing,2023-03-09,Japan
TXN-647F65BC-BF8,AUD,Pending,2023-07-14,Brazil
TXN-EA2F8AF0-859,AUD,Refunded,2023-06-07,Sri Lanka
TXN-C9350046-8F7,AED,Refunded,2023-08-08,Norway
TXN-49852091-D63,CHF,Cancelled,2024-06-22,Sri Lanka
TXN-89946C76-188,AUD,Completed,2024-05-21,United States
TXN-55CC4B49-CBF,SGD,Completed,2024-10-16,Australia
TXN-5B12C48E-B8B,CHF,Pending,2023-06-19,UAE
TXN-906A4974-917,GBP,Refunded,2023-01-17,UAE
TXN-58D27D93-521,CHF,Processing,2023-05-27,Spain
TXN-62276701-254,AUD,Cancelled,2024-10-26,Canada
TXN-64DD6379-A38,USD,Processing,2024-12-14,Netherlands
TXN-F4E7B82E-8FB,GBP,Failed,2023-10-31,France
TXN-E0D7EAB6-129,JPY,Pending,2023-04-18,India
TXN-EDDADFF0-03C,EUR,Failed,2023-08-22,Australia
TXN-FDC6CB70-2E7,JPY,Refunded,2024-03-04,France
TXN-325B2C57-873,CNY,Processing,2024-01-31,Sweden
TXN-DE12A88F-E33,SGD,Processing,2023-08-02,Switzerland
TXN-E6BC4372-CB5,AED,Refunded,2023-11-12,Australia
TXN-DD7825D8-AE3,LKR,Cancelled,2023-12-29,Italy
TXN-F0E13A1E-2FA,INR,Failed,2024-02-08,Singapore
TXN-C6AFC552-A27,GBP,Processing,2024-12-17,Singapore
TXN-2A59E0EA-258,AED,Refunded,2023-02-13,United States
TXN-8389D5D2-688,CHF,Cancelled,2024-02-11,Brazil
TXN-2752B4A2-9D7,SGD,Refunded,2023-01-29,Singapore
TXN-B9284782-FB8,SGD,Failed,2023-09-04,Netherlands
TXN-1688D177-7EB,AUD,Pending,2024-08-14,Switzerland
TXN-7EFEF2DC-682,SGD,Pending,2024-04-05,Switzerland
TXN-304E36C0-EF5,JPY,Processing,2023-07-28,Sri Lanka
TXN-81BCFCCD-635,CHF,Refunded,2024-02-15,Norway
TXN-EF8FC949-10B,SGD,Pending,2023-08-14,Brazil
TXN-027D9B0C-787,LKR,Processing,2024-05-15,United States
TXN-FA8AD4A8-51D,LKR,Processing,2024-10-20,UAE
TXN-6FCEDA78-1F4,INR,Completed,2024-08-05,United States
TXN-15E1B4C8-0E1,EUR,Processing,2023-05-13,Germany
TXN-A7F56B08-1DA,CHF,Cancelled,2024-08-24,Sweden
TXN-8D8A5366-201,CAD,Refunded,2024-09-24,Netherlands
TXN-9AB730ED-927,JPY,Completed,2024-10-31,India
TXN-F0CBFAB5-3E2,LKR,Completed,2023-06-27,India
TXN-6ACC0E02-B82,AED,Cancelled,2023-06-27,Canada
TXN-51B84E2A-4E7,CNY,Refunded,2023-12-26,United States
TXN-93A978CD-13E,EUR,Completed,2023-01-17,Spain
TXN-9AD011E7-BBF,LKR,Completed,2023-11-12,Norway
TXN-23FC8125-8BE,AED,Cancelled,2024-02-07,South Africa
TXN-27945884-E7C,CNY,Cancelled,2024-08-28,UAE
TXN-F5C5BE75-4F9,CNY,Processing,2023-10-29,Brazil
TXN-DBAA3BEF-754,AUD,Processing,2023-10-16,Australia
TXN-466109B3-A7A,CAD,Failed,2023-10-22,Switzerland
TXN-5A644A4E-D4D,AUD,Processing,2024-01-08,Japan
TXN-4297EE6D-3D0,JPY,Cancelled,2023-11-10,South Africa
TXN-B8B21EC7-472,SGD,Refunded,2023-09-29,UAE
TXN-12106B49-7D1,AUD,Processing,2023-11-13,United Kingdom
TXN-8A33EC8E-DD5,USD,Processing,2023-09-09,Netherlands
TXN-A52984B7-7D0,USD,Pending,2024-12-21,United Kingdom
TXN-1B592962-C9F,EUR,Completed,2024-07-18,Netherlands
TXN-CD355348-094,JPY,Processing,2024-07-02,Netherlands
TXN-1D60B36C-D57,EUR,Completed,2023-11-27,United States
TXN-D4A231BF-F78,CHF,Failed,2024-10-25,China
TXN-F3858F46-7C2,INR,Failed,2023-01-16,China
TXN-E16A4EAF-189,AED,Pending,2024-09-02,Singapore
TXN-33BE85A4-E30,CAD,Processing,2023-12-21,China
TXN-3072E65E-43E,JPY,Refunded,2024-09-15,Sri Lanka
TXN-3AC87B61-055,LKR,Pending,2024-07-12,Spain
TXN-0E90A1E1-7A3,CNY,Refunded,2023-09-12,Norway
TXN-F099359A-44E,JPY,Refunded,2024-03-12,Germany
TXN-681596F4-2A7,SGD,Pending,2024-01-14,United States
TXN-0329A655-CB1,USD,Failed,2023-01-14,Australia
TXN-50A44335-E30,LKR,Refunded,2024-12-31,Canada
TXN-0B16253D-47D,GBP,Completed,2023-07-07,South Africa
TXN-7B1DB265-2C4,EUR,Failed,2024-12-01,Sweden
TXN-8BE33CC2-4C6,INR,Completed,2023-10-04,Sweden
TXN-8C32D4B5-1B4,AED,Cancelled,2023-03-11,UAE
TXN-70F79AE7-0B4,AED,Failed,2024-05-17,Canada
TXN-C0C05FDF-931,AUD,Completed,2024-11-18,Norway
TXN-9F565479-019,CAD,Processing,2024-01-08,Norway
TXN-70687FD8-E2C,CNY,Completed,2024-11-08,Australia
TXN-C8A811A1-7CB,LKR,Cancelled,2023-04-02,UAE
TXN-7FA799AE-A0D,AUD,Completed,2023-06-25,South Africa
TXN-DA941077-C50,USD,Cancelled,2023-10-26,Netherlands
TXN-E7365B89-D12,CAD,Cancelled,2023-02-22,Norway
TXN-0E725172-152,SGD,Cancelled,2024-05-23,South Africa
TXN-525DA49B-4EC,CAD,Completed,2023-09-15,Brazil
TXN-F5ECBFB6-5EF,AUD,Failed,2024-01-29,United States
TXN-D2573419-D23,LKR,Processing,2023-03-16,Singapore
TXN-CA296A1E-316,AUD,Failed,2023-03-03,India
TXN-E781A710-D75,LKR,Processing,2024-02-11,Switzerland
TXN-FAD70B9F-057,USD,Processing,2024-08-26,Spain
TXN-123BDFCD-6B3,LKR,Processing,2023-04-05,United States
TXN-4BD0219E-E65,INR,Failed,2023-07-15,Switzerland
TXN-DF9A9643-566,CAD,Failed,2024-10-23,South Africa
TXN-A9458B22-C34,GBP,Failed,2024-06-17,Brazil
TXN-B8127361-7AE,JPY,Failed,2023-02-03,France
TXN-FFE474C7-B49,USD,Refunded,2024-08-10,UAE
TXN-DCE31CD5-CE3,INR,Processing,2023-06-20,Australia
TXN-78A3B2C6-7DD,CHF,Pending,2024-07-01,Germany
TXN-6970F03B-564,AED,Processing,2024-04-22,Switzerland
TXN-D443F5AE-970,AED,Completed,2024-02-04,United Kingdom
TXN-2ACE0814-FA2,CHF,Processing,2024-02-09,Switzerland
TXN-79F81814-911,LKR,Failed,2024-11-20,Netherlands
TXN-B063ECE9-997,AED,Refunded,2023-06-10,United States
TXN-B3BD8C46-3A9,CHF,Failed,2024-11-23,UAE
TXN-D4DE2BD5-58C,CHF,Pending,2023-09-24,Australia
TXN-2C8FA056-FD6,AUD,Completed,2024-04-11,Canada
TXN-8B7F7189-442,CAD,Completed,2024-11-21,Spain
TXN-1C2BC989-1EC,GBP,Failed,2023-01-05,Switzerland
TXN-6FD8F272-CC8,LKR,Pending,2024-06-08,Italy
TXN-14EED2C6-146,CHF,Refunded,2024-07-25,Italy
TXN-7947EA82-849,AED,Pending,2024-10-23,United States
TXN-72AE9AB2-4CA,AED,Pending,2024-06-08,Netherlands
TXN-DB8884D4-96E,INR,Pending,2023-02-04,Germany
TXN-FAE91D0E-DD2,CAD,Completed,2023-09-08,UAE
TXN-FDA82FA2-E18,INR,Processing,2024-08-01,Singapore
TXN-5977C724-DBF,CHF,Processing,2024-01-28,Germany
TXN-2CD46F8C-634,EUR,Processing,2023-02-15,India
TXN-3350C05C-0CE,CNY,Refunded,2023-03-12,UAE
TXN-219B9E1F-9F7,GBP,Processing,2023-10-10,Switzerland
TXN-7637CE09-5B9,CHF,Failed,2023-04-26,Brazil
TXN-4F334EF7-652,AED,Refunded,2023-12-16,India
TXN-A08C50EF-F4A,USD,Cancelled,2024-01-29,Japan
TXN-4DBF9B23-320,LKR,Pending,2024-08-12,China
TXN-926338FD-AF8,JPY,Processing,2023-03-10,South Africa
TXN-99C92A73-3A0,SGD,Pending,2023-09-21,Singapore
TXN-52E79047-0BD,EUR,Pending,2024-01-10,Sweden
TXN-E34CCE1C-434,USD,Failed,2023-06-13,Netherlands
TXN-5DFD6345-220,USD,Failed,2023-10-08,Switzerland
TXN-930D5DAC-EF5,CAD,Cancelled,2024-09-28,South Africa
TXN-C764CFEC-F91,CNY,Processing,2024-11-11,Singapore
TXN-15AEC83E-AE5,USD,Pending,2023-08-26,Sri Lanka
TXN-C2210381-1A3,JPY,Completed,2023-10-09,United Kingdom
TXN-72613E68-0ED,CAD,Failed,2023-05-14,Norway
TXN-32E26E9C-8F7,CHF,Pending,2023-07-30,United Kingdom
TXN-A0B599FB-8A2,JPY,Completed,2023-02-16,India
TXN-6DC12B18-834,EUR,Processing,2024-10-27,Japan
TXN-23F905B1-F8E,CHF,Failed,2023-12-19,Germany
TXN-4A004C8F-BC0,INR,Completed,2024-01-29,Switzerland
TXN-0A8E5860-255,CAD,Failed,2024-06-28,Switzerland
TXN-7F831733-C1A,AUD,Failed,2024-01-11,South Africa
TXN-4C42B24D-2E9,USD,Processing,2024-12-12,Sri Lanka
TXN-953CEBB9-C4E,AUD,Refunded,2024-06-02,United States
TXN-9FF4841C-7BB,INR,Cancelled,2024-07-29,Italy
TXN-64CEA7E8-FBA,LKR,Failed,2024-02-02,Spain
TXN-EFA2BA0C-5D8,LKR,Cancelled,2023-11-01,Australia
TXN-F33D4CBA-61E,AED,Cancelled,2023-03-07,South Africa
TXN-51DD5B6E-4EE,CHF,Pending,2023-03-25,UAE
TXN-BF86DC9A-758,JPY,Pending,2024-10-31,Germany
TXN-751DA2A5-7AA,CAD,Cancelled,2024-06-19,Japan
TXN-12C5590E-4B7,AUD,Refunded,2024-03-11,Australia
TXN-4F1B455F-DA1,CHF,Pending,2024-02-08,Spain
TXN-CB2A7988-7E6,JPY,Refunded,2024-03-30,Japan
TXN-E17D406D-185,SGD,Processing,2024-07-09,India
TXN-361EE1FC-E4E,INR,Completed,2023-07-09,Norway
TXN-28457F28-854,USD,Pending,2024-09-09,Australia
TXN-DD26C398-54E,INR,Cancelled,2024-10-30,United Kingdom
TXN-DE11D5F6-C97,AUD,Pending,2023-07-27,Sweden
TXN-DA48F470-417,USD,Completed,2023-11-01,Brazil
TXN-594F2C63-CC7,AUD,Processing,2023-04-14,Singapore
TXN-FCC5BAAA-E51,CHF,Processing,2024-01-21,Italy
TXN-2EE07EB3-C04,SGD,Processing,2024-03-02,China
TXN-20647F2F-79B,AED,Failed,2024-09-29,Switzerland
TXN-0C157766-012,SGD,Processing,2024-07-09,China
TXN-950D98BC-C17,INR,Completed,2023-06-01,Spain
TXN-3E9D142F-514,AUD,Refunded,2023-06-16,Sri Lanka
TXN-5A412A10-2CE,CAD,Processing,2023-04-14,UAE
TXN-8310DEFD-DEE,USD,Pending,2024-09-18,Germany
TXN-B9D7A231-A0F,SGD,Refunded,2024-02-19,China
TXN-51174883-846,LKR,Pending,2023-09-28,Netherlands
TXN-BDAA20C0-91C,INR,Cancelled,2024-08-14,Canada
TXN-FA323884-94D,AED,Failed,2024-06-25,United Kingdom
TXN-C08014ED-085,EUR,Cancelled,2023-03-29,United Kingdom
TXN-1773D669-02C,USD,Processing,2023-01-05,South Africa
TXN-547102F4-43F,GBP,Completed,2024-05-25,United Kingdom
TXN-6CB95171-C66,CHF,Processing,2024-02-09,Spain
TXN-D34A900D-E7B,AED,Completed,2024-05-26,UAE
TXN-0AE163FB-424,JPY,Cancelled,2023-07-16,Singapore
TXN-DC533A28-0C2,AUD,Pending,2023-11-28,Norway
TXN-D90A37D4-7DE,CHF,Processing,2024-10-10,France
TXN-91C16FDF-47E,AUD,Pending,2024-01-21,Norway
TXN-CBBB9086-9FB,GBP,Refunded,2024-04-30,Germany
TXN-F93F8304-6D2,SGD,Pending,2024-01-04,Spain
TXN-31CEB50D-494,AED,Refunded,2023-11-01,South Africa
TXN-A9B79447-673,AUD,Completed,2023-12-26,China
TXN-BFF81CFD-158,CAD,Failed,2024-09-14,UAE
TXN-D2DC7C5A-EDD,EUR,Completed,2023-12-30,Canada
TXN-79F71FCC-4ED,INR,Cancelled,2024-03-21,Japan
TXN-230F5114-9CE,SGD,Completed,2024-01-16,Brazil
TXN-5818058D-79A,EUR,Cancelled,2024-06-06,Germany
TXN-5010DE90-A17,LKR,Processing,2023-01-16,UAE
TXN-1BE6FC17-FD9,USD,Completed,2023-06-02,United Kingdom
TXN-A4BFFA54-1F0,JPY,Completed,2024-01-13,Netherlands
TXN-917358F4-EED,AUD,Refunded,2024-06-18,France
TXN-067743BA-B8E,CNY,Refunded,2023-02-17,UAE
TXN-DF808EA1-D97,CNY,Pending,2023-06-22,South Africa
TXN-27604236-7C1,EUR,Completed,2024-10-15,Sri Lanka
TXN-B97B3C04-479,GBP,Pending,2024-08-21,UAE
TXN-87CF0356-1AF,AUD,Processing,2023-03-04,Switzerland
TXN-91B48744-720,CHF,Processing,2023-05-11,Sweden
TXN-F2B65FBA-037,USD,Processing,2023-11-08,Singapore
TXN-5DD05366-BD3,INR,Processing,2023-10-20,Japan
TXN-D9FC3F5B-348,SGD,Refunded,2023-10-14,Singapore
TXN-FC44CB33-8EC,CAD,Cancelled,2024-10-19,Switzerland
TXN-5C4B15AF-314,EUR,Failed,2023-03-03,UAE
TXN-2C79AD6B-5B9,SGD,Processing,2024-09-02,Spain
TXN-4C1046EE-8D0,EUR,Failed,2023-11-09,Australia
TXN-BD6A0697-050,CHF,Pending,2023-02-06,India
TXN-872CEAB0-626,SGD,Refunded,2023-06-14,South Africa
TXN-C4A6DCBE-0F7,CAD,Failed,2023-04-25,Spain
TXN-E4537434-6CF,GBP,Completed,2024-01-31,Germany
TXN-D4815F38-843,AED,Failed,2023-12-19,Australia
TXN-1EAA5A70-0CE,EUR,Completed,2023-11-03,Canada
TXN-0E8FFF7D-7A9,USD,Failed,2023-05-07,Switzerland
TXN-FBC51668-EE1,LKR,Completed,2023-12-09,France
TXN-F99B41AE-F77,SGD,Cancelled,2023-06-11,Sri Lanka
TXN-AA3D41D7-F3A,JPY,Completed,2024-12-21,Italy
TXN-C151FBF9-A28,SGD,Pending,2023-08-13,United Kingdom
TXN-48441058-2C5,USD,Cancelled,2023-01-11,South Africa
TXN-7D039F24-93D,INR,Failed,2024-07-03,Italy
TXN-D99E20E7-C0A,AUD,Failed,2023-06-20,Netherlands
TXN-72D8D146-806,GBP,Completed,2024-04-03,Germany
TXN-F66010D3-B12,AUD,Pending,2024-08-08,Sri Lanka
TXN-A6592B90-824,AED,Failed,2023-03-27,Canada
TXN-CECBBA5B-484,CAD,Processing,2023-08-16,United Kingdom
TXN-A1D158DB-98D,INR,Cancelled,2023-05-12,Sri Lanka
TXN-B5C11971-4B1,CAD,Processing,2023-03-14,Australia
TXN-6F6D97C6-790,CHF,Cancelled,2023-12-26,Brazil
TXN-70C8A04A-BCA,EUR,Processing,2023-06-09,United Kingdom
TXN-CF51C9DE-E6F,LKR,Refunded,2024-04-16,India
TXN-81C0AE53-17C,CAD,Cancelled,2023-11-22,Japan
TXN-FAA4E389-65A,GBP,Processing,2024-09-17,UAE
TXN-2583E50F-CA5,USD,Pending,2023-10-27,South Africa
TXN-E88D2F8F-437,GBP,Cancelled,2023-08-08,Spain
TXN-CED7E419-F4F,CHF,Processing,2023-10-05,Brazil
TXN-928D7A9A-64A,CAD,Refunded,2024-04-14,Sri Lanka
TXN-AE95D63C-696,SGD,Completed,2024-05-05,Italy
TXN-3AA12A82-84F,INR,Refunded,2023-12-11,Netherlands
TXN-72C13B7C-A37,CAD,Pending,2023-05-19,Australia
TXN-23949105-4C5,CHF,Cancelled,2024-09-23,Australia
TXN-1757F3DB-B03,USD,Completed,2024-11-15,Sweden
TXN-45A3FB69-CE5,CHF,Failed,2024-02-05,UAE
TXN-BF2F4517-4EA,CHF,Refunded,2024-06-23,Germany
TXN-2048EA95-5E0,INR,Completed,2024-10-19,Switzerland
TXN-F3D1D75E-587,JPY,Pending,2024-01-16,UAE
TXN-E7B9FA9F-815,USD,Cancelled,2024-10-17,Canada
TXN-5BC8C488-FB2,SGD,Processing,2024-01-28,Switzerland
TXN-53CBD7A8-AF5,CAD,Cancelled,2023-04-28,Singapore
TXN-BFA41F2A-582,AUD,Refunded,2024-04-27,Sri Lanka
TXN-3CC02EA3-5F5,SGD,Refunded,2023-03-31,UAE
TXN-D7E2E288-341,CNY,Cancelled,2023-05-23,Norway
TXN-BBF0B3E3-52A,JPY,Cancelled,2024-09-12,France
TXN-43DDF5E6-6EB,CNY,Processing,2024-11-07,Australia
TXN-25458652-50E,INR,Failed,2023-11-19,France
TXN-B546A760-BD5,CNY,Pending,2024-03-01,Sweden
TXN-724E7334-59F,AED,Processing,2024-11-25,Canada
TXN-149D04A9-9F3,USD,Completed,2023-04-25,South Africa
TXN-FF366091-B79,USD,Refunded,2023-08-03,Singapore
TXN-5D690A9D-19B,AED,Failed,2023-06-27,France
TXN-C1B6287B-A1A,EUR,Failed,2023-04-01,Netherlands
TXN-9C588ED8-71D,JPY,Completed,2023-04-11,Norway
TXN-6E521BF3-5B7,USD,Pending,2024-06-24,Singapore
TXN-9EC6AC1F-034,JPY,Processing,2024-06-19,France
TXN-9B55B87A-A4D,JPY,Pending,2023-03-29,Japan
TXN-A6D64C4E-C24,EUR,Cancelled,2023-08-09,UAE
TXN-C34832CA-38D,JPY,Failed,2023-01-27,Canada
TXN-71A412D4-9D6,CAD,Refunded,2023-12-31,Sweden
TXN-CC30B7E6-18F,CNY,Completed,2023-10-31,Norway
TXN-5813D397-2AD,INR,Processing,2024-02-27,China
TXN-A42089B2-8E4,CHF,Failed,2023-08-12,Netherlands
TXN-2166D8F2-E6B,AED,Processing,2023-01-07,Australia
TXN-944D267D-8C6,SGD,Cancelled,2023-02-28,Netherlands
TXN-4C0AAA8C-AEC,JPY,Completed,2023-12-13,Sri Lanka
TXN-6C714451-281,CAD,Cancelled,2024-02-28,Brazil
TXN-7646AC1E-C8A,EUR,Processing,2023-11-23,China
TXN-B695AABC-853,INR,Processing,2023-07-26,Singapore
TXN-BF198F03-9E6,CHF,Cancelled,2024-10-18,China
TXN-5D1D9E6F-72C,AED,Refunded,2024-08-27,Norway
TXN-E78590F3-FEE,CHF,Pending,2024-07-30,France
TXN-8B4FD453-584,EUR,Cancelled,2023-01-05,United States
TXN-2971B097-D15,SGD,Failed,2023-09-07,Brazil
TXN-9E2551B9-698,INR,Completed,2023-03-02,United Kingdom
TXN-ECFDD41B-AAE,USD,Completed,2023-03-12,China
TXN-300FF1CF-C24,USD,Cancelled,2023-04-15,Brazil
TXN-13E6D305-6B0,SGD,Refunded,2023-07-20,United Kingdom
TXN-96C043F4-6A2,JPY,Pending,2024-05-19,United States
TXN-BA74FFC1-DA6,AED,Cancelled,2023-04-18,Singapore
TXN-A4BC0D64-393,USD,Failed,2024-04-17,Netherlands
TXN-614EA861-83A,GBP,Failed,2024-04-02,Sweden
TXN-0EBCF0B0-E35,AED,Pending,2024-08-20,Brazil
TXN-8BE81A6C-BD7,JPY,Refunded,2024-11-05,Sweden
TXN-2310F6D2-F1C,GBP,Refunded,2023-12-07,Australia
TXN-A2224260-553,CAD,Processing,2024-10-06,France
TXN-7CE2683C-31F,CHF,Refunded,2023-06-08,South Africa
TXN-67A52333-4F8,CNY,Failed,2023-11-04,China
TXN-5BA30D09-755,LKR,Refunded,2023-12-15,Netherlands
TXN-A3BD05E0-AC7,INR,Failed,2023-07-02,Switzerland
TXN-20E22CC4-0E8,AUD,Pending,2024-10-15,United States
TXN-0F64BA74-B14,AUD,Failed,2023-01-18,United States
TXN-B370FC5C-ABA,CNY,Refunded,2024-01-27,Japan
TXN-B7614BBE-EDC,AED,Failed,2024-04-12,United Kingdom
TXN-BA724ADD-BA7,LKR,Refunded,2024-09-09,South Africa
TXN-017BCB44-C65,SGD,Failed,2024-09-25,United Kingdom
TXN-111A5C32-119,CHF,Failed,2024-05-02,Netherlands
TXN-6BEBCE4E-293,AED,Cancelled,2023-01-28,Spain
TXN-547A9AC7-9F4,USD,Failed,2024-03-10,UAE
TXN-636A463A-5EB,LKR,Pending,2024-08-01,United Kingdom
TXN-E0028581-67C,USD,Failed,2023-05-15,India
TXN-9CAB5672-6C5,INR,Failed,2023-05-09,Switzerland
TXN-5F73A845-57E,AUD,Failed,2023-01-04,Germany
TXN-38C813B0-E69,CAD,Failed,2023-09-03,Sweden
TXN-AF9CD2C4-DFF,GBP,Pending,2024-07-09,South Africa
TXN-58A6BFD8-756,INR,Pending,2024-09-29,United Kingdom
TXN-E675DACF-62F,SGD,Refunded,2023-11-30,Germany
TXN-C4944E60-EE3,SGD,Processing,2023-06-25,Netherlands
TXN-4CB2741D-F32,JPY,Refunded,2023-10-01,Switzerland
TXN-4704512B-F12,CHF,Cancelled,2023-08-19,Norway
TXN-A1FDEB37-CD7,EUR,Failed,2023-06-26,Norway
TXN-18225E29-242,EUR,Cancelled,2023-08-28,United Kingdom
TXN-CDBB31F3-AFF,EUR,Refunded,2023-07-06,UAE
TXN-A28C7EFA-122,AUD,Pending,2023-11-24,Canada
TXN-D1B78B62-73C,AED,Completed,2024-02-04,India
TXN-53C04CED-E67,JPY,Failed,2023-10-17,Switzerland
TXN-4BFD2168-945,GBP,Completed,2024-04-16,Singapore
TXN-95DCCCE5-21C,EUR,Completed,2024-04-21,Netherlands
TXN-779661BB-6EA,USD,Completed,2024-06-15,Japan
TXN-05D0840F-24F,SGD,Completed,2024-11-20,Japan
TXN-1FAA9651-069,CAD,Failed,2024-10-17,Sri Lanka
TXN-4E9C8F7E-627,USD,Refunded,2023-09-14,Switzerland
TXN-77AD3F73-891,CHF,Failed,2024-04-18,Switzerland
TXN-9B90C758-A74,EUR,Cancelled,2024-12-06,Netherlands
TXN-3938671E-23D,CAD,Failed,2024-04-24,Japan
TXN-2477AECB-C8C,EUR,Failed,2023-10-01,Italy
TXN-46681641-8FC,JPY,Pending,2024-04-25,India
TXN-160E5024-E6E,AUD,Failed,2024-11-10,Netherlands
TXN-0256A2E3-177,GBP,Completed,2023-02-15,Spain
TXN-B40E8F25-164,JPY,Completed,2024-03-18,Germany
TXN-89B049D7-79A,GBP,Cancelled,2024-05-10,Germany
TXN-291487FC-4D7,AUD,Failed,2023-12-11,Germany
TXN-3B3F19BE-C6A,JPY,Cancelled,2024-09-10,South Africa
TXN-E421391E-A8F,AUD,Processing,2023-07-01,Canada
TXN-E1624126-01E,JPY,Pending,2023-09-05,Norway
TXN-49EABE7A-47A,SGD,Cancelled,2023-06-27,Japan
TXN-67B82947-AA0,INR,Refunded,2024-12-18,Sweden
TXN-3E296813-FD7,GBP,Refunded,2023-05-31,UAE
TXN-31CEEA96-0EC,USD,Completed,2023-09-09,United States
TXN-EC46C8A8-0FD,USD,Failed,2023-08-09,Norway
TXN-73C62EFF-454,AED,Cancelled,2024-09-22,India
TXN-0A35D43A-311,AED,Failed,2024-10-20,Canada
TXN-0C127B39-690,CAD,Cancelled,2024-07-23,United States
TXN-18F17190-4E0,CNY,Pending,2023-06-16,Brazil
TXN-0B03E642-6B0,INR,Cancelled,2023-01-11,Sri Lanka
TXN-7C376D7A-D18,JPY,Completed,2023-05-04,Germany
TXN-A40CBC6B-E03,LKR,Refunded,2023-03-17,Japan
TXN-CADF42D6-85A,JPY,Refunded,2023-02-03,Germany
TXN-B2686DE5-48E,GBP,Pending,2024-06-17,Netherlands
TXN-7E012656-982,AUD,Failed,2024-11-20,Italy
TXN-DABD37B3-A3A,INR,Cancelled,2023-08-01,Australia
TXN-F7C43A91-F63,USD,Pending,2023-11-09,Singapore
TXN-EF75BFBF-418,INR,Pending,2024-05-25,Japan
TXN-A7474218-6AF,AUD,Completed,2023-08-09,Singapore
TXN-A1B35C14-890,AED,Completed,2024-06-19,United States
TXN-BF47F081-FCE,CHF,Processing,2023-04-23,Italy
TXN-797A1EBB-229,EUR,Completed,2023-08-28,Canada
TXN-77DB50D3-725,CNY,Refunded,2023-06-17,Australia
TXN-D0E7847D-C51,INR,Pending,2023-06-09,Italy
TXN-6E4F0C81-382,CAD,Cancelled,2024-06-22,Brazil
TXN-D1DE40C8-245,CAD,Refunded,2024-08-24,Switzerland
TXN-D08EFA7C-BB1,CHF,Completed,2024-10-21,Canada
TXN-96429C38-7AA,LKR,Completed,2024-06-03,Sweden
TXN-F6520823-120,SGD,Pending,2023-07-01,Canada
TXN-911B9A61-4D0,CHF,Completed,2024-10-09,Germany
TXN-B387933F-E7E,AED,Pending,2024-03-31,Singapore
TXN-F5A6A639-B1F,LKR,Failed,2024-10-07,Australia
TXN-D5F6FA40-A56,SGD,Processing,2024-04-13,Spain
TXN-4BB25C80-CE3,AED,Processing,2024-02-25,India
TXN-37B73BBF-3EB,CHF,Processing,2023-08-22,South Africa
TXN-C498D3EF-D10,AUD,Refunded,2024-07-05,Brazil
TXN-67799B4F-0DD,CHF,Pending,2024-07-23,UAE
TXN-7FC88C54-DF2,EUR,Failed,2023-06-02,Japan
TXN-6360CAB1-C5B,JPY,Completed,2024-11-21,Italy
TXN-B59085AB-CF9,JPY,Processing,2023-02-20,United Kingdom
TXN-1F8663D5-69D,AUD,Cancelled,2023-12-10,Sweden
TXN-D28B9E8F-A22,USD,Refunded,2023-03-03,Switzerland
TXN-8D50D4C4-DE4,USD,Completed,2023-09-01,France
TXN-8A1674EE-E3B,CHF,Completed,2023-12-04,UAE
TXN-4CB1E94F-AED,SGD,Completed,2024-04-26,Switzerland
TXN-328D97D4-8DB,AED,Failed,2024-08-12,Germany
TXN-07B2BC42-BD8,EUR,Pending,2023-01-11,China
TXN-55977125-068,AED,Refunded,2023-02-05,Canada
TXN-9C05693A-61B,CAD,Refunded,2024-06-02,Spain
TXN-45ABA7F0-DAF,USD,Processing,2023-07-22,United Kingdom
TXN-89C10162-047,AUD,Cancelled,2023-06-14,Canada
TXN-6F564105-C6F,AED,Pending,2023-08-03,South Africa
TXN-46ABCAB5-9EC,LKR,Refunded,2023-03-22,Switzerland
TXN-CC4F3084-B8D,CNY,Refunded,2023-01-09,United Kingdom
TXN-D5CECD4F-534,INR,Refunded,2024-06-18,Singapore
TXN-878FE61F-C9E,CAD,Refunded,2023-11-10,China
TXN-FF28071E-045,AUD,Completed,2024-06-11,Australia
TXN-97BF683C-467,LKR,Pending,2024-08-27,Spain
TXN-95EB4BBF-0A0,JPY,Refunded,2024-01-16,South Africa
TXN-F25A39AA-293,GBP,Processing,2024-10-11,Brazil
TXN-BCD2CD46-672,SGD,Cancelled,2023-10-09,Sri Lanka
TXN-EAB78799-7EA,USD,Failed,2023-07-23,China
TXN-169A8A7D-CF0,EUR,Failed,2024-11-05,France
TXN-154D30EC-520,AED,Processing,2024-02-06,Netherlands
TXN-4C100BE2-77C,INR,Failed,2024-02-08,Netherlands
TXN-F971A0D0-993,JPY,Processing,2023-03-05,Italy
TXN-F73F5C55-485,CAD,Refunded,2023-08-11,Singapore
TXN-922EDD92-123,CNY,Refunded,2024-06-22,Spain
TXN-FFD45799-ABC,EUR,Cancelled,2024-10-06,Netherlands
TXN-79CEC129-91C,GBP,Processing,2023-07-04,UAE
TXN-C55E43B7-542,LKR,Cancelled,2024-11-02,Norway
TXN-AD45B4FC-85D,AED,Completed,2024-03-14,Italy
TXN-DDFDE186-DAA,CHF,Processing,2023-10-11,Sri Lanka
TXN-54F32B82-158,AED,Failed,2024-01-29,China
TXN-F3FF55C7-90D,CAD,Completed,2024-07-14,Canada
TXN-1E335F4B-31E,CHF,Cancelled,2024-01-22,United States
TXN-A50574DB-787,AED,Failed,2023-12-27,South Africa
TXN-9694242D-B1E,AUD,Failed,2024-04-28,Australia
TXN-13034883-722,LKR,Completed,2024-06-01,Italy
TXN-FBC03C57-997,AUD,Failed,2024-01-01,Spain
TXN-C8C49B35-761,CHF,Completed,2024-12-01,Spain
TXN-5A4A8A73-F7E,INR,Refunded,2024-05-12,Switzerland
TXN-E9528A53-96B,GBP,Completed,2024-07-01,Italy
TXN-DEAF158D-FB1,SGD,Pending,2024-07-07,Australia
TXN-5F99361B-337,AED,Cancelled,2024-10-15,Italy
TXN-EFBBFD00-AF0,LKR,Pending,2023-06-09,Canada
TXN-B2D8DC7F-CA4,JPY,Refunded,2024-05-03,Sri Lanka
TXN-66142710-EF3,AED,Refunded,2024-04-16,South Africa
TXN-640E42C7-76A,CHF,Completed,2024-02-22,Germany
TXN-D70EFAC4-199,GBP,Pending,2024-07-07,Brazil
TXN-B0842F49-428,AED,Pending,2023-08-26,United States
TXN-83435411-671,CHF,Cancelled,2024-12-05,Netherlands
TXN-E8481615-8A9,CHF,Refunded,2023-05-24,United Kingdom
TXN-62F15152-A09,LKR,Refunded,2023-01-05,Sweden
TXN-B8020BA9-60B,AUD,Pending,2024-07-03,Germany
TXN-1412DF1D-62C,INR,Failed,2024-01-05,Singapore
TXN-C44FC830-808,SGD,Pending,2023-02-17,Switzerland
TXN-1B3FEB47-769,GBP,Processing,2024-11-08,UAE
TXN-ABED523D-4FD,GBP,Failed,2024-05-30,Singapore
TXN-D05CC168-70F,CHF,Completed,2024-01-08,China
TXN-89B94E2E-460,AUD,Cancelled,2024-10-26,Norway
TXN-8A745E68-68F,SGD,Completed,2024-06-30,Japan
TXN-F4DC8726-544,AUD,Cancelled,2023-06-16,Switzerland
TXN-7A737D08-130,GBP,Completed,2024-12-16,Sri Lanka
TXN-196419C8-0A0,INR,Completed,2023-02-08,Australia
TXN-F41B0AC6-926,CAD,Cancelled,2023-10-24,South Africa
TXN-07F54E5A-EFF,LKR,Completed,2023-01-08,France
TXN-2243CC4C-266,SGD,Processing,2024-07-25,Netherlands
TXN-368A04F1-69E,INR,Refunded,2024-08-17,Germany
TXN-8D535FAA-185,CAD,Failed,2023-08-17,India
TXN-E401E1ED-FBA,JPY,Processing,2024-06-21,United Kingdom
TXN-29D865A3-C5C,CHF,Completed,2024-08-11,UAE
TXN-DC647D10-2CC,AED,Failed,2023-03-31,United States
TXN-B113E288-EFE,AUD,Cancelled,2023-06-16,South Africa
TXN-4BF23A75-5C4,AED,Pending,2024-02-13,Spain
TXN-6D679B67-00B,AED,Cancelled,2023-02-21,Germany
TXN-3230424B-1B9,AED,Cancelled,2024-03-27,Netherlands
TXN-ACEB08F3-283,AUD,Failed,2024-08-17,South Africa
TXN-B0277851-0BF,AED,Pending,2024-10-15,France
TXN-368DAC60-5BB,GBP,Refunded,2024-07-05,Canada
TXN-F0D43291-A7D,AUD,Pending,2024-06-11,France
TXN-3C8E63F3-57F,AUD,Completed,2023-06-15,India
TXN-68A0F473-6CA,SGD,Failed,2023-09-01,Norway
TXN-6484130A-AA1,CAD,Completed,2024-08-07,Germany
TXN-0230C852-2FF,EUR,Cancelled,2024-05-24,Netherlands
TXN-C0447A49-C11,AUD,Pending,2024-04-06,United States
TXN-44BAB605-F9A,GBP,Completed,2023-02-14,UAE
TXN-3B94FE5F-7CD,CAD,Processing,2024-08-31,UAE
TXN-99BD0ACC-B21,GBP,Pending,2023-11-15,Singapore
TXN-3CF4D972-231,EUR,Processing,2023-04-12,UAE
TXN-C63FBD04-CD5,SGD,Refunded,2023-01-31,Spain
TXN-3E05412D-7D8,USD,Failed,2023-07-27,United States
TXN-B61EB882-565,EUR,Completed,2023-03-07,Brazil
TXN-813DDBC6-E7A,INR,Cancelled,2024-06-30,Norway
TXN-503B1E31-186,AUD,Completed,2023-07-10,Switzerland
TXN-FFD496C5-1AD,EUR,Processing,2024-11-10,Sweden
TXN-049220C6-E98,LKR,Processing,2023-06-05,France
TXN-B3E0528D-0CC,GBP,Pending,2023-08-02,France
TXN-A7D8A027-D23,EUR,Completed,2024-06-21,Germany
TXN-71BD7AB4-6B3,CHF,Cancelled,2023-07-03,Sweden
TXN-E354E6A3-C63,INR,Cancelled,2023-10-31,United Kingdom
TXN-A0EF0982-779,AED,Completed,2024-07-09,Italy
TXN-0914CB43-43A,CNY,Pending,2023-11-10,Germany
TXN-CF3E3A4E-D8E,CHF,Refunded,2024-06-14,Italy
TXN-881E3342-17E,USD,Processing,2023-11-30,Brazil
TXN-EE141805-E6A,AUD,Failed,2023-05-14,United Kingdom
TXN-4BF8E13E-CE2,JPY,Processing,2023-12-26,Brazil
TXN-607BC74B-438,INR,Failed,2023-02-23,Australia
TXN-AA5F6AF6-E7A,CAD,Pending,2024-01-21,Germany
TXN-E8CDD387-A71,GBP,Failed,2023-12-07,Australia
TXN-5EA6BB1E-FFE,GBP,Processing,2024-05-28,UAE
TXN-B8FE7E1C-1A9,AUD,Failed,2024-10-23,Spain
TXN-E8B69DE5-EF6,SGD,Processing,2023-04-09,Norway
TXN-44D74A0B-2F2,CAD,Cancelled,2023-04-03,Japan
TXN-1D1F4B1E-927,CAD,Failed,2023-12-15,Norway
TXN-57F0B350-D04,INR,Pending,2023-04-21,Australia
TXN-3D03F456-7ED,USD,Failed,2024-08-24,Japan
TXN-4379BF2E-6CE,CAD,Failed,2023-06-17,UAE
TXN-0AD84B5A-57C,USD,Refunded,2024-10-05,Canada
TXN-634A68DC-F1A,SGD,Pending,2023-07-04,China
TXN-9E313948-6A6,GBP,Completed,2023-10-22,Sri Lanka
TXN-CD38E2C4-926,AED,Pending,2024-05-17,Italy
TXN-170C9DF4-29F,CAD,Processing,2023-02-04,India
TXN-E3A187E4-107,LKR,Refunded,2023-11-03,Switzerland
TXN-7BA65958-A2A,CHF,Pending,2024-12-29,China
TXN-E5C36A50-5ED,AUD,Cancelled,2024-05-17,Sri Lanka
TXN-76DF25FF-E12,LKR,Pending,2023-05-19,UAE
TXN-EE773B32-E90,AED,Refunded,2024-04-24,UAE
TXN-9365A036-963,CHF,Completed,2024-01-21,UAE
TXN-81681CB2-45D,GBP,Cancelled,2023-01-22,Switzerland
TXN-FC73D96E-1F1,CNY,Completed,2023-03-01,United States
TXN-A83F1A38-33B,AUD,Cancelled,2024-07-27,France
TXN-3CF62F73-1A4,EUR,Refunded,2024-01-30,United Kingdom
TXN-E296FDDB-B5C,GBP,Completed,2024-12-24,India
TXN-88CF3C8B-972,JPY,Refunded,2023-08-25,Japan
TXN-EB3621B1-688,SGD,Cancelled,2024-05-18,Netherlands
TXN-07C24C96-1F2,INR,Refunded,2023-06-07,Australia
TXN-64873FD8-9CC,GBP,Cancelled,2023-04-30,China
TXN-8A0951F8-BCC,GBP,Cancelled,2024-12-18,Switzerland
TXN-B632ADE3-15A,AED,Pending,2023-11-14,Germany
TXN-A03FE6A8-79F,JPY,Cancelled,2023-09-09,Canada
TXN-CA1B63FB-5D9,CAD,Refunded,2024-11-11,Italy
TXN-7BE9EEF6-990,GBP,Pending,2024-07-03,Switzerland
TXN-003A292F-23F,AED,Processing,2023-08-30,Spain
TXN-9866FCC7-BF3,CHF,Processing,2024-03-30,South Africa
TXN-F0F70074-438,GBP,Pending,2024-07-20,Italy
TXN-001DA9E9-3C5,CNY,Failed,2024-06-18,Germany
TXN-E9E119BF-0F5,SGD,Processing,2024-12-01,Brazil
TXN-C3ED0CDF-205,CNY,Pending,2024-11-11,Switzerland
TXN-281AF486-B38,EUR,Pending,2023-08-14,United States
TXN-54A33A5A-902,LKR,Processing,2024-11-12,Japan
TXN-4ADAD990-6ED,EUR,Pending,2024-08-25,Germany
TXN-AE8AC6C2-725,CNY,Cancelled,2024-08-11,Netherlands
TXN-92C692B1-070,CHF,Failed,2023-04-01,Germany
TXN-B362EBCB-A4D,JPY,Pending,2024-10-24,Canada
TXN-7FB09B71-932,GBP,Processing,2023-08-29,France
TXN-55790BB7-375,CNY,Refunded,2023-09-25,Spain
TXN-6B21062A-061,INR,Processing,2023-05-19,China
TXN-CEF57C0C-608,INR,Refunded,2024-08-18,UAE
TXN-11C0039F-567,SGD,Processing,2023-07-11,Sweden
TXN-212B167D-E2A,AED,Processing,2024-03-02,China
TXN-52D46235-805,SGD,Completed,2023-08-27,France
TXN-403F5389-7DD,AED,Failed,2023-02-16,Brazil
TXN-2F9F0E54-556,AUD,Pending,2024-05-24,India
TXN-DF347CEF-003,AED,Cancelled,2023-10-02,Singapore
TXN-94B8E7DC-930,AED,Pending,2023-07-02,Spain
TXN-98F0F80C-081,SGD,Pending,2024-02-10,United States
TXN-A8B09F9E-843,CNY,Refunded,2024-04-01,Netherlands
TXN-25915C93-445,GBP,Pending,2024-07-15,Australia
TXN-66584185-749,CNY,Cancelled,2023-12-25,Norway
TXN-1E08DAFD-E2E,CNY,Cancelled,2024-08-02,Brazil
TXN-29528F3F-438,LKR,Processing,2024-10-19,Brazil
TXN-60F2B7EB-476,SGD,Processing,2023-09-17,Singapore
TXN-0469F022-45E,CAD,Processing,2023-02-16,Sri Lanka
TXN-D9B5BC56-BC2,LKR,Pending,2023-12-19,Spain
TXN-AAF9C9A3-D0D,AED,Processing,2024-01-19,UAE
TXN-6B6857C1-9E7,SGD,Cancelled,2023-01-26,Singapore
TXN-DDA2C601-005,CHF,Refunded,2023-11-24,Japan
TXN-600A62C2-1DE,JPY,Completed,2023-06-18,Canada
TXN-C9D958F9-222,CAD,Cancelled,2023-01-07,Italy
TXN-F2A855A5-C0C,INR,Refunded,2024-04-01,United States
TXN-2F8BC628-ED9,AUD,Completed,2023-12-02,India
TXN-7E7C5A7F-FBC,USD,Refunded,2024-02-23,France
TXN-BA980B55-59A,JPY,Pending,2023-04-16,India
TXN-3677A026-A94,EUR,Completed,2023-07-26,Brazil
TXN-D311B797-E38,CHF,Processing,2024-10-17,UAE
TXN-82330EA5-759,GBP,Completed,2023-05-31,India
TXN-03A0C2D7-820,EUR,Refunded,2024-01-27,United States
TXN-B796BC49-209,AED,Failed,2024-03-12,Sri Lanka
TXN-89FBF174-9F5,AUD,Pending,2023-08-23,China
TXN-B49F7254-8C3,CHF,Pending,2024-04-26,Switzerland
TXN-6154577D-C1A,EUR,Pending,2023-09-06,France
TXN-BA01618E-5E6,EUR,Failed,2024-07-26,Sweden
TXN-B109BC03-8DF,USD,Processing,2024-05-29,Brazil
TXN-6F33059C-C2A,CAD,Pending,2023-04-19,Sweden
TXN-16D5603C-AEB,SGD,Completed,2024-04-11,France
TXN-FDC40C75-B7E,LKR,Cancelled,2024-08-05,Brazil
TXN-0A744573-885,JPY,Refunded,2024-11-14,Germany
TXN-837666F9-917,AED,Completed,2023-05-17,Norway
TXN-491E6B45-C96,CAD,Refunded,2024-05-14,Norway
TXN-2B3E67FC-FCF,CAD,Processing,2023-11-28,United States
TXN-F773D1CA-2D7,CHF,Cancelled,2023-09-24,United States
TXN-C395C442-66D,CAD,Failed,2024-12-10,China
TXN-3AD2B36F-B10,USD,Refunded,2023-05-24,Australia
TXN-95F6A4A2-D35,SGD,Cancelled,2024-03-12,United States
TXN-84DF6C50-099,LKR,Refunded,2024-12-12,Canada
TXN-DE190552-BF0,AUD,Refunded,2024-07-24,South Africa
TXN-E3411048-ECD,USD,Refunded,2024-11-02,Sri Lanka
TXN-D1B1D5B7-E7A,CNY,Processing,2024-05-13,Sweden
TXN-CDCB9C07-962,GBP,Pending,2024-09-25,Germany
TXN-AE9BAC3C-28E,CHF,Completed,2024-06-13,Japan
TXN-2625E8CB-C16,LKR,Failed,2023-12-13,UAE
TXN-807BCB26-FFD,EUR,Pending,2023-02-24,Japan
TXN-C58C77ED-FE5,AED,Processing,2024-07-26,Canada
TXN-C856FC2E-954,LKR,Failed,2024-12-06,Sri Lanka
TXN-529EC655-0B5,CNY,Refunded,2023-02-16,Norway
TXN-F2820C63-EA9,AED,Completed,2024-02-11,Sweden
TXN-43346F26-F94,AUD,Failed,2023-01-08,Brazil
TXN-C85CBD2D-FC3,CNY,Processing,2024-05-27,Singapore
TXN-F6E013C4-D0E,CAD,Refunded,2024-09-23,United Kingdom
TXN-B8FBCFDC-CA4,SGD,Pending,2024-06-11,France
TXN-DE0953D7-56E,EUR,Failed,2023-01-30,UAE
TXN-93BCAAF7-6D3,CHF,Cancelled,2024-08-17,United States
TXN-87556CCB-3B5,SGD,Processing,2024-10-19,Switzerland
TXN-D39CE79B-EEF,SGD,Refunded,2023-01-27,United States
TXN-8E9C365E-945,CHF,Completed,2024-10-03,Germany
TXN-64C91971-197,AUD,Processing,2024-05-15,South Africa
TXN-18695392-80F,AUD,Cancelled,2024-09-18,Netherlands
TXN-E9C26951-563,USD,Completed,2024-04-24,Brazil
TXN-F0266303-44C,SGD,Cancelled,2023-07-02,Italy
TXN-C5F267B0-9C9,AUD,Pending,2023-01-23,Norway
TXN-C5A250DC-304,LKR,Pending,2024-02-06,South Africa
TXN-AAFF0F95-EC4,LKR,Processing,2024-09-28,Australia
TXN-4DD93D02-361,INR,Failed,2024-08-01,Germany
TXN-605F5DD0-5CB,GBP,Completed,2024-04-12,Sri Lanka
TXN-9A6CA4A2-AF0,AED,Completed,2024-06-13,Australia
TXN-761747BE-036,EUR,Processing,2023-07-01,Sweden
TXN-03D22E9D-1FD,JPY,Cancelled,2023-08-28,Italy
TXN-CF6B2044-0B2,SGD,Cancelled,2024-09-06,Norway
TXN-0E18857F-A65,SGD,Refunded,2024-08-23,France
TXN-AB24E864-06E,USD,Failed,2023-01-29,Australia
TXN-0139934F-393,SGD,Pending,2024-10-03,France
TXN-535CB8FB-6AB,SGD,Failed,2024-08-01,India
TXN-7083B2D5-FBE,USD,Cancelled,2023-10-11,UAE
TXN-C5E1A2FC-6AD,CHF,Pending,2023-02-13,Australia
TXN-37A883B6-901,LKR,Pending,2024-12-19,India
TXN-522F6160-474,USD,Refunded,2024-08-15,Norway
TXN-33458E98-22C,GBP,Failed,2024-03-18,India
TXN-6AEE57AF-A45,CAD,Refunded,2024-03-30,UAE
TXN-239FCCB7-DFB,GBP,Failed,2023-06-26,Norway
TXN-074B636B-79E,AUD,Cancelled,2024-02-27,Australia
TXN-B5C7B50B-FCA,USD,Completed,2023-01-30,Sweden
TXN-A4AEC5C4-69E,AUD,Completed,2024-02-04,France
TXN-19D3866E-24D,CAD,Processing,2024-12-21,United States
TXN-FCA848E0-AB6,EUR,Processing,2024-04-05,Brazil
TXN-9D2436A8-E18,EUR,Processing,2023-11-06,Norway
TXN-B6C8F4F3-07D,JPY,Completed,2023-02-04,Norway
TXN-EA67C19F-AE4,AUD,Processing,2023-06-26,Sri Lanka
TXN-946E6FD4-6B5,EUR,Pending,2023-08-04,United States
TXN-9C351CDD-E0C,USD,Failed,2024-11-28,Germany
TXN-5CDBA71A-7B6,JPY,Processing,2024-10-09,Germany
TXN-2C9E6F00-6D3,LKR,Failed,2024-07-18,Canada
TXN-80C30CC9-55B,USD,Failed,2024-10-07,Singapore
TXN-F142840F-349,EUR,Failed,2023-04-22,Australia
TXN-3392CB32-879,SGD,Completed,2023-09-28,UAE
TXN-FBEB8D10-633,CNY,Completed,2024-11-06,South Africa
TXN-3E64FE56-5D4,CNY,Pending,2024-08-05,Netherlands
TXN-40E56759-094,INR,Pending,2024-10-13,Australia
TXN-27564619-057,INR,Refunded,2023-03-24,Italy
TXN-BCAE413E-222,CNY,Completed,2023-04-10,Italy
TXN-0836B782-B2E,EUR,Refunded,2024-10-21,South Africa
TXN-9869A34B-DDC,AUD,Cancelled,2024-08-12,United States
TXN-6F52CA2B-2A3,CAD,Refunded,2024-04-17,China
TXN-20E69253-349,CAD,Failed,2023-07-06,Canada
TXN-4B50AD11-DB0,INR,Cancelled,2024-02-01,UAE
TXN-6CC3ACA2-C6E,LKR,Refunded,2024-10-27,Singapore
TXN-584CD6A9-A35,AUD,Failed,2023-10-07,Canada
TXN-A16DE526-025,CAD,Cancelled,2024-12-15,Brazil
TXN-D5F9C4ED-077,EUR,Cancelled,2024-06-21,Brazil
TXN-E98EB67E-29B,LKR,Processing,2024-12-22,Spain
TXN-065537DB-689,INR,Refunded,2023-05-19,India
TXN-07E6A4C8-9C3,AED,Cancelled,2023-08-03,Norway
TXN-DEC9F67E-A67,AUD,Completed,2024-10-18,United States
TXN-C840916F-AAC,LKR,Completed,2023-06-21,Australia
TXN-AF58982B-D36,AUD,Refunded,2023-01-29,Canada
TXN-A73FDEC5-191,INR,Pending,2023-01-08,Spain
TXN-A57638E1-554,EUR,Failed,2023-02-12,Switzerland
TXN-7D412529-4F4,AUD,Failed,2023-06-19,Sri Lanka
TXN-F06840B0-35B,EUR,Pending,2023-10-21,Germany
TXN-67765CFF-504,EUR,Pending,2023-03-09,France
TXN-3F631469-B3E,SGD,Completed,2023-10-09,Singapore
TXN-14BF9D15-2D0,CHF,Cancelled,2023-05-03,Brazil
TXN-8EE8DEF8-944,EUR,Processing,2023-10-09,Norway
TXN-DDA8B38B-234,CAD,Completed,2023-07-27,Japan
TXN-FB9F8CA9-C44,GBP,Refunded,2023-01-18,China
TXN-7CDA3C6B-949,LKR,Completed,2024-08-12,Sri Lanka
TXN-BAC8B2DF-C29,EUR,Pending,2023-04-06,India
TXN-0085350A-586,LKR,Processing,2023-10-08,Brazil
TXN-D09749A2-1AC,EUR,Cancelled,2023-01-22,Norway
TXN-785C630A-787,GBP,Cancelled,2023-01-18,Sri Lanka
TXN-FE83E5A8-B4A,CHF,Cancelled,2023-04-07,Germany
TXN-F73F6076-692,GBP,Refunded,2023-05-16,Italy
TXN-44AF35E4-10F,EUR,Cancelled,2023-10-22,Brazil
TXN-70DB6579-9F1,AED,Completed,2023-05-05,Brazil
TXN-B639AF76-C14,AUD,Failed,2024-08-31,China
TXN-BEF56F45-B25,EUR,Pending,2023-06-04,China
TXN-05640D10-25D,JPY,Refunded,2023-04-12,Australia
TXN-55B9EEE3-4CD,EUR,Failed,2024-10-08,United States
TXN-12BFFA84-7E9,EUR,Refunded,2024-01-07,China
TXN-98AAB972-2C2,SGD,Refunded,2024-10-24,Singapore
TXN-7BBD3903-A9F,CAD,Refunded,2024-02-01,Australia
TXN-B7B33E42-2F2,AUD,Completed,2024-10-28,UAE
TXN-06D76873-698,LKR,Pending,2023-04-10,UAE
TXN-55D9FAFD-1FF,CHF,Cancelled,2023-12-09,Spain
TXN-FEB0D4D3-B28,JPY,Completed,2023-07-29,Japan
TXN-85E8968C-7C9,CHF,Completed,2023-02-22,Netherlands
TXN-88FC5265-3FE,SGD,Completed,2023-10-04,Sweden
TXN-4B950A40-6AF,GBP,Cancelled,2024-11-24,China
TXN-EABFF941-6EF,INR,Pending,2023-11-19,India
TXN-6F635223-8A5,SGD,Completed,2023-04-13,Spain
TXN-9B7B9AAB-9DA,CNY,Refunded,2024-03-27,South Africa
TXN-F09B42FA-B66,CHF,Cancelled,2023-06-30,Brazil
TXN-98AD72E0-1B2,LKR,Failed,2024-09-05,Italy
TXN-981C5F5D-3EB,CNY,Failed,2024-09-07,Brazil
TXN-033596AC-1BC,CNY,Processing,2024-03-25,United Kingdom
TXN-8116E6BE-A8A,CHF,Failed,2023-09-10,Canada
TXN-5DF82D46-B7E,JPY,Completed,2024-09-11,Brazil
TXN-48644E10-315,JPY,Completed,2024-11-19,China
TXN-AF5420BB-2B9,CAD,Failed,2024-11-08,Switzerland
TXN-637141FE-0B6,GBP,Cancelled,2024-11-20,UAE
TXN-C790BDFC-46C,LKR,Failed,2023-06-11,Japan
TXN-E8D68505-6F9,CNY,Refunded,2024-04-23,China
TXN-B29A25EF-6AE,AED,Cancelled,2023-04-10,Singapore
TXN-6D2CE63D-D7B,CHF,Pending,2024-01-25,Sweden
TXN-7B155FF1-5C8,CNY,Pending,2023-12-16,UAE
TXN-DB1C564D-317,USD,Pending,2023-03-01,Switzerland
TXN-84B06CF9-F59,CNY,Pending,2024-12-04,Sri Lanka
TXN-4F319ABE-0E4,AUD,Processing,2024-12-01,Sri Lanka
TXN-513A99DE-CA1,CNY,Completed,2023-01-01,France
TXN-E6C15F36-850,EUR,Failed,2024-01-31,United Kingdom
TXN-93CE7DBC-F9B,CAD,Pending,2024-01-11,Canada
TXN-32222CCB-66A,USD,Cancelled,2024-04-25,Germany
TXN-7DE0B776-5F1,INR,Processing,2023-06-03,Australia
TXN-B00FAD97-02C,AUD,Refunded,2024-06-03,Italy
TXN-40042C66-5A0,EUR,Pending,2024-02-20,Canada
TXN-B5B6A59A-A71,EUR,Refunded,2024-07-19,Norway
TXN-E7F6EBBD-6AD,LKR,Refunded,2023-06-09,Canada
TXN-3F6B868B-24D,INR,Processing,2023-02-21,Singapore
TXN-12684116-40C,AUD,Pending,2023-01-06,United States
TXN-D232BC67-A0C,AUD,Processing,2024-02-23,India
TXN-579FDF0A-71F,AUD,Failed,2024-10-23,Sri Lanka
TXN-31D656AF-D5F,GBP,Processing,2023-02-25,United Kingdom
TXN-CF0696CE-9EA,GBP,Processing,2023-12-23,Spain
TXN-86632615-DF8,CNY,Cancelled,2023-11-17,Italy
TXN-F0E354D2-09E,LKR,Failed,2024-08-09,Italy
TXN-8AAD2CBB-3D4,CAD,Refunded,2024-03-03,France
TXN-5C20F719-233,USD,Completed,2023-12-04,United Kingdom
TXN-E2B7DFF0-5E5,LKR,Pending,2024-02-09,India
TXN-5EE3184A-F13,LKR,Pending,2023-02-12,Germany
TXN-04463B0A-C3E,CAD,Failed,2024-01-11,India
TXN-1B22CF0C-483,AED,Processing,2024-11-12,UAE
TXN-763910A1-8B5,AUD,Refunded,2024-03-26,Netherlands
TXN-5ACE39E2-101,JPY,Refunded,2023-04-15,Brazil
TXN-AE3D6C48-7ED,INR,Refunded,2023-08-22,Switzerland
TXN-7F95FE9C-DF4,INR,Failed,2023-10-26,India
TXN-4BDEB290-26E,USD,Cancelled,2024-09-09,UAE
TXN-0D5A7C1C-FC3,EUR,Cancelled,2024-06-04,India
TXN-B5C0419A-FF6,USD,Failed,2023-07-29,Brazil
TXN-245C1684-EEB,LKR,Failed,2024-04-21,Italy
TXN-AC2FCB22-8BA,JPY,Cancelled,2023-04-16,Netherlands
TXN-E590FE80-099,SGD,Completed,2024-06-15,Brazil
TXN-15CB5A65-078,INR,Cancelled,2023-06-07,India
TXN-AC7DF74A-8E8,AUD,Processing,2024-04-23,United States
TXN-ABF61FC5-6EF,CAD,Refunded,2023-02-18,Australia
TXN-145C82C9-211,INR,Refunded,2024-07-28,India
TXN-AEABAA03-380,SGD,Pending,2023-06-21,Singapore
TXN-FDCE002B-749,CAD,Completed,2024-01-10,Italy
TXN-A6A3DB45-E14,EUR,Completed,2023-05-07,United States
TXN-3D6C145B-ED4,CHF,Refunded,2024-12-28,Spain
TXN-01982424-8CC,JPY,Pending,2024-07-19,Singapore
TXN-F778C407-1A8,EUR,Processing,2023-03-02,Canada
TXN-62724894-94C,EUR,Cancelled,2023-10-10,Germany
TXN-77A2B88A-70F,GBP,Processing,2023-08-07,India
TXN-4FB85F34-7BB,EUR,Completed,2023-10-13,Norway
TXN-201A8B4E-6FD,AED,Cancelled,2023-09-14,United Kingdom
TXN-E8A3B1FF-FB0,CAD,Failed,2024-06-16,United States
TXN-6D548FF2-ACC,SGD,Cancelled,2024-01-08,China
TXN-C13377EC-EE9,USD,Cancelled,2024-03-01,China
TXN-6B6FD145-B9A,AUD,Completed,2024-04-07,United States
TXN-AA4A0B71-FB2,EUR,Completed,2024-11-23,Norway
TXN-FB5B4206-019,SGD,Refunded,2023-05-27,UAE
TXN-2BADA72D-C0A,SGD,Completed,2024-11-10,Singapore
TXN-5C18B83E-11A,SGD,Failed,2023-12-01,France
TXN-5C95E404-54C,USD,Cancelled,2024-06-06,Sweden
TXN-593D950D-F42,USD,Failed,2024-10-05,Germany
TXN-81A4AA8E-F03,AED,Completed,2024-03-05,Italy
TXN-660BDE76-C26,CNY,Failed,2023-05-03,Switzerland
TXN-C4F9EF88-AC0,EUR,Processing,2024-06-12,France
TXN-64BB5CCE-ECF,USD,Cancelled,2024-11-24,Brazil
TXN-1A80A0BB-7CB,INR,Pending,2024-11-22,Canada
TXN-4D6DB652-402,LKR,Completed,2024-12-04,Singapore
TXN-1E6FD77B-327,USD,Processing,2023-10-29,Canada
TXN-4BE0554A-F9E,USD,Completed,2023-03-01,South Africa
TXN-3BC04385-F5D,GBP,Completed,2023-03-18,United States
TXN-0A99B255-DF7,CHF,Completed,2024-10-20,United Kingdom
TXN-EDEE0065-63B,GBP,Completed,2023-01-13,Switzerland
TXN-5B2907CA-98F,CNY,Failed,2024-03-21,United Kingdom
TXN-CCCCBDFA-289,CNY,Refunded,2024-02-24,Singapore
TXN-61023B16-4F5,LKR,Completed,2024-05-11,Spain
TXN-F4B34E27-EBA,AED,Processing,2023-02-25,Germany
TXN-A8A9AB75-2A4,CHF,Cancelled,2023-06-19,Spain
TXN-A39E98F0-4E9,SGD,Cancelled,2024-10-14,China
TXN-7CA64F92-9E2,INR,Refunded,2024-04-14,Switzerland
TXN-209BB2D9-E33,SGD,Failed,2024-09-11,Netherlands
TXN-33F85751-645,AUD,Completed,2024-03-11,United Kingdom
TXN-A6F262F3-148,GBP,Refunded,2023-04-23,Singapore
TXN-FBB201B4-61A,JPY,Cancelled,2023-09-26,Sweden
TXN-5F912433-A8E,LKR,Completed,2024-10-16,Singapore
TXN-4392DF80-FB5,SGD,Failed,2023-09-16,Switzerland
TXN-51FC450D-F97,INR,Cancelled,2023-09-13,Italy
TXN-B51BBB60-EE5,CNY,Completed,2023-02-16,South Africa
TXN-D86212A9-A0E,GBP,Pending,2023-09-23,Germany
TXN-C12C06B8-3FA,AUD,Completed,2023-07-10,Australia
TXN-384CC8B8-9EC,AED,Failed,2023-05-16,Sri Lanka
TXN-95B4218C-1F9,USD,Cancelled,2023-12-11,Sri Lanka
TXN-2701080E-DCD,LKR,Cancelled,2023-09-06,United Kingdom
TXN-23C004C2-CC8,GBP,Failed,2023-07-14,UAE
TXN-1CECE918-9BF,CNY,Pending,2023-02-11,Sri Lanka
TXN-AE8271D0-9B9,INR,Processing,2023-06-18,France
TXN-112DA3A7-D63,USD,Failed,2023-02-14,United Kingdom
TXN-ECC84837-7CC,INR,Processing,2024-05-22,China
TXN-F2B04583-04D,GBP,Pending,2024-12-24,Canada
TXN-92F8A98B-1CF,EUR,Failed,2023-04-27,Norway
TXN-13949602-E0B,USD,Cancelled,2023-01-20,Brazil
TXN-EF518752-9AB,AUD,Refunded,2024-02-15,Brazil
TXN-60F2E7FE-872,AED,Processing,2023-02-16,UAE
TXN-EBCE8FDA-AC6,GBP,Completed,2023-01-17,China
TXN-2C604E80-822,CAD,Failed,2024-10-17,Italy
TXN-8AB0B314-DB3,CAD,Completed,2024-02-26,Norway
TXN-62DCBD06-FCC,CAD,Refunded,2024-04-28,France
TXN-833143F8-310,USD,Processing,2024-09-06,Netherlands
TXN-4CD7E3C7-8A9,GBP,Refunded,2024-10-13,Japan
TXN-61C61C99-B27,AED,Failed,2023-12-01,Australia
TXN-1075FF38-119,LKR,Cancelled,2024-01-09,France
TXN-849AAECB-2B6,CHF,Completed,2024-06-05,Spain
TXN-8176075A-774,INR,Failed,2023-03-07,South Africa
TXN-764D8068-4E4,LKR,Cancelled,2024-11-10,France
TXN-6325DDCB-82A,CNY,Refunded,2024-09-03,Sweden
TXN-32C1CAD6-896,USD,Pending,2023-07-24,Brazil
TXN-5444A739-5D2,AUD,Completed,2023-04-27,Singapore
TXN-5C8889FC-E55,JPY,Cancelled,2024-12-20,China
TXN-DD1EC6D9-E2E,JPY,Cancelled,2024-08-17,Spain
TXN-809D6071-35F,CHF,Failed,2024-12-12,Norway
TXN-30217D1C-441,USD,Pending,2023-06-19,Brazil
TXN-12AEEBFE-197,CHF,Cancelled,2024-01-06,Spain
TXN-A44E35B7-0F7,SGD,Refunded,2024-05-20,UAE
TXN-F6123E66-6F6,CNY,Processing,2023-04-23,United States
TXN-73A1290C-AE9,AED,Completed,2024-12-12,Brazil
TXN-61B67C2D-4B8,CAD,Completed,2023-01-15,Norway
TXN-3A39D79F-12F,CAD,Failed,2024-10-16,Japan
TXN-836ACC92-D4A,INR,Failed,2024-11-30,France
TXN-31D7E4DA-055,CAD,Processing,2023-06-30,China
TXN-308DF9FD-513,EUR,Cancelled,2024-02-03,Brazil
TXN-749185F5-AA9,LKR,Failed,2024-12-24,South Africa
TXN-06395810-8FC,AUD,Pending,2024-06-08,Spain
TXN-A6C4E8EB-5DF,GBP,Completed,2024-02-25,United States
TXN-2667CD4A-2C9,AED,Processing,2023-12-31,China
TXN-86AEC2C6-B57,EUR,Pending,2023-07-08,Singapore
TXN-F1BD7F3E-214,LKR,Cancelled,2024-10-23,Australia
TXN-5DD126D8-BF2,CNY,Refunded,2024-07-23,UAE
TXN-66535DB8-AC8,JPY,Pending,2024-02-09,Sweden
TXN-488FCB67-BAE,SGD,Refunded,2023-03-07,UAE
TXN-549FE77F-BA3,GBP,Refunded,2024-07-14,Italy
TXN-FE19F9A9-6C4,USD,Completed,2024-08-26,Germany
TXN-F951E1B9-E25,GBP,Refunded,2023-07-02,China
TXN-AF34F0F8-53C,SGD,Pending,2023-11-12,Brazil
TXN-527B9DDF-AEB,CAD,Processing,2024-08-01,Netherlands
TXN-7B8942B3-185,SGD,Completed,2024-11-10,Switzerland
TXN-772C84D3-434,CAD,Completed,2024-04-06,India
TXN-9B458869-52E,CNY,Refunded,2024-07-12,United Kingdom
TXN-06BC136B-C4E,CNY,Processing,2023-02-03,UAE
TXN-4A46E255-810,CNY,Pending,2023-08-17,Italy
TXN-9CADCDA2-38B,GBP,Processing,2023-07-15,Sweden
TXN-4122B788-F18,AUD,Failed,2023-04-05,Singapore
TXN-C9CD47EC-960,CAD,Cancelled,2024-10-04,Brazil
TXN-51BFC1D0-15E,SGD,Refunded,2024-06-27,Australia
TXN-D49AC21E-177,LKR,Completed,2024-06-09,Brazil
TXN-3756355F-AE6,SGD,Completed,2023-06-01,Switzerland
TXN-82FA3071-9CA,CAD,Failed,2023-07-28,Norway
TXN-4F5C406C-119,CNY,Refunded,2023-07-27,China
TXN-72C0D3E4-870,LKR,Processing,2023-03-20,Singapore
TXN-7F7F7BF8-475,USD,Failed,2024-06-14,Canada
TXN-994A1652-8BB,SGD,Completed,2024-10-12,Netherlands
TXN-68052272-B64,EUR,Completed,2024-12-21,South Africa
TXN-92B6B028-C51,USD,Failed,2024-11-20,Norway
TXN-893F580C-634,SGD,Processing,2024-11-09,Norway
TXN-4DA2E605-D9F,INR,Cancelled,2023-09-30,Australia
TXN-BD1CCB96-923,SGD,Refunded,2023-11-26,Germany
TXN-A3873D99-B79,LKR,Processing,2023-06-20,Canada
TXN-941B6B04-5D5,AUD,Cancelled,2024-09-24,Netherlands
TXN-AF4F15CF-CE7,JPY,Pending,2024-04-11,Norway
TXN-A463890C-B2B,LKR,Processing,2023-09-17,Italy
TXN-C8631D8F-56E,SGD,Processing,2024-08-25,Brazil
TXN-C469DD10-FB6,LKR,Processing,2023-06-24,UAE
TXN-BB1D0B52-913,EUR,Refunded,2023-04-19,Italy
TXN-575A3429-122,USD,Completed,2024-04-04,Japan
TXN-4D85B99C-D11,CHF,Processing,2024-01-28,India
TXN-691ABFCD-3C1,JPY,Processing,2024-11-24,United Kingdom
TXN-56456952-9A9,AUD,Processing,2024-10-25,Spain
TXN-254C2211-C4C,EUR,Processing,2024-12-13,Spain
TXN-CD05CD16-B2F,INR,Pending,2024-05-16,Italy
TXN-9297AF64-413,EUR,Pending,2023-07-30,Australia
TXN-42EF13D9-34E,JPY,Cancelled,2023-11-14,Australia
TXN-4EC999E1-0A7,INR,Processing,2023-11-19,Switzerland
TXN-FF915674-DAB,AED,Processing,2024-01-27,Australia
TXN-7CF8D10E-136,CHF,Failed,2023-03-25,South Africa
TXN-AA3D5325-594,GBP,Failed,2023-10-12,Sweden
TXN-EE9CEE41-E5C,USD,Failed,2024-05-18,Canada
TXN-5C605F59-06F,CNY,Cancelled,2023-02-03,India
TXN-B3F90125-AF9,AED,Completed,2024-08-21,Canada
TXN-CBC4CCE3-FA9,AUD,Cancelled,2024-09-11,Sweden
TXN-C2583643-997,CAD,Cancelled,2023-01-18,Singapore
TXN-1E7078B2-267,SGD,Cancelled,2023-04-10,South Africa
TXN-EBA99CDD-FB9,USD,Completed,2024-03-16,Australia
TXN-2973301A-39A,CAD,Cancelled,2023-12-08,Brazil
TXN-A7813137-499,AED,Failed,2024-03-19,Australia
TXN-57058753-02B,JPY,Completed,2024-10-13,Singapore
TXN-DB391DF3-F48,LKR,Cancelled,2023-09-19,Japan
TXN-93B47407-F08,CNY,Processing,2024-05-11,Japan
TXN-7E746470-58F,GBP,Refunded,2023-10-22,Spain
TXN-233DF9D3-679,USD,Pending,2024-06-03,Sri Lanka
TXN-92D848A8-3E9,LKR,Failed,2024-08-02,Sweden
TXN-D57DFE68-BD5,CAD,Completed,2024-06-22,Singapore
TXN-4E5C53FB-5A4,INR,Completed,2024-07-30,Brazil
TXN-F7AF31E2-289,GBP,Processing,2024-10-11,China
TXN-ED89C492-33E,INR,Failed,2023-08-30,United States
TXN-4B041529-AD6,LKR,Failed,2023-08-27,China
TXN-F603E92F-7A6,EUR,Processing,2023-01-10,Brazil
TXN-FB7D8064-D3E,INR,Refunded,2023-02-13,Japan
TXN-7FFB494B-2CE,EUR,Processing,2023-12-18,India
TXN-2EE87676-969,CHF,Processing,2023-04-03,Canada
TXN-34B65C40-CCF,AUD,Cancelled,2023-12-26,Sri Lanka
TXN-062EE841-E05,EUR,Completed,2024-12-31,Singapore
TXN-3CB538A6-89E,CAD,Refunded,2024-11-03,UAE
TXN-7960772D-1EE,SGD,Refunded,2024-01-18,Australia
TXN-31EEEDDE-281,LKR,Failed,2023-02-23,Canada
TXN-12D2D6DF-624,USD,Pending,2024-08-01,France
TXN-7CA3B072-6E8,SGD,Failed,2023-09-03,Brazil
TXN-A6B29475-7E4,AUD,Refunded,2023-05-21,Sri Lanka
TXN-DBA81A24-D7C,CHF,Processing,2023-01-27,Norway
TXN-209CF214-915,SGD,Processing,2024-06-22,Singapore
TXN-FFD1E2F5-94C,AED,Refunded,2024-09-04,Japan
TXN-C575AACB-A26,AUD,Failed,2024-07-29,France
TXN-97B6D385-8E6,GBP,Processing,2024-01-29,Japan
TXN-C6966CCE-99D,CHF,Refunded,2024-09-07,Singapore
TXN-CDB10CA1-89E,JPY,Processing,2023-06-05,India
TXN-7B58E4B4-124,AED,Cancelled,2024-07-01,Spain
TXN-BB392CD1-BD8,CNY,Refunded,2023-06-14,Norway
TXN-AAC5A75F-5ED,EUR,Cancelled,2023-01-29,France
TXN-A0003C64-274,JPY,Pending,2024-03-07,India
TXN-8FA58415-140,GBP,Processing,2024-06-16,Australia
TXN-6EDD83B0-706,LKR,Failed,2023-12-29,Netherlands
TXN-8512A9DC-60D,JPY,Completed,2024-07-11,Spain
TXN-F92BD2EC-9D6,LKR,Processing,2024-08-01,Norway
TXN-F13B1639-461,EUR,Failed,2024-11-14,Spain
TXN-29C66545-450,SGD,Refunded,2024-11-30,Sri Lanka
TXN-1027D740-794,AED,Refunded,2023-03-05,Spain
TXN-1F0B867E-B49,USD,Completed,2024-09-17,United States
TXN-1B2094AE-A63,AUD,Cancelled,2024-03-04,South Africa
TXN-D370E750-FA8,EUR,Completed,2023-10-15,China
TXN-4FCC3817-556,INR,Completed,2024-09-13,South Africa
TXN-A87BDFEA-5D4,CHF,Completed,2024-06-03,Germany
TXN-139F1692-C43,GBP,Failed,2023-01-22,Norway
TXN-3B544231-9DA,EUR,Completed,2024-09-06,Italy
TXN-9B805311-FBF,JPY,Failed,2024-04-17,Japan
TXN-401B7F35-87D,SGD,Cancelled,2023-06-26,UAE
TXN-98658A94-E31,INR,Completed,2024-05-15,Sweden
TXN-7E077D36-6B8,CNY,Refunded,2023-09-30,United States
TXN-99F0B50A-55D,LKR,Completed,2023-12-15,Sri Lanka
TXN-0F97B67D-8C0,INR,Pending,2023-09-03,Switzerland
TXN-693D3A05-B60,USD,Failed,2024-11-14,United States
TXN-8C2E4BC8-756,CHF,Refunded,2024-12-21,Switzerland
TXN-4E6D9231-ECC,CNY,Cancelled,2024-07-03,United Kingdom
TXN-80B4E484-DD3,USD,Refunded,2023-02-08,France
TXN-D7B38C89-224,USD,Pending,2024-05-10,Switzerland
TXN-5A91ED9C-809,CAD,Completed,2024-05-20,Sweden
TXN-CA30B1BB-8FC,CHF,Failed,2024-04-07,Japan
TXN-CFC96DFC-5EB,INR,Cancelled,2023-09-14,UAE
TXN-D644B93F-3E6,USD,Cancelled,2024-01-24,Japan
TXN-B9C0CB7B-C03,LKR,Pending,2023-11-23,Spain
TXN-523B0020-F3A,GBP,Cancelled,2023-02-22,Italy
TXN-3C64759B-008,AUD,Processing,2023-01-24,China
TXN-18F074BF-9B9,AED,Cancelled,2023-10-12,Brazil
TXN-75A6E354-EB4,GBP,Pending,2023-10-22,Brazil
TXN-DEEBCB34-A25,CHF,Processing,2023-04-25,Spain
TXN-ABF893D0-043,JPY,Pending,2024-05-14,United States
TXN-37C221B5-2E8,INR,Processing,2024-01-24,Singapore
TXN-71384810-600,INR,Completed,2023-02-05,Switzerland
TXN-562C918F-522,USD,Refunded,2023-01-06,Switzerland
TXN-4B71909F-387,AED,Refunded,2024-06-25,Netherlands
TXN-EEEB2D65-FF9,AUD,Pending,2023-09-07,Switzerland
TXN-6E0122E0-8A6,GBP,Processing,2024-02-22,Netherlands
TXN-D152E71C-D32,JPY,Failed,2023-07-21,Norway
TXN-C4CC9C3C-3D9,CHF,Cancelled,2023-03-21,Sri Lanka
TXN-10B5F79A-A95,USD,Refunded,2024-12-11,Brazil
TXN-951F9FE2-2F0,JPY,Completed,2024-01-19,Brazil
TXN-E2756595-5D0,AED,Cancelled,2023-09-06,South Africa
TXN-623B150B-388,EUR,Processing,2024-11-11,Canada
TXN-4603E6C9-6F4,AED,Pending,2023-04-20,United States
TXN-61E88B0A-CE5,AED,Completed,2023-03-25,Sweden
TXN-C19F3DE8-5C9,AED,Refunded,2023-02-26,Japan
TXN-A4370DB3-464,GBP,Cancelled,2023-07-26,France
TXN-C902857A-493,USD,Completed,2023-08-15,Japan
TXN-368AF933-3FA,AED,Failed,2024-11-03,Germany
TXN-E78986B9-671,AUD,Cancelled,2024-05-16,Germany
TXN-57901DD2-F06,CNY,Failed,2023-10-24,South Africa
TXN-216CB4BC-AC4,CNY,Processing,2024-11-25,Germany
TXN-1C293647-DAE,CNY,Failed,2024-04-18,China
TXN-71319984-C7A,LKR,Pending,2024-08-11,Netherlands
TXN-5DEC7E0F-9B8,INR,Refunded,2024-12-31,Sweden
TXN-0BAC967E-AE2,GBP,Failed,2023-01-04,Sri Lanka
TXN-1D1E0AA6-373,GBP,Refunded,2024-08-04,Singapore
TXN-1A6A933F-7BF,JPY,Completed,2024-02-10,Netherlands
TXN-D6229F4B-DD7,CAD,Completed,2024-04-29,China
TXN-3A87EDE6-4D2,GBP,Processing,2023-08-11,Germany
TXN-73D8361A-E35,USD,Processing,2024-10-15,Norway
TXN-57428A62-394,CHF,Pending,2024-02-24,Switzerland
TXN-212C2570-717,CHF,Failed,2024-11-30,Switzerland
TXN-C03D1B9E-0CB,CAD,Cancelled,2023-03-08,India
TXN-9F54E511-D76,JPY,Completed,2024-12-03,UAE
TXN-CF426082-797,CHF,Failed,2023-03-26,Australia
TXN-EE5855E9-7BB,SGD,Refunded,2023-04-30,Brazil
TXN-019452AF-32A,CNY,Failed,2024-03-27,France
TXN-0D2D34DA-B51,EUR,Completed,2024-04-06,Netherlands
TXN-D8F0CED5-1C3,CHF,Pending,2024-02-29,Sweden
TXN-3626350B-A8D,CNY,Pending,2023-08-19,UAE
TXN-D952A592-BCF,CHF,Refunded,2023-02-06,France
TXN-10FEF512-DD0,EUR,Failed,2023-08-14,Netherlands
TXN-15F8A48B-76D,USD,Refunded,2023-11-27,Netherlands
TXN-8A596625-D38,JPY,Failed,2023-04-14,Switzerland
TXN-D8243033-5DA,CNY,Failed,2024-10-30,Switzerland
TXN-EFFD5DDA-24D,CHF,Failed,2023-12-23,Sweden
TXN-2F7F51F3-E21,JPY,Failed,2024-05-16,United States
TXN-9312039B-516,LKR,Refunded,2023-07-12,Germany
TXN-4C775854-8D6,GBP,Pending,2023-09-21,Singapore
TXN-AC3F6393-AAC,LKR,Refunded,2023-09-30,Italy
TXN-130EE9F8-402,AED,Cancelled,2024-12-23,India
TXN-95EE8A39-6AC,CNY,Completed,2024-11-05,Brazil
TXN-57D80DC8-560,AUD,Failed,2023-08-24,China
TXN-388552C5-6F5,AED,Completed,2024-06-03,Australia
TXN-B4C12067-35D,CAD,Completed,2023-11-21,Germany
TXN-B0D219EB-7A3,EUR,Completed,2023-03-29,Italy
TXN-0D29AFD8-6C0,CNY,Cancelled,2023-02-27,China
TXN-14106656-842,LKR,Refunded,2023-12-30,United Kingdom
TXN-531F733E-55F,LKR,Cancelled,2023-05-19,South Africa
TXN-4CDCE7AB-183,LKR,Failed,2023-09-26,United Kingdom
TXN-419B5509-876,GBP,Pending,2024-08-26,United States
TXN-D041E995-C52,EUR,Failed,2023-11-21,Italy
TXN-EF2C5DBA-041,JPY,Failed,2024-03-23,Netherlands
TXN-4E96EB5B-35F,AED,Cancelled,2024-03-04,Spain
TXN-FB58E13E-E85,JPY,Cancelled,2023-11-24,UAE
TXN-4C4338BE-F93,CAD,Processing,2024-04-03,Norway
TXN-09C92CE2-3EB,JPY,Completed,2023-10-23,Sri Lanka
TXN-4F89A65F-94C,INR,Processing,2024-05-26,India
TXN-9B7CF3EB-DC3,INR,Refunded,2023-03-29,Japan
TXN-79F61388-44A,CNY,Failed,2024-04-12,South Africa
TXN-B21BF0F7-A7D,CAD,Processing,2023-06-30,Sweden
TXN-AA5126F7-4D4,AUD,Processing,2024-07-03,Brazil
TXN-D09C45DF-BC5,CHF,Refunded,2024-04-18,Italy
TXN-48562854-287,CAD,Pending,2024-05-16,Italy
TXN-34F4CD46-910,LKR,Cancelled,2024-06-03,UAE
TXN-29E4AEFB-107,AUD,Cancelled,2024-02-07,Brazil
TXN-691BBEDC-2EC,GBP,Cancelled,2023-03-03,China
TXN-F784E90D-B48,LKR,Refunded,2024-10-22,Sri Lanka
TXN-8081B33E-63F,LKR,Pending,2023-11-21,Italy
TXN-DFD4A6AA-A69,EUR,Processing,2023-08-23,Spain
TXN-162C8D52-A2A,INR,Failed,2024-01-15,Sri Lanka
TXN-C9B5CB33-095,CHF,Refunded,2024-02-21,United Kingdom
TXN-E8ED8252-3FD,EUR,Completed,2023-02-20,Sweden
TXN-909C0E79-90E,JPY,Cancelled,2023-06-25,Norway
TXN-DC2B91B9-D2F,USD,Pending,2024-07-04,Singapore
TXN-FA8210B2-A2F,JPY,Refunded,2024-07-29,Sweden
TXN-E3AF3998-C17,AUD,Completed,2024-11-10,Spain
TXN-83CE992D-CC0,AED,Processing,2024-12-06,Switzerland
TXN-2E01562F-516,CAD,Completed,2023-05-13,United States
TXN-EAE476C1-CEE,USD,Processing,2024-12-16,South Africa
TXN-5BCD15F3-6F2,GBP,Processing,2024-04-06,Singapore
TXN-5FE75EA6-55C,GBP,Processing,2023-05-21,Brazil
TXN-99913CDF-5BA,INR,Pending,2024-01-12,South Africa
TXN-84E3C69F-81E,INR,Completed,2024-03-22,UAE
TXN-EE7DE2B6-B4C,INR,Processing,2023-09-01,Italy
TXN-20D16F0F-6C5,JPY,Failed,2024-02-06,Canada
TXN-DE1390DF-A52,AUD,Pending,2023-03-31,Germany
TXN-8138EB40-AA7,INR,Failed,2024-11-14,United Kingdom
TXN-DD1055F8-667,AUD,Cancelled,2024-02-08,France
TXN-AF9AC755-FD9,CNY,Pending,2023-08-23,Spain
TXN-A4897EAD-D42,AUD,Completed,2023-05-11,Germany
TXN-A818D9F6-68F,CHF,Refunded,2024-10-15,India
TXN-91E6063B-7A5,EUR,Failed,2024-03-21,Germany
TXN-43FDB4E1-433,CNY,Cancelled,2024-02-18,South Africa
TXN-C2950845-8D4,GBP,Cancelled,2023-09-28,Sri Lanka
TXN-90652976-8F4,SGD,Processing,2024-08-18,Brazil
TXN-2A1D4FD5-08B,AED,Pending,2024-06-16,Singapore
TXN-1D320007-C5E,SGD,Pending,2024-02-05,Japan
TXN-5B5B8F6A-407,SGD,Cancelled,2024-10-01,Norway
TXN-BD302142-05E,GBP,Pending,2024-05-23,United States
TXN-CA214293-C43,CAD,Completed,2024-08-06,India
TXN-EC822B7E-D1B,GBP,Processing,2024-11-18,Singapore
TXN-666642F6-39E,CNY,Completed,2023-04-18,China
TXN-D3673A43-452,LKR,Cancelled,2024-09-22,France
TXN-2EF9CC94-D21,CHF,Pending,2024-06-09,Canada
TXN-5BC689B5-FBF,USD,Refunded,2023-07-02,Canada
TXN-42F58C87-243,AED,Processing,2024-09-06,Japan
TXN-35CAF31A-627,AED,Cancelled,2023-06-04,Spain
TXN-686F8560-213,USD,Pending,2023-05-02,Spain
TXN-39F08655-82C,AUD,Processing,2024-09-27,France
TXN-BEC65CA6-3A3,AED,Completed,2023-03-11,France
TXN-51E0B6DF-09D,GBP,Processing,2023-12-28,Sri Lanka
TXN-D9909984-2AE,LKR,Failed,2024-01-21,Netherlands
TXN-2624D790-A2A,SGD,Cancelled,2024-05-04,Netherlands
TXN-A8948B76-950,USD,Cancelled,2024-08-17,United Kingdom
TXN-D08FE83F-9D3,LKR,Failed,2024-01-20,Switzerland
TXN-E16B60B3-94A,AUD,Failed,2023-03-12,Spain
TXN-BD1F864B-BEE,EUR,Processing,2023-08-04,Canada
TXN-AC57D7EA-1A8,CHF,Failed,2023-03-13,Sweden
TXN-F43CB2AF-CCE,INR,Failed,2023-02-24,UAE
TXN-192B686D-816,INR,Completed,2023-06-27,Singapore
TXN-A0F98FED-36F,USD,Refunded,2023-01-27,Sweden
TXN-EA026D58-F95,CHF,Processing,2024-07-18,United Kingdom
TXN-6208D2CE-788,CNY,Pending,2024-06-15,Sweden
TXN-8867967E-C77,CHF,Processing,2024-08-16,Canada
TXN-50AEBA91-D4E,CHF,Processing,2024-10-13,Brazil
TXN-600CC928-08A,LKR,Failed,2023-03-30,UAE
TXN-15B5C23E-D33,USD,Cancelled,2024-08-13,Norway
TXN-9B51DC8E-BDD,GBP,Completed,2023-01-12,Australia
TXN-7A6CB588-92A,INR,Completed,2023-01-08,Germany
TXN-90F10EBD-E3B,CHF,Cancelled,2023-02-05,Brazil
TXN-EB3F4F7D-3AC,AED,Processing,2023-04-06,Italy
TXN-E6B5CBB1-D32,INR,Processing,2024-06-24,Germany
TXN-DE6655C5-65C,INR,Processing,2023-06-10,Norway
TXN-A5166D44-C37,SGD,Completed,2023-07-11,Germany
TXN-99DE1BA1-531,SGD,Processing,2024-11-24,UAE
TXN-CB792846-87A,LKR,Processing,2024-09-08,China
TXN-85B811FA-FB2,EUR,Processing,2023-07-07,Canada
TXN-B25BB1D6-D67,CHF,Processing,2024-08-15,Singapore
TXN-48515DF6-9FD,CHF,Cancelled,2023-02-14,Norway
TXN-DE5415BF-A7D,JPY,Pending,2023-12-05,Netherlands
TXN-CBD2AC17-8C8,CHF,Cancelled,2024-10-01,China
TXN-2EA2383E-D01,GBP,Processing,2023-11-24,China
TXN-C0AB4968-645,EUR,Cancelled,2024-07-04,Sweden
TXN-CFE8F811-5A1,LKR,Failed,2023-12-31,Spain
TXN-AD485BC8-9DB,AED,Processing,2024-09-21,China
TXN-CD9C17C3-857,LKR,Processing,2024-03-02,Italy
TXN-57D03048-7A4,CAD,Processing,2023-10-10,UAE
TXN-A37C13DD-551,EUR,Refunded,2023-04-19,China
TXN-1112B07D-979,JPY,Cancelled,2024-01-13,Italy
TXN-0688F6D4-3C7,LKR,Refunded,2024-02-22,Spain
TXN-93800D4A-FF3,AED,Refunded,2024-07-04,UAE
TXN-5E641B73-B10,AED,Completed,2023-09-06,Netherlands
TXN-36611BAF-492,CNY,Processing,2023-05-19,United States
TXN-540EBEB0-FEA,CNY,Processing,2024-03-20,China
TXN-813C7681-567,SGD,Completed,2024-10-17,Switzerland
TXN-81BAE590-74A,CHF,Refunded,2023-02-01,Italy
TXN-8356E3F8-C8B,CHF,Processing,2023-09-18,Singapore
TXN-876D73CF-6FF,INR,Failed,2024-10-13,Australia
TXN-AD18F139-1EF,LKR,Pending,2023-07-03,Italy
TXN-523E3B3C-7FF,LKR,Pending,2023-03-04,China
TXN-EB52B56E-254,JPY,Pending,2024-05-21,Spain
TXN-1E25CA91-4BF,INR,Failed,2024-11-29,China
TXN-4DC1C495-816,CNY,Pending,2023-06-01,Netherlands
TXN-A54C8C8F-4A0,EUR,Pending,2024-10-01,Sri Lanka
TXN-A31873C3-4D4,USD,Refunded,2023-11-27,Norway
TXN-4E23DBF1-EE5,INR,Failed,2023-08-15,Canada
TXN-741C38BF-7BF,EUR,Refunded,2023-03-21,Norway
TXN-D6B5D2FF-F2F,AUD,Processing,2024-05-01,Canada
TXN-6CD846F6-25C,AED,Refunded,2023-07-23,United Kingdom
TXN-E58D55C1-5A5,LKR,Completed,2024-12-07,Sri Lanka
TXN-8A494A98-DD5,JPY,Failed,2023-08-29,India
TXN-45214106-8BD,LKR,Completed,2023-01-01,UAE
TXN-7B08F4E3-967,JPY,Completed,2024-03-29,China
TXN-7EEB4F62-273,EUR,Cancelled,2023-03-25,United States
TXN-8F157D3D-185,JPY,Processing,2023-03-28,Sri Lanka
TXN-17C96D76-31A,CHF,Failed,2023-10-06,France
TXN-465B28C4-A59,AED,Cancelled,2024-04-13,Brazil
TXN-AC23FA6D-2DD,CAD,Completed,2023-12-08,Spain
TXN-B3F34300-BDF,JPY,Processing,2023-04-30,Sweden
TXN-E6B63AB8-6D5,CAD,Pending,2024-08-06,Canada
TXN-5D4BAF95-447,JPY,Pending,2023-02-24,South Africa
TXN-0D14DF28-6A4,INR,Failed,2023-03-30,Spain
TXN-3F63C22F-816,JPY,Failed,2024-04-19,South Africa
TXN-60624319-BF8,AUD,Pending,2023-07-17,Australia
TXN-2DC5806D-0D7,LKR,Refunded,2024-09-22,Sri Lanka
TXN-CB4C1E14-A87,LKR,Completed,2024-02-28,India
TXN-616A3D15-B87,AUD,Cancelled,2024-11-06,Brazil
TXN-14F500A7-18A,INR,Refunded,2023-03-08,India
TXN-3FBE7C3B-C64,INR,Pending,2023-12-13,Sweden
TXN-95ED7FF5-B0B,LKR,Refunded,2024-02-21,Spain
TXN-B919F3E4-51F,CHF,Pending,2023-11-21,Sweden
TXN-63EBE449-690,INR,Refunded,2024-08-12,Sri Lanka
TXN-B1A13A0B-4FE,CAD,Processing,2024-05-30,Sweden
TXN-8475AD4A-348,AED,Refunded,2024-02-20,Norway
TXN-E607B9D0-6FB,SGD,Pending,2024-08-08,Brazil
TXN-8839AA45-7B9,AED,Completed,2024-12-27,Japan
TXN-BDAE871B-7DD,SGD,Pending,2023-11-14,Germany
TXN-B6BC958B-2D2,CNY,Cancelled,2023-02-28,United States
TXN-AADCEC57-F7D,CHF,Completed,2023-06-19,Canada
TXN-97490EE4-3F2,CHF,Pending,2023-04-22,Spain
TXN-5BE70A7B-8DA,INR,Pending,2024-04-12,Singapore
TXN-D60DD206-7AB,CAD,Cancelled,2023-05-09,United States
TXN-43D83FC5-8CB,AUD,Refunded,2024-01-19,Japan
TXN-30E0E80F-C4C,CNY,Cancelled,2023-11-28,United States
TXN-BAA4A6B7-D27,CNY,Pending,2024-10-21,France
TXN-98F3D9BE-1E0,LKR,Failed,2023-04-19,Spain
TXN-E5F45C61-C00,GBP,Pending,2023-01-01,Germany
TXN-704B8F53-38F,CAD,Refunded,2024-01-11,UAE
TXN-0B0007EB-2DD,LKR,Processing,2023-03-01,Norway
TXN-D431442E-DEF,SGD,Refunded,2024-12-27,Australia
TXN-68E012A8-721,USD,Completed,2024-02-07,China
TXN-982F9903-05C,AED,Completed,2024-11-23,South Africa
TXN-BB7B49AB-3C8,EUR,Processing,2024-02-07,Switzerland
TXN-406497A6-F66,AED,Refunded,2023-08-27,France
TXN-05C969D8-625,CHF,Cancelled,2024-04-24,Switzerland
TXN-F02D446E-509,CAD,Refunded,2024-08-05,Norway
TXN-FE7B765A-CDF,LKR,Completed,2024-03-20,Norway
TXN-F80B24E1-85B,AED,Refunded,2023-05-11,Spain
TXN-71E31C85-C70,CNY,Refunded,2024-07-24,Australia
TXN-BD872E1F-E60,CHF,Cancelled,2024-06-22,Netherlands
TXN-42A03334-A54,INR,Completed,2023-11-14,Italy
TXN-780D62AD-BF7,CHF,Failed,2024-12-03,Germany
TXN-DB9E863D-7A4,AUD,Failed,2024-08-26,France
TXN-97469B56-17C,INR,Refunded,2023-12-16,Japan
TXN-FA70377C-9A3,INR,Failed,2024-09-28,Canada
TXN-0B84B80B-D9B,CHF,Refunded,2024-11-15,UAE
TXN-54C75547-5D0,CNY,Failed,2024-07-15,Sri Lanka
TXN-C0B65A9D-6EE,LKR,Pending,2023-03-17,UAE
TXN-8388BEB2-33F,LKR,Completed,2024-06-21,Switzerland
TXN-9E9296FC-029,LKR,Failed,2024-02-05,Netherlands
TXN-F0054153-463,EUR,Pending,2023-03-24,Norway
TXN-1925B26D-F52,CAD,Refunded,2023-07-06,China
TXN-13B24FF2-D04,EUR,Failed,2023-08-30,Italy
TXN-8C4319F5-BA2,EUR,Cancelled,2023-05-23,Singapore
TXN-907B5446-8D6,INR,Processing,2023-08-26,South Africa
TXN-422D7703-B3D,CAD,Completed,2023-02-22,UAE
TXN-632E4C8D-13F,SGD,Completed,2024-05-21,France
TXN-87671A5E-F90,CHF,Failed,2024-01-25,Netherlands
TXN-3108549E-A15,GBP,Cancelled,2023-09-14,Sri Lanka
TXN-3898E284-FC9,CNY,Completed,2024-07-02,India
TXN-01567CF4-685,CNY,Processing,2023-01-31,Sweden
TXN-8179A20D-82D,GBP,Processing,2024-03-30,United States
TXN-DE899AE7-421,LKR,Completed,2024-08-13,Australia
TXN-C8B70BFA-C33,GBP,Completed,2023-06-20,Canada
TXN-1A228241-E9F,AUD,Cancelled,2024-03-06,Norway
TXN-022B0985-37B,USD,Completed,2024-08-03,Spain
TXN-1573443E-1E1,AED,Pending,2024-06-16,Japan
TXN-20A99677-51F,EUR,Cancelled,2024-12-26,France
TXN-9231B8A5-FF5,LKR,Failed,2024-01-03,Australia
TXN-1DD72F49-469,LKR,Pending,2024-11-03,South Africa
TXN-C267E185-52C,CAD,Failed,2023-10-20,Sweden
TXN-05FB0615-CBB,USD,Processing,2024-08-10,Norway
TXN-8289AD4E-75B,CAD,Processing,2024-12-17,Singapore
TXN-6EBD4A55-003,INR,Cancelled,2024-05-08,Japan
TXN-21DD9361-0E0,USD,Processing,2024-08-30,UAE
TXN-22D699DC-B1F,SGD,Pending,2023-07-30,United Kingdom
TXN-E3CF8655-038,SGD,Refunded,2023-09-02,Spain
TXN-A99E9C60-F93,EUR,Failed,2023-09-18,France
TXN-E798F557-33E,CHF,Failed,2024-05-04,Germany
TXN-57AB1B29-3B7,SGD,Failed,2024-07-28,Norway
TXN-10A0723B-222,USD,Refunded,2023-05-06,Italy
TXN-B67B90F4-29C,AUD,Failed,2023-11-20,Brazil
TXN-C09A6612-131,JPY,Failed,2024-05-25,Italy
TXN-51DA5E1A-F93,USD,Failed,2023-01-28,Switzerland
TXN-C2BD253C-88E,JPY,Pending,2024-11-23,South Africa
TXN-B0BF60BA-CD2,CNY,Cancelled,2023-04-15,Canada
TXN-893E9112-4DF,INR,Failed,2023-07-21,India
TXN-E0B51B82-B28,JPY,Refunded,2023-10-20,Italy
TXN-4027639E-BF6,CNY,Refunded,2024-03-31,Japan
TXN-58C6C57D-539,AED,Processing,2023-02-09,Singapore
TXN-CD23D7B4-D0B,CAD,Pending,2023-06-20,China
TXN-9C7154B1-B26,EUR,Cancelled,2023-02-04,Australia
TXN-18A7BAF1-68D,CNY,Pending,2023-09-07,Japan
TXN-57B37009-8E6,AED,Cancelled,2024-12-23,Spain
TXN-DDA48CE5-06E,SGD,Cancelled,2023-11-11,Italy
TXN-53B769E1-D52,USD,Completed,2024-06-26,Spain
TXN-F782052D-185,AUD,Completed,2023-07-18,UAE
TXN-01F3C755-4A1,LKR,Pending,2023-06-01,Australia
TXN-61DF7A2E-425,CHF,Processing,2023-04-03,Canada
TXN-51F6F865-901,GBP,Cancelled,2024-11-05,France
TXN-2CA55A96-79D,CNY,Cancelled,2024-05-01,United States
TXN-52606369-DAE,INR,Failed,2023-05-03,Netherlands
TXN-95E0B7C8-82D,JPY,Processing,2024-07-17,Sri Lanka
TXN-8CA17A8E-B74,JPY,Failed,2023-01-24,China
TXN-CCFBA6AC-4C0,CHF,Refunded,2024-12-21,France
TXN-0568AF3E-69E,USD,Cancelled,2023-07-14,China
TXN-BCC67A88-85C,CNY,Cancelled,2024-07-24,India
TXN-8CB9EDD3-29B,SGD,Completed,2023-10-28,Japan
TXN-BC8827E8-F5D,AUD,Failed,2023-02-09,Norway
TXN-89735B9A-BFF,USD,Processing,2023-03-04,Netherlands
TXN-CB874081-3B8,USD,Cancelled,2023-03-20,United Kingdom
TXN-E3D2C9F4-AB1,CNY,Processing,2023-07-12,Canada
TXN-EC7D90C1-5D2,CNY,Completed,2024-10-27,South Africa
TXN-BA48E5B8-9EE,CAD,Completed,2023-05-23,Singapore
TXN-59EC60D8-956,SGD,Refunded,2024-03-11,Netherlands
TXN-96C24EBD-9DD,INR,Failed,2024-11-10,Netherlands
TXN-9B2C9829-7F9,USD,Pending,2023-11-12,Japan
TXN-102FED3E-973,AED,Completed,2023-03-30,South Africa
TXN-4E8868C9-A60,EUR,Cancelled,2024-11-11,Brazil
TXN-6B736F80-CE2,AED,Failed,2023-02-27,China
TXN-47C2F34D-7EE,GBP,Pending,2024-04-27,Brazil
TXN-567A2C44-774,SGD,Failed,2023-04-13,Singapore
TXN-95027008-8DF,CAD,Failed,2024-11-24,Sri Lanka
TXN-16101C32-F66,EUR,Refunded,2024-11-10,Switzerland
TXN-7413EA47-F93,AED,Completed,2023-04-13,France
TXN-3F26311E-7DF,LKR,Pending,2023-02-22,Spain
TXN-74F9760A-02A,USD,Completed,2023-03-27,Norway
TXN-ABEA0AB7-AAA,SGD,Failed,2023-03-02,Brazil
TXN-8A3EF30B-7CD,CHF,Completed,2024-03-27,Spain
TXN-82DF5E06-A74,JPY,Failed,2024-09-26,United States
TXN-2EFA312B-15F,GBP,Refunded,2024-07-18,United Kingdom
TXN-78362641-3B5,SGD,Refunded,2023-02-08,Brazil
TXN-7F577751-6E8,AUD,Cancelled,2023-06-23,Canada
TXN-CC3DCEE8-115,JPY,Pending,2023-07-24,Japan
TXN-B1BBCD48-A83,INR,Cancelled,2023-06-03,Italy
TXN-0786C370-C32,SGD,Completed,2024-03-04,Sri Lanka
TXN-8864C780-BD1,LKR,Failed,2023-09-07,Netherlands
TXN-175EF3AC-8D2,LKR,Cancelled,2023-11-10,United Kingdom
TXN-1BC2DB37-DAF,AUD,Refunded,2024-12-19,United Kingdom
TXN-AE61E282-6DE,EUR,Failed,2023-10-15,South Africa
TXN-370A52A4-07B,JPY,Completed,2024-01-23,South Africa
TXN-11933A54-C55,USD,Failed,2023-09-13,Spain
TXN-6F350B62-FD4,CNY,Failed,2023-06-29,Singapore
TXN-896DC0E1-A0F,CHF,Refunded,2024-04-22,UAE
TXN-4AD46279-9E9,CNY,Refunded,2023-02-27,France
TXN-F93B280E-23F,AED,Failed,2023-04-27,Sweden
TXN-B5A2F1A8-727,USD,Refunded,2024-03-24,Brazil
TXN-7CF364F1-7AB,GBP,Refunded,2024-03-21,United Kingdom
TXN-879662F3-252,EUR,Completed,2024-03-06,Germany
TXN-6FCE9C75-D82,CHF,Cancelled,2023-02-02,Germany
TXN-DFDFC837-209,AED,Completed,2024-07-04,India
TXN-AA82E2A9-38A,CNY,Cancelled,2024-09-25,India
TXN-BD2DB0AE-B95,SGD,Processing,2023-05-22,China
TXN-96780DC9-AF0,AUD,Failed,2024-06-13,United Kingdom
TXN-1363593D-36E,CHF,Cancelled,2023-06-18,Australia
TXN-92913A88-37F,CHF,Failed,2024-11-03,India
TXN-1A7AB3DF-088,CNY,Pending,2024-09-20,Singapore
TXN-8A2293CB-E8C,AUD,Failed,2024-01-30,Netherlands
TXN-64DF550C-1AB,AED,Refunded,2024-03-05,Switzerland
TXN-32B2FE6A-685,CNY,Pending,2024-05-28,Singapore
TXN-8FDF8C9F-5BD,CNY,Refunded,2024-02-01,Norway
TXN-950437BA-C46,EUR,Cancelled,2023-10-13,UAE
TXN-00DEC974-D53,EUR,Failed,2024-01-02,France
TXN-65A00EEB-0BA,LKR,Cancelled,2024-10-17,Norway
TXN-281E98AE-885,AED,Cancelled,2023-09-20,Australia
TXN-85A93B9D-334,CHF,Cancelled,2024-02-19,France
TXN-DFEE3C12-859,CNY,Pending,2023-10-21,Canada
TXN-665594AF-A3B,GBP,Completed,2023-02-19,Switzerland
TXN-E3A8CE0D-056,INR,Refunded,2023-03-18,Australia
TXN-4949709A-06B,SGD,Failed,2024-06-07,UAE
TXN-D5422D2F-15B,CHF,Failed,2024-02-01,India
TXN-C1B3AB6D-A24,EUR,Pending,2023-05-28,France
TXN-4B7F7F79-C87,USD,Cancelled,2023-09-27,Switzerland
TXN-250657B1-D8D,JPY,Processing,2023-07-29,Australia
TXN-A9499038-D27,LKR,Cancelled,2024-01-18,China
TXN-F8536B79-A4A,JPY,Processing,2023-05-19,United States
TXN-90D73DF8-EA7,CAD,Refunded,2024-10-31,United States
TXN-E11458B6-A23,USD,Cancelled,2024-01-14,Singapore
TXN-716A5B37-77A,JPY,Completed,2023-02-23,India
TXN-D3FFB69F-41F,INR,Pending,2023-08-08,Canada
TXN-72BAB86B-4E7,AUD,Processing,2023-09-05,Singapore
TXN-DA88ECDE-CFB,AUD,Completed,2024-01-14,South Africa
TXN-DB4CE4F5-AB6,GBP,Refunded,2023-03-15,United States
TXN-32AB9511-3BC,EUR,Processing,2024-03-15,China
TXN-A630F0D4-8F7,GBP,Completed,2024-02-28,Canada
TXN-C99C455A-F82,SGD,Completed,2024-11-24,Sri Lanka
TXN-A6F155E6-A6E,INR,Refunded,2024-12-26,Sweden
TXN-19C49BD9-A62,CAD,Cancelled,2023-12-19,Australia
TXN-39943E88-A92,AED,Pending,2023-06-18,Sri Lanka
TXN-48D1BD31-96F,LKR,Processing,2024-05-04,UAE
TXN-D30A9E19-5B2,LKR,Cancelled,2024-12-26,Singapore
TXN-F75D0D29-28D,LKR,Pending,2023-09-20,India
TXN-BFBF330A-4FB,LKR,Completed,2024-06-26,Spain
TXN-CA3AA861-A78,LKR,Processing,2024-03-20,United States
TXN-AB4B2134-9BD,CAD,Failed,2024-11-18,United Kingdom
TXN-E5490E26-0B9,CAD,Cancelled,2024-01-08,South Africa
TXN-A5143F98-66F,CAD,Refunded,2024-11-06,Singapore
TXN-97D632D0-F41,USD,Completed,2023-05-31,India
TXN-E5094A23-AA3,SGD,Processing,2023-07-24,UAE
TXN-E0579B61-8AC,SGD,Processing,2023-11-25,Singapore
TXN-192C0C1A-746,GBP,Pending,2023-11-13,United Kingdom
TXN-A7889170-AA7,JPY,Cancelled,2024-04-22,Japan
TXN-01EB9043-24E,INR,Completed,2024-03-26,Japan
TXN-6C3FD6DA-EF2,USD,Failed,2023-06-17,Switzerland
TXN-CFAA67F2-02B,JPY,Refunded,2024-12-10,Canada
TXN-106F5512-227,USD,Completed,2023-06-16,United Kingdom
TXN-E09E5102-8CC,AUD,Pending,2023-03-06,China
TXN-F97CE8CC-ED3,AUD,Refunded,2023-02-26,Brazil
TXN-CC3BEBCA-4A6,INR,Cancelled,2023-05-22,Norway
TXN-287AAADA-995,USD,Processing,2024-02-24,Canada
TXN-A793E600-035,SGD,Pending,2024-01-04,China
TXN-CEAD32A5-49E,CNY,Refunded,2023-04-22,Australia
TXN-803A84A6-1A8,SGD,Completed,2023-10-07,Spain
TXN-A1BFDE55-439,CHF,Processing,2023-02-13,Australia
TXN-46B54801-0C5,EUR,Pending,2023-01-22,Germany
TXN-C0904BC3-F33,LKR,Refunded,2023-06-05,United States
TXN-9507882C-F25,SGD,Completed,2023-04-14,Canada
TXN-A1887CDB-8FF,USD,Failed,2023-05-16,Canada
TXN-4F756E24-267,LKR,Refunded,2023-09-14,Australia
TXN-12C362E0-557,CHF,Pending,2024-04-17,Brazil
TXN-E555C97F-C13,CAD,Pending,2024-01-26,Germany
TXN-DA4F6F40-D07,CAD,Failed,2023-05-23,UAE
TXN-1BD99B27-5C1,SGD,Cancelled,2024-01-23,Sri Lanka
TXN-6341E877-231,GBP,Cancelled,2024-10-01,China
TXN-A74A0847-FF6,LKR,Cancelled,2023-02-17,Netherlands
TXN-51EA710A-113,INR,Pending,2023-05-27,Germany
TXN-7990E89C-805,CAD,Pending,2023-08-18,South Africa
TXN-1EA38ECD-947,AED,Cancelled,2023-03-13,Singapore
TXN-8C64C510-46E,GBP,Failed,2024-09-03,Germany
TXN-5D4E8B39-050,CHF,Processing,2024-12-20,Singapore
TXN-AA2B56A2-7D3,AED,Cancelled,2023-05-11,Sri Lanka
TXN-290019D2-788,CNY,Processing,2024-07-17,Netherlands
TXN-5CF20243-2B4,SGD,Processing,2023-09-02,UAE
TXN-60B012E8-C07,GBP,Pending,2023-04-04,Australia
TXN-C10BA51B-656,SGD,Completed,2024-01-13,Italy
TXN-063590FB-D57,AED,Processing,2024-10-02,France
TXN-2A390F20-9AB,GBP,Processing,2024-02-22,Sweden
TXN-3716438E-875,EUR,Failed,2024-11-01,Sweden
TXN-4D52EF43-94C,GBP,Completed,2024-02-05,Netherlands
TXN-FEF4AAEE-0AE,AED,Refunded,2023-11-05,Spain
TXN-F3261831-DE5,CAD,Refunded,2024-11-11,India
TXN-9692A67C-099,AUD,Failed,2023-10-17,Japan
TXN-7FC08B5D-D06,CNY,Failed,2024-07-05,UAE
TXN-E8D800D7-46F,JPY,Completed,2024-01-21,Australia
TXN-8C0A35F6-C5D,LKR,Completed,2023-01-23,United Kingdom
TXN-4B497FC4-A15,SGD,Pending,2023-01-17,Canada
TXN-DFB82715-18F,AUD,Processing,2024-02-23,UAE
TXN-0A7AACF7-7F8,CNY,Failed,2023-02-10,Switzerland
TXN-43B665C9-E7A,JPY,Failed,2024-02-11,Canada
TXN-4AD44B93-586,SGD,Completed,2024-06-11,Norway
TXN-3C678E21-E7D,JPY,Cancelled,2024-11-21,Italy
TXN-96749628-FDC,EUR,Processing,2023-01-11,India
TXN-85962FD9-F38,JPY,Pending,2024-10-07,United Kingdom
TXN-B8023E38-9AA,SGD,Completed,2023-09-17,Canada
TXN-AAB96FF8-3A4,GBP,Pending,2024-07-16,Canada
TXN-65C7CAE4-F68,GBP,Refunded,2024-08-20,United Kingdom
TXN-4DD51938-CDD,JPY,Cancelled,2023-04-19,UAE
TXN-58F32B2D-61F,CNY,Completed,2024-03-08,Italy
TXN-3F7BDD3A-C32,GBP,Refunded,2023-02-18,Sri Lanka
TXN-069149F7-7F1,LKR,Cancelled,2023-08-07,Sweden
TXN-4E158DBC-96A,CNY,Processing,2023-10-08,Brazil
TXN-B4C1AC44-35A,CNY,Failed,2024-09-23,India
TXN-F535029C-B55,JPY,Pending,2023-10-20,South Africa
TXN-6935C7A7-792,CHF,Cancelled,2024-01-25,Japan
TXN-D51D9038-AA8,CHF,Refunded,2023-06-06,Australia
TXN-49583D95-E18,AED,Processing,2024-01-27,Germany
TXN-A3C990F7-A7C,AED,Completed,2024-06-12,Japan
TXN-0595225F-01E,CAD,Completed,2023-01-15,Canada
TXN-12B07803-5ED,GBP,Cancelled,2024-05-07,South Africa
TXN-26C6F9A0-4F8,CAD,Failed,2023-01-02,India
TXN-49165CE5-CED,LKR,Pending,2023-01-25,Canada
TXN-E81D5643-001,EUR,Processing,2024-10-07,Sri Lanka
TXN-FC7C9872-EF9,AUD,Failed,2024-07-28,Spain
TXN-1BCBB15F-94D,GBP,Processing,2024-10-29,United States
TXN-B94A5052-145,AED,Cancelled,2024-07-04,Netherlands
TXN-3D500348-D25,JPY,Processing,2024-09-27,Norway
TXN-544FE0F4-456,SGD,Processing,2024-10-31,South Africa
TXN-6C7A1D6C-E28,INR,Processing,2023-02-15,Spain
TXN-6F061FC6-23F,INR,Completed,2024-05-05,Brazil
TXN-94E1D524-51F,LKR,Pending,2024-06-18,India
TXN-96E1EC44-B96,SGD,Processing,2023-03-18,Italy
TXN-719EC7F0-689,SGD,Cancelled,2024-08-22,Spain
TXN-A0F78A48-B68,EUR,Processing,2024-07-12,France
TXN-15F1A363-E38,AED,Processing,2024-02-08,Japan
TXN-F52E4DF9-38B,CNY,Processing,2023-03-01,Germany
TXN-FC0BFD0E-B37,GBP,Failed,2024-05-19,Spain
TXN-EE78CE48-F4E,GBP,Failed,2024-01-15,UAE
TXN-45880454-675,SGD,Cancelled,2023-01-20,Spain
TXN-BE11E445-D8E,AED,Pending,2023-01-21,UAE
TXN-A238D6D5-B52,EUR,Pending,2024-03-09,Netherlands
TXN-CAB73544-1E9,JPY,Failed,2024-11-14,Germany
TXN-EF371CD5-F1D,LKR,Pending,2023-03-17,Sweden
TXN-13BF8F06-B41,AED,Pending,2023-12-20,Norway
TXN-943854CC-ED9,JPY,Pending,2024-06-24,South Africa
TXN-9951A1D4-F61,INR,Cancelled,2024-05-24,Sri Lanka
TXN-91CC1FAA-BBD,GBP,Refunded,2024-01-04,Italy
TXN-1786DFAC-5F4,INR,Processing,2023-06-06,South Africa
TXN-31F6D9BD-9E6,EUR,Cancelled,2023-11-20,Singapore
TXN-CE1C69A0-7B3,USD,Cancelled,2023-02-26,Japan
TXN-E74DBE8A-EA2,AED,Processing,2023-07-23,Netherlands
TXN-468BD932-E4D,USD,Pending,2024-02-18,Netherlands
TXN-F6770AF2-AD6,CNY,Failed,2024-08-22,United Kingdom
TXN-D5A4908F-01F,EUR,Refunded,2024-02-20,Spain
TXN-95DB5598-A9E,USD,Refunded,2023-05-16,Norway
TXN-20C929D9-9B4,LKR,Pending,2024-10-24,Italy
TXN-DFDE6716-DD9,CAD,Refunded,2024-03-18,France
TXN-8B071E98-2DF,JPY,Failed,2024-12-25,Singapore
TXN-AC763507-8A8,SGD,Failed,2023-03-14,China
TXN-BC99B483-E73,AUD,Pending,2023-02-15,France
TXN-E5858522-541,JPY,Cancelled,2023-07-07,Spain
TXN-81EB350F-E4D,INR,Pending,2023-07-28,Singapore
TXN-90039A31-DA7,USD,Refunded,2023-10-29,Canada
TXN-E5977D6E-D27,EUR,Cancelled,2024-12-03,Singapore
TXN-23C81A9C-687,JPY,Completed,2024-09-11,Sri Lanka
TXN-058FA094-5C7,CAD,Processing,2024-08-10,Canada
TXN-A5C4D2E1-E4E,USD,Processing,2024-07-08,Switzerland
TXN-3D9BFD20-55F,AED,Failed,2023-02-03,Singapore
TXN-48BDFF35-BDA,CAD,Processing,2023-03-01,France
TXN-2E1C7B94-1CF,AED,Pending,2023-04-04,Spain
TXN-132A8CCB-7AA,CNY,Pending,2024-10-05,Norway
TXN-30899062-848,AUD,Processing,2024-01-06,Canada
TXN-2051F39B-D60,EUR,Completed,2023-12-05,Sri Lanka
TXN-8F83C3F1-87D,INR,Pending,2023-12-13,South Africa
TXN-72B3A059-39C,CNY,Pending,2023-01-21,Australia
TXN-8B929449-B9E,JPY,Completed,2023-06-20,Norway
TXN-C3B54A0B-9D3,EUR,Failed,2023-12-12,South Africa
TXN-99A83B63-B6A,INR,Processing,2023-08-13,South Africa
TXN-850514F9-3C0,JPY,Failed,2023-08-15,Spain
TXN-82186AB8-D87,AUD,Completed,2023-06-07,Spain
TXN-7E59CFB4-1D1,CHF,Cancelled,2024-01-11,Netherlands
TXN-DA1668D5-2B4,JPY,Refunded,2023-03-01,France
TXN-BDE4A206-FF2,CNY,Refunded,2024-05-20,Brazil
TXN-9714394B-249,CNY,Processing,2023-10-03,United Kingdom
TXN-21C7F711-BDD,AED,Failed,2024-08-24,Italy
TXN-6F57FE5B-DB0,CNY,Pending,2024-02-29,UAE
TXN-623DC0F5-601,AED,Processing,2023-11-12,Australia
TXN-06B27C31-E7B,CHF,Processing,2023-05-27,Norway
TXN-FA3D4B72-74E,GBP,Failed,2024-12-10,France
TXN-3350850A-CA3,USD,Pending,2024-10-15,Sri Lanka
TXN-3CA5363B-690,CNY,Processing,2024-10-03,Japan
TXN-9B217A0A-174,INR,Pending,2023-07-08,Germany
TXN-7DABF900-F82,GBP,Completed,2023-11-13,China
TXN-481B81EA-AED,SGD,Processing,2023-08-08,France
TXN-3703500B-862,EUR,Pending,2024-08-21,United Kingdom
TXN-ED5BACA5-4BC,USD,Refunded,2024-06-29,France
TXN-27607FA0-8AC,GBP,Pending,2023-01-15,Switzerland
TXN-D4295D76-92E,CHF,Completed,2023-04-18,United States
TXN-BD710267-8E4,CHF,Completed,2024-09-30,Canada
TXN-9F952949-2E5,CHF,Completed,2024-02-14,China
TXN-7953DE13-83B,AED,Pending,2024-02-06,UAE
TXN-D93CA031-8B4,LKR,Processing,2023-02-02,United States
TXN-2F6C246D-40F,USD,Processing,2023-12-06,Spain
TXN-9BC7EC4B-DC6,EUR,Refunded,2023-10-26,France
TXN-2CBE7A3A-F7C,GBP,Processing,2024-02-29,South Africa
TXN-828F5838-0C8,GBP,Failed,2024-02-25,Brazil
TXN-6373E76D-AF6,LKR,Refunded,2024-10-11,France
TXN-737EC602-8B0,CNY,Refunded,2024-07-15,United States
TXN-1CDF4320-EC5,INR,Cancelled,2023-06-18,Brazil
TXN-99E2894B-E8E,USD,Pending,2023-07-08,India
TXN-095FF156-A0E,EUR,Cancelled,2023-10-11,Germany
TXN-642C9624-184,USD,Pending,2023-11-26,China
TXN-DB67CF7B-AC1,EUR,Cancelled,2024-09-20,Italy
TXN-9D1D3E6C-687,GBP,Failed,2023-08-07,South Africa
TXN-95F50505-E62,INR,Completed,2023-09-18,Germany
TXN-092C3C7F-5DB,CNY,Refunded,2024-10-08,Netherlands
TXN-EC01F7C5-CDF,INR,Processing,2023-05-12,Singapore
TXN-8A605E17-9D2,CAD,Cancelled,2023-02-27,Japan
TXN-E8AC7056-C8D,SGD,Pending,2024-11-17,Germany
TXN-9279DD49-50A,SGD,Cancelled,2024-02-06,Spain
TXN-53C9F39A-9E5,CNY,Failed,2023-08-10,Germany
TXN-058D77C4-E40,USD,Processing,2024-03-22,Italy
TXN-D04CFBE2-059,EUR,Cancelled,2024-01-01,United Kingdom
TXN-DB105E57-617,LKR,Pending,2023-09-18,Sri Lanka
TXN-F0F9F74C-922,CAD,Failed,2023-07-15,Singapore
TXN-E978C1CB-BFD,JPY,Refunded,2023-09-28,Singapore
TXN-22230870-3E5,CNY,Refunded,2024-01-14,France
TXN-7C653B01-2FA,GBP,Pending,2023-08-19,Sri Lanka
TXN-24F465ED-EA6,GBP,Completed,2024-05-31,Switzerland
TXN-CA38BE3C-431,GBP,Completed,2023-05-26,Sri Lanka
TXN-669C91E2-2B5,EUR,Cancelled,2024-10-01,India
TXN-2BF66E2D-6BD,CNY,Completed,2023-04-12,United States
TXN-5813A533-C21,CAD,Cancelled,2024-02-26,Japan
TXN-759A3978-294,JPY,Processing,2023-09-02,Switzerland
TXN-D5189999-3F1,GBP,Cancelled,2024-02-18,South Africa
TXN-648E6441-90B,GBP,Completed,2023-01-02,UAE
TXN-401F6F55-802,LKR,Refunded,2024-03-29,Japan
TXN-D96C3277-B79,CHF,Failed,2024-05-18,China
TXN-B60FBEC2-22E,CHF,Processing,2024-01-25,Canada
TXN-997B0A43-5B5,JPY,Completed,2023-02-27,Sweden
TXN-05015BA2-DD9,SGD,Cancelled,2023-06-16,Italy
TXN-3C20B9C7-71B,SGD,Processing,2024-05-07,Japan
TXN-E1EE92FD-C35,CAD,Refunded,2023-08-24,India
TXN-949E60B4-501,CHF,Completed,2024-10-22,Norway
TXN-D9B45779-8C0,USD,Completed,2023-03-03,Germany
TXN-2610E7B2-D59,AUD,Refunded,2023-03-22,Netherlands
TXN-16E75B03-3E8,SGD,Cancelled,2023-07-22,India
TXN-42AD60FD-E91,LKR,Pending,2023-04-17,Singapore
TXN-7498F6CF-813,GBP,Processing,2024-03-15,Canada
TXN-0B225E0F-2FA,GBP,Pending,2024-10-21,Sri Lanka
TXN-553DF889-C26,USD,Completed,2023-02-08,South Africa
TXN-2B79EDF2-3E7,EUR,Cancelled,2024-03-17,Sri Lanka
TXN-09D18A85-CD0,INR,Pending,2024-12-03,Sri Lanka
TXN-D6154149-AD3,CNY,Failed,2024-12-05,India
TXN-AD19EC1F-D7D,LKR,Completed,2024-04-17,Germany
TXN-8537553A-015,CNY,Completed,2024-05-10,Canada
TXN-57D9F964-021,CAD,Completed,2023-08-23,Norway
TXN-FA7145AD-4F7,CHF,Processing,2024-08-09,Switzerland
TXN-2BDD9CD9-F90,USD,Failed,2023-06-09,United Kingdom
TXN-5341C1FE-C98,CNY,Refunded,2024-05-17,Sweden
TXN-E6A878D0-A00,INR,Cancelled,2023-07-31,France
TXN-F706C5DB-A7A,AED,Failed,2024-05-25,France
TXN-93088A89-6A0,USD,Processing,2024-01-26,United Kingdom
TXN-8D36C0C5-EEF,USD,Completed,2024-12-01,Australia
TXN-39A9D260-3C8,CAD,Failed,2024-07-26,India
TXN-FFF4EE1F-E8A,AUD,Processing,2023-02-06,Brazil
TXN-D86111BD-85C,AED,Refunded,2024-11-11,Australia
TXN-44DB882C-EE8,GBP,Cancelled,2024-10-18,Canada
TXN-616828A6-E65,SGD,Pending,2024-10-18,Japan
TXN-46BEB078-3DC,AUD,Cancelled,2024-08-31,United Kingdom
TXN-6BBE3CCD-A9A,INR,Refunded,2024-03-26,Italy
TXN-639BC6B9-F1B,LKR,Failed,2024-09-14,Canada
TXN-EF587F12-4C7,AUD,Completed,2024-11-30,Singapore
TXN-93B47D75-9C1,CHF,Failed,2023-04-30,Sweden
TXN-EF73E190-6A9,JPY,Refunded,2023-02-23,Brazil
TXN-E297D9E3-A27,INR,Cancelled,2023-06-15,Singapore
TXN-C8690794-ACC,CHF,Completed,2023-08-29,Sri Lanka
TXN-CCA93617-9EB,CNY,Processing,2023-01-26,Brazil
TXN-7E668D55-1CC,CAD,Failed,2023-11-12,Singapore
TXN-22E03472-335,EUR,Completed,2024-10-12,Japan
TXN-06430D02-08C,USD,Completed,2024-03-18,Italy
TXN-8E5AE570-CE5,SGD,Refunded,2023-01-22,Brazil
TXN-4DCF99EB-FCA,SGD,Failed,2024-08-27,Switzerland
TXN-5BDFCF9F-041,JPY,Cancelled,2023-09-02,Spain
TXN-268AFCF4-AD9,GBP,Failed,2023-06-19,Switzerland
TXN-4164069D-7CE,CNY,Refunded,2024-09-13,Japan
TXN-C9E16326-DD4,AUD,Pending,2024-04-23,United Kingdom
TXN-9F3F1758-55D,EUR,Pending,2023-07-08,United States
TXN-94019BF1-B14,LKR,Failed,2024-07-15,France
TXN-8A4D43F1-DF3,LKR,Cancelled,2024-07-16,India
TXN-AC4C27C7-127,USD,Cancelled,2024-05-18,India
TXN-D55CC6DD-AE2,AED,Refunded,2024-10-25,Canada
TXN-3664D089-88E,SGD,Failed,2024-07-19,Singapore
TXN-97F85E7A-173,JPY,Cancelled,2024-07-02,Sweden
TXN-6A261B25-197,CNY,Completed,2023-01-05,Norway
TXN-90BF20F9-5D0,EUR,Processing,2024-10-02,Italy
TXN-03E957F7-096,JPY,Pending,2024-11-25,Spain
TXN-70B219E8-38B,CNY,Failed,2023-08-03,Brazil
TXN-BC21F80A-3AE,AED,Failed,2023-10-14,Italy
TXN-D92D8857-4F3,LKR,Cancelled,2024-06-10,Canada
TXN-6E1958D8-8C3,CNY,Cancelled,2023-08-01,Germany
TXN-C79029E8-B29,GBP,Cancelled,2023-11-02,Norway
TXN-77B5BC47-28F,INR,Cancelled,2024-08-05,Spain
TXN-7F75BA3B-C50,CAD,Pending,2024-08-07,Norway
TXN-CF5480A8-042,SGD,Processing,2023-07-29,Netherlands
TXN-3E1BE4BB-BF2,JPY,Failed,2023-02-18,Singapore
TXN-9EA62ED5-A0E,CAD,Failed,2024-11-30,Australia
TXN-43D88727-81B,AUD,Refunded,2024-11-20,United Kingdom
TXN-D18B2813-54B,CHF,Cancelled,2023-11-21,United States
TXN-F1E205BC-B33,CAD,Cancelled,2023-01-17,Japan
TXN-C78C873D-4A3,AED,Failed,2024-10-23,India
TXN-2027F2CB-732,GBP,Failed,2024-05-20,South Africa
TXN-0E0965AE-329,LKR,Refunded,2024-09-07,France
TXN-372B43D2-0BE,CAD,Pending,2024-10-18,Switzerland
TXN-EDE0BAF2-94C,AED,Failed,2023-10-05,Australia
TXN-EF3B2270-9E8,CAD,Completed,2024-02-09,Brazil
TXN-56845C3B-D6D,SGD,Completed,2024-09-03,Singapore
TXN-50221D86-786,AED,Failed,2023-08-23,United States
TXN-E443BB49-12F,JPY,Refunded,2023-02-17,Switzerland
TXN-7A5401DC-B63,AUD,Cancelled,2023-05-05,United States
TXN-2A7DCF2D-598,AUD,Completed,2023-10-17,France
TXN-9C97B167-E39,CAD,Cancelled,2023-07-17,Sweden
TXN-9AD05179-17A,LKR,Refunded,2024-06-02,Norway
TXN-DB2027BE-A47,LKR,Completed,2023-11-26,Brazil
TXN-42A3745A-627,CHF,Processing,2024-05-16,UAE
TXN-2DF8DBF8-C33,CNY,Failed,2023-12-03,Sweden
TXN-20DB6D14-D3D,LKR,Processing,2024-12-07,Canada
TXN-4D4B9C18-789,AUD,Completed,2024-07-25,South Africa
TXN-EAFEBE39-CC1,JPY,Pending,2023-07-30,UAE
TXN-0A5A4E27-6F7,CHF,Completed,2024-12-12,Norway
TXN-0AFFF692-B9D,EUR,Cancelled,2024-08-20,India
TXN-691A8C25-12E,GBP,Cancelled,2023-09-22,China
TXN-C66814E2-828,INR,Refunded,2024-10-28,Australia
TXN-3835DBBB-3CC,JPY,Completed,2024-08-06,India
TXN-3EBD1FAD-DB6,AED,Completed,2023-06-13,China
TXN-D9892ED6-D25,GBP,Completed,2023-01-19,China
TXN-42968B40-29B,CNY,Failed,2024-09-22,Australia
TXN-F332295D-E03,GBP,Refunded,2023-03-26,Australia
TXN-CE60E8BC-844,JPY,Cancelled,2024-06-04,Italy
TXN-9D3AC94C-770,CNY,Refunded,2023-12-05,United Kingdom
TXN-6DDD6738-8EC,INR,Failed,2023-03-06,UAE
TXN-94B63371-AA7,AED,Processing,2023-09-06,Germany
TXN-28269CF4-25E,CAD,Completed,2024-01-14,Norway
TXN-89F0D696-36B,SGD,Pending,2024-12-30,Switzerland
TXN-C4F15737-5EF,AUD,Cancelled,2024-02-07,India
TXN-923E22A6-621,GBP,Completed,2024-07-31,Brazil
TXN-75AC8215-94B,AUD,Completed,2023-01-20,UAE
TXN-CF3A91C6-F72,CHF,Processing,2024-02-01,France
TXN-13484912-420,INR,Processing,2023-07-17,South Africa
TXN-B5A9A608-349,GBP,Processing,2023-09-23,China
TXN-85522B43-9FD,CNY,Failed,2024-11-27,France
TXN-335A9BAA-309,SGD,Completed,2024-11-22,China
TXN-3DDAC5A3-36A,CAD,Failed,2024-10-06,South Africa
TXN-4812BDDC-7B0,CHF,Failed,2023-04-09,China
TXN-5CC0EEE5-04F,USD,Refunded,2023-05-16,Canada
TXN-4A8E8032-D21,USD,Refunded,2024-02-21,Sweden
TXN-D9A5D5F4-A03,SGD,Processing,2023-09-17,Sweden
TXN-6D08915D-4E5,AUD,Pending,2023-12-28,Switzerland
TXN-DBDBCA37-46D,CNY,Processing,2024-11-20,Germany
TXN-A0BB236C-9B1,JPY,Cancelled,2023-05-27,Singapore
TXN-4CE0BD80-646,LKR,Refunded,2023-07-31,Japan
TXN-CDBBFC79-323,CHF,Failed,2023-01-13,South Africa
TXN-2CD04ABC-DC7,CAD,Processing,2024-03-19,China
TXN-E64D9928-0DA,CAD,Pending,2023-07-16,United States
TXN-4119BBF2-DD6,CNY,Failed,2023-01-12,Norway
TXN-D5E09FE4-6ED,CAD,Pending,2023-09-25,Sri Lanka
TXN-9A706EA3-C0F,AUD,Pending,2023-05-10,Netherlands
TXN-DC88DCA6-E2F,AED,Refunded,2024-01-16,Italy
TXN-B96E7ECE-F3B,CAD,Processing,2024-07-29,China
TXN-BFA7E7E2-57F,CHF,Processing,2024-06-20,Switzerland
TXN-3FC1FD2A-4D4,GBP,Completed,2024-06-06,Japan
TXN-EE7992CD-192,JPY,Pending,2023-03-04,Sweden
TXN-A81C0684-193,CNY,Failed,2023-07-23,United Kingdom
TXN-C0EAB32D-CEF,SGD,Cancelled,2024-06-08,Germany
TXN-27AAC788-2AC,CHF,Processing,2023-04-14,Japan
TXN-BD02F90D-B44,CAD,Failed,2024-04-16,China
TXN-6F6DF472-028,AED,Failed,2024-09-24,UAE
TXN-E1670279-C31,CAD,Refunded,2023-12-11,Norway
TXN-7C3EB465-E3E,INR,Failed,2024-10-02,South Africa
TXN-EAC5A38A-C19,GBP,Cancelled,2024-09-03,Sri Lanka
TXN-D10831E8-83B,AED,Failed,2024-02-18,Australia
TXN-F2F58061-056,SGD,Failed,2023-11-25,Netherlands
TXN-78F88E9E-4D2,EUR,Pending,2023-09-29,China
TXN-69762BEA-D07,SGD,Processing,2023-05-07,Singapore
TXN-B42BF05E-FD6,LKR,Refunded,2024-05-19,Australia
TXN-AB304E50-60E,LKR,Processing,2024-03-08,Spain
TXN-1BDE9669-FF9,LKR,Completed,2023-10-13,Norway
TXN-E221D3D5-5CF,CNY,Completed,2023-03-09,Australia
TXN-071FF7D5-BA6,CNY,Pending,2024-10-30,Canada
TXN-87846066-A8D,LKR,Pending,2024-05-29,Netherlands
TXN-B12C6F88-B6C,JPY,Processing,2023-01-25,Norway
TXN-A7FE5CE8-7D2,AED,Completed,2023-05-04,UAE
TXN-3EA5FDC3-B28,GBP,Processing,2024-11-07,Italy
TXN-3B68D3D1-AF6,CAD,Completed,2024-10-25,South Africa
TXN-64DD78D0-5B2,GBP,Processing,2023-11-12,Italy
TXN-FF4B81C9-DA9,CAD,Completed,2024-10-17,India
TXN-CD5E1555-138,CNY,Pending,2024-02-23,Italy
TXN-316564D7-FED,SGD,Completed,2024-12-30,Japan
TXN-EC2AD34D-5EE,AED,Failed,2023-09-12,China
TXN-62F9C26E-EEC,JPY,Failed,2024-01-28,China
TXN-215E6163-A96,INR,Processing,2023-03-02,Sweden
TXN-26D25D45-321,JPY,Completed,2023-06-07,Netherlands
TXN-A29865B5-34D,CNY,Completed,2023-02-18,Canada
TXN-89066103-834,CNY,Cancelled,2024-02-03,United States
TXN-7C56DFB8-662,EUR,Failed,2023-12-20,Netherlands
TXN-E1329407-FAD,CAD,Failed,2024-08-15,Spain
TXN-7262B249-6B7,LKR,Completed,2023-12-08,Spain
TXN-690DD4B2-54E,INR,Failed,2024-01-23,Australia
TXN-20D3EEDA-7B4,AED,Cancelled,2024-05-12,UAE
TXN-10179DA2-C6F,USD,Processing,2023-12-01,Singapore
TXN-944E502A-7B9,GBP,Cancelled,2023-03-03,UAE
TXN-3B820DB6-BD5,INR,Pending,2024-09-13,United States
TXN-9D8AF739-AE8,CHF,Refunded,2024-05-15,Brazil
TXN-516778F2-05B,AUD,Completed,2023-11-28,Spain
TXN-972945AB-7E1,JPY,Pending,2024-09-29,Spain
TXN-3DA2B6EA-DB0,INR,Processing,2024-07-03,Italy
TXN-F3B0D82D-055,GBP,Pending,2023-09-12,China
TXN-D7AF6BA1-983,SGD,Refunded,2024-02-23,France
TXN-59363EF7-0D2,AUD,Completed,2024-03-10,United Kingdom
TXN-52A14659-33F,CAD,Failed,2023-12-05,Sweden
TXN-A4D554AB-C67,USD,Processing,2024-10-09,Norway
TXN-8E8F37A2-F29,EUR,Completed,2023-01-20,France
TXN-277F356F-7CA,AUD,Failed,2024-02-23,Italy
TXN-DB6ECC7C-197,CHF,Failed,2024-08-03,Sri Lanka
TXN-A3E91F53-15D,SGD,Completed,2023-02-02,Australia
TXN-1906B008-A42,EUR,Pending,2024-08-30,China
TXN-9F9C171C-3BB,AUD,Refunded,2023-05-25,Japan
TXN-B677BFEC-A6F,CHF,Refunded,2023-08-21,China
TXN-8C930B23-72E,AUD,Processing,2024-08-15,United Kingdom
TXN-52D82374-A03,EUR,Refunded,2024-08-18,Germany
TXN-E9D58BAB-E81,AUD,Pending,2023-12-13,Switzerland
TXN-25F260A5-564,USD,Completed,2023-11-16,Italy
TXN-1121D838-EE6,AED,Processing,2023-06-08,Norway
TXN-C2D9B155-B15,SGD,Pending,2023-07-19,Japan
TXN-86C55E8D-880,LKR,Failed,2024-01-05,UAE
TXN-122C8E50-1EE,SGD,Processing,2024-08-03,Norway
TXN-0681A9E6-E43,CAD,Pending,2024-12-23,UAE
TXN-33A61DBC-4FA,JPY,Completed,2024-05-06,France
TXN-8CD711C2-FE8,CAD,Refunded,2023-06-29,Italy
TXN-224E4A4E-E96,INR,Pending,2024-04-23,Germany
TXN-406CE16F-744,CHF,Completed,2024-09-01,South Africa
TXN-2C6A5934-385,CHF,Cancelled,2024-10-23,India
TXN-A9626117-5EA,CNY,Pending,2023-04-19,Sweden
TXN-C6BBF939-3FB,INR,Completed,2024-10-13,United Kingdom
TXN-98827C8E-5E9,USD,Processing,2023-08-18,Norway
TXN-FD12E944-FF8,AUD,Processing,2023-03-30,China
TXN-7CF15946-D37,SGD,Pending,2023-03-27,Germany
TXN-8E714B70-2C5,GBP,Completed,2023-06-02,United States
TXN-1B7377A8-DBB,GBP,Failed,2023-12-22,Switzerland
TXN-C925D8C7-B5F,AUD,Cancelled,2023-08-22,Italy
TXN-D5354FF4-96E,LKR,Failed,2024-02-13,India
TXN-7E2CA044-7B0,AUD,Processing,2024-11-24,UAE
TXN-F3D48C4F-212,CHF,Cancelled,2024-10-11,Sweden
TXN-210626C6-B23,USD,Completed,2023-01-26,China
TXN-F0E6E4DB-185,CNY,Processing,2023-03-10,UAE
TXN-46D20F4B-3FF,USD,Pending,2024-07-18,Netherlands
TXN-13BA1F83-255,SGD,Completed,2023-11-23,Singapore
TXN-662A48C5-6A1,CNY,Refunded,2024-06-04,Sri Lanka
TXN-FB26498D-E8A,JPY,Processing,2024-11-29,France
TXN-7C21A017-AF8,LKR,Failed,2023-06-26,France
TXN-4048F203-2F7,CNY,Processing,2023-05-30,Sweden
TXN-12F071D7-E4A,INR,Failed,2024-02-17,Switzerland
TXN-91E73EBE-457,CHF,Pending,2024-03-11,Japan
TXN-1AC0A37C-CE4,EUR,Refunded,2024-12-26,United Kingdom
TXN-D5B08672-D6D,CNY,Refunded,2023-11-30,UAE
TXN-4721D0CB-7A3,SGD,Refunded,2024-09-16,Switzerland
TXN-0DB41CCD-45E,CAD,Cancelled,2023-12-19,Spain
TXN-10FC034A-99D,EUR,Failed,2023-02-25,Switzerland
TXN-5455E676-1FC,CAD,Refunded,2024-06-03,Italy
TXN-439A1FB5-5C9,CNY,Pending,2024-12-31,Switzerland
TXN-715AA89A-C8B,INR,Cancelled,2024-07-09,United Kingdom
TXN-613A926E-40E,EUR,Processing,2023-04-20,Spain
TXN-51C42C21-7C0,GBP,Completed,2023-05-15,China
TXN-E3E7C3CD-069,CHF,Cancelled,2023-02-21,Switzerland
TXN-52AF1304-E7E,JPY,Completed,2024-02-17,Canada
TXN-EFB0C851-47F,INR,Refunded,2023-07-04,Japan
TXN-6B508EDB-5C8,CHF,Cancelled,2023-09-05,France
TXN-9A5EFC05-8A7,JPY,Processing,2024-01-26,UAE
TXN-A946ECA7-B0F,GBP,Processing,2024-02-13,Sri Lanka
TXN-D2AD3D23-009,AUD,Cancelled,2024-11-19,Italy
TXN-04420C70-15D,CHF,Completed,2024-10-29,Germany
TXN-9F53D6BF-8E6,JPY,Cancelled,2023-10-18,Germany
TXN-5C2A39D7-368,AED,Cancelled,2023-03-20,Sri Lanka
TXN-F218BF09-85F,AED,Cancelled,2023-06-04,Brazil
TXN-4F2176FA-5BB,INR,Refunded,2024-06-15,Spain
TXN-32B6EA72-EED,CNY,Processing,2024-06-21,Sri Lanka
TXN-D7E6367A-E2F,USD,Pending,2023-10-28,United States
TXN-A8953ABF-B5D,CHF,Cancelled,2023-10-21,Singapore
TXN-727C9F80-1E4,EUR,Failed,2023-05-29,India
TXN-C31CA247-FD2,USD,Refunded,2023-02-17,South Africa
TXN-45EA845D-C9F,USD,Failed,2023-08-06,South Africa
TXN-F60EE446-A72,INR,Refunded,2023-05-29,UAE
TXN-42BFDB21-FED,GBP,Completed,2024-09-19,India
TXN-548AF31E-968,JPY,Refunded,2023-12-11,Sri Lanka
TXN-22299333-73F,CHF,Refunded,2023-06-09,India
TXN-EAE2EAB6-F3B,AED,Cancelled,2023-05-10,Singapore
TXN-578DFC83-160,CAD,Pending,2023-08-09,France
TXN-422F9031-B92,CAD,Cancelled,2024-07-09,UAE
TXN-EF634465-DDB,CNY,Pending,2023-02-18,Norway
TXN-2AB48C9E-341,CHF,Processing,2024-09-16,United States
TXN-F8B891A3-4C6,AED,Processing,2023-12-26,Japan
TXN-5E561239-705,AED,Pending,2023-05-28,India
TXN-DCC0668C-6A7,CHF,Completed,2024-03-24,Brazil
TXN-844428AB-6B3,AED,Failed,2024-12-25,United Kingdom
TXN-66CFA9EF-92C,GBP,Cancelled,2023-06-17,Germany
TXN-BC814E1F-7C5,AUD,Refunded,2023-02-17,Brazil
TXN-543666E6-905,CAD,Processing,2023-12-08,UAE
TXN-1C2D0D93-EA3,INR,Refunded,2024-01-29,United States
TXN-EE9EF36E-E1A,AUD,Cancelled,2024-05-27,United Kingdom
TXN-4DB72192-2C1,AUD,Pending,2023-06-11,India
TXN-06E20C86-D99,JPY,Failed,2024-12-12,South Africa
TXN-280F29E8-1A7,SGD,Completed,2024-05-31,India
TXN-046045EB-04F,USD,Processing,2024-01-27,Australia
TXN-51708301-ADE,GBP,Cancelled,2024-08-21,China
TXN-ACA86DD4-ACF,AUD,Processing,2024-12-01,Germany
TXN-B65720A6-9BC,CNY,Cancelled,2024-09-22,Spain
TXN-304E89AB-0DD,AUD,Pending,2023-03-11,Germany
TXN-93D51DF3-F40,LKR,Pending,2024-07-06,Brazil
TXN-EA595EB5-E78,EUR,Pending,2023-05-11,Brazil
TXN-B556FB21-EDD,CHF,Processing,2023-04-04,Netherlands
TXN-931E36C7-72D,CNY,Processing,2024-09-10,Canada
TXN-E2FCE640-6F7,AUD,Refunded,2024-11-09,Switzerland
TXN-407C96FB-2E5,CNY,Pending,2023-12-03,Australia
TXN-76F1ADDC-AA9,USD,Failed,2023-08-11,Norway
TXN-08495172-7CA,JPY,Processing,2024-07-19,South Africa
TXN-FFFAE536-7DF,INR,Processing,2024-11-03,Japan
TXN-40FBCFB7-146,CNY,Processing,2023-04-14,Canada
TXN-57344830-93E,CHF,Pending,2024-06-20,Germany
TXN-F2E14437-8F6,CHF,Failed,2023-07-16,Spain
TXN-FE62B2A0-488,CAD,Cancelled,2023-08-25,Sri Lanka
TXN-27E90767-00B,CHF,Failed,2023-09-07,Italy
TXN-DDEB3FE7-45C,EUR,Completed,2023-06-14,China
TXN-F96E5721-36C,CNY,Cancelled,2024-08-25,Spain
TXN-EFCFDB8E-F0C,USD,Processing,2024-07-23,Germany
TXN-5B9F074B-069,AUD,Completed,2024-04-01,India
TXN-BE267A1A-8B4,LKR,Processing,2024-03-29,Singapore
TXN-8DE2EED2-822,AUD,Failed,2024-03-22,India
TXN-8D427F53-30D,EUR,Refunded,2024-07-27,Netherlands
TXN-0068FDB7-38E,SGD,Refunded,2024-01-01,Sweden
TXN-ACFF0EA0-4DD,INR,Pending,2024-01-06,Australia
TXN-E47E8388-328,AUD,Pending,2024-10-12,Switzerland
TXN-B6F43A74-999,AED,Completed,2023-11-28,UAE
TXN-C94AA6A3-ED6,AED,Pending,2023-01-25,United States
TXN-DFD34002-68B,EUR,Failed,2023-11-03,Japan
TXN-2BBDC84B-EC6,CNY,Processing,2023-05-28,United States
TXN-ED5799B6-ECD,SGD,Failed,2024-12-22,Switzerland
TXN-25056374-201,CHF,Cancelled,2024-02-11,United Kingdom
TXN-2072F0E1-BFE,SGD,Refunded,2024-11-02,China
TXN-AD3B391C-720,LKR,Processing,2024-12-22,South Africa
TXN-0B555CA3-E24,EUR,Processing,2023-11-12,China
TXN-DC475E31-0D7,JPY,Refunded,2023-12-22,Canada
TXN-F1B9143C-4EA,JPY,Cancelled,2024-04-23,United States
TXN-C2E4B487-BC2,GBP,Pending,2023-10-22,Sweden
TXN-8162992F-E47,INR,Refunded,2024-01-24,United Kingdom
TXN-71BCFB0C-FAC,CNY,Completed,2024-07-13,Norway
TXN-6D70E921-ECF,CNY,Failed,2024-10-03,China
TXN-2D4DC1EE-B17,INR,Pending,2024-08-05,Sweden
TXN-988C47CC-183,EUR,Refunded,2023-06-05,Singapore
TXN-A93E45A9-7F4,USD,Pending,2024-07-05,India
TXN-292C1C36-08F,EUR,Failed,2024-10-26,Brazil
TXN-A822C24B-AD5,EUR,Pending,2024-02-17,Japan
TXN-E886D263-6B2,AUD,Failed,2024-05-28,Germany
TXN-57125EC2-AB5,EUR,Failed,2024-01-09,India
TXN-898BB261-40B,CNY,Cancelled,2024-11-27,Spain
TXN-C3F8857D-1DF,INR,Completed,2024-09-23,Germany
TXN-34CDB1AF-F61,GBP,Failed,2023-04-15,China
TXN-537FAA82-79E,CNY,Pending,2024-01-11,Canada
TXN-C7F77A94-5DE,CAD,Pending,2024-02-06,India
TXN-0336E95D-DD1,CHF,Completed,2024-03-19,Canada
TXN-F44AADA8-296,LKR,Pending,2023-11-10,Sri Lanka
TXN-0380CC4C-777,LKR,Completed,2023-06-18,China
TXN-F01673B8-C2D,CNY,Pending,2024-04-20,India
TXN-B79F2386-941,AED,Pending,2023-12-23,Australia
TXN-E77FD19E-996,AED,Cancelled,2023-05-16,Canada
TXN-11B2640B-2DE,LKR,Cancelled,2023-04-20,Singapore
TXN-B3F9C065-ABD,AUD,Completed,2023-03-08,Sweden
TXN-E3069DC6-706,USD,Refunded,2023-05-08,Sri Lanka
TXN-7A7A0CE8-1D5,SGD,Failed,2023-03-12,Brazil
TXN-7515640E-BDB,CAD,Failed,2024-09-02,South Africa
TXN-2E8499F5-43D,EUR,Pending,2024-03-31,India
TXN-4E85D2C1-298,AUD,Pending,2023-08-05,Italy
TXN-BFF61B92-68C,AED,Processing,2024-02-01,Japan
TXN-073E3117-B67,CAD,Processing,2023-04-04,India
TXN-ECDB5433-99A,AUD,Refunded,2024-09-17,Sweden
TXN-D586CA03-AD7,SGD,Cancelled,2023-03-05,Sri Lanka
TXN-1085D9FB-CC2,LKR,Pending,2024-11-22,United States
TXN-4D2B11DB-F19,CNY,Processing,2023-02-14,Spain
TXN-5412600E-C25,SGD,Processing,2024-06-05,Singapore
TXN-AF424971-6B3,SGD,Refunded,2024-05-16,Sri Lanka
TXN-700E9999-A2C,AED,Completed,2024-05-01,Singapore
TXN-485190AB-654,CAD,Completed,2023-04-19,UAE
TXN-D95FB53D-126,EUR,Failed,2024-01-06,France
TXN-05EC4D59-7D1,USD,Cancelled,2024-02-22,UAE
TXN-CF24ACD9-870,USD,Refunded,2024-01-19,UAE
TXN-8726F591-69A,EUR,Pending,2023-09-15,France
TXN-A016FA6E-4EB,SGD,Processing,2023-01-21,Sweden
TXN-3B169C3D-B2E,SGD,Processing,2024-06-14,Germany
TXN-8C1E1050-A69,EUR,Cancelled,2024-07-13,Spain
TXN-B9323AD1-AFF,JPY,Completed,2024-06-12,Norway
TXN-AC6206FF-AF1,GBP,Cancelled,2024-08-20,Singapore
TXN-91208889-043,LKR,Cancelled,2024-08-09,Japan
TXN-C5B2AD59-191,CHF,Refunded,2024-12-18,China
TXN-6D307BE7-38F,EUR,Refunded,2024-05-09,UAE
TXN-C4100280-5AC,AED,Cancelled,2023-03-08,Brazil
TXN-ED8F06AB-8A3,CNY,Pending,2023-01-19,Sri Lanka
TXN-73305C7F-E8B,CHF,Failed,2023-01-23,UAE
TXN-CE09FA57-A96,USD,Refunded,2024-01-12,Norway
TXN-B6F229CE-EBB,CAD,Refunded,2024-05-13,Italy
TXN-003F06F4-D97,LKR,Pending,2023-01-07,Spain
TXN-F63DF515-C25,AUD,Cancelled,2023-03-18,Spain
TXN-0AFDC397-A23,AUD,Completed,2023-01-30,Japan
TXN-4D608FD3-92A,USD,Refunded,2023-04-04,Singapore
TXN-9B8F117A-776,USD,Failed,2023-02-02,United States
TXN-E6C03207-B9B,LKR,Cancelled,2024-08-28,Canada
TXN-C672F921-582,USD,Completed,2023-07-03,Italy
TXN-1EBE88FF-E3B,CNY,Completed,2024-12-14,Singapore
TXN-17DAAE78-B5D,AED,Processing,2023-10-26,United States
TXN-CE8330E6-E94,JPY,Failed,2024-04-18,Brazil
TXN-F460A0A0-CE3,SGD,Pending,2024-11-12,Italy
TXN-71A06DFF-4D4,CHF,Failed,2024-12-17,Italy
TXN-D00DD795-59C,AUD,Failed,2024-01-11,United Kingdom
TXN-8F43AC6E-1CC,CHF,Processing,2024-05-11,Italy
TXN-936A5CDF-DCA,CNY,Processing,2023-11-27,South Africa
TXN-6F0FB31F-D4E,CHF,Processing,2024-12-23,Sweden
TXN-E3F209D4-73E,CNY,Completed,2023-08-28,Sweden
TXN-DEE0C95A-7AB,LKR,Processing,2024-11-24,India
TXN-933E8732-9B2,GBP,Cancelled,2023-04-27,South Africa
TXN-A2F2018D-066,CAD,Cancelled,2023-10-31,China
TXN-4106E29F-7A2,AUD,Completed,2024-05-10,Canada
TXN-EB16A07E-1BC,JPY,Refunded,2024-04-02,Japan
TXN-F159A2A8-5A6,SGD,Refunded,2023-08-09,United States
TXN-55A3F289-D82,CHF,Cancelled,2023-09-24,South Africa
TXN-13CFAC33-B49,EUR,Refunded,2023-10-04,United Kingdom
TXN-BF23FD0A-063,CHF,Cancelled,2023-02-19,Brazil
TXN-4924D681-4CD,AED,Failed,2024-09-08,Norway
TXN-AB42B601-E5E,JPY,Failed,2023-01-21,China
TXN-3CA5C168-064,USD,Cancelled,2023-01-03,Australia
TXN-A6FEB516-77F,EUR,Pending,2024-07-13,United States
TXN-3D89AEF7-DE8,INR,Cancelled,2024-07-07,France
TXN-8EFA86C8-539,CNY,Pending,2023-08-14,United Kingdom
TXN-03D847A0-828,LKR,Cancelled,2024-05-28,Spain
TXN-23237EF8-EF8,CNY,Processing,2024-08-27,China
TXN-C56624F4-A77,INR,Failed,2024-08-31,Switzerland
TXN-BA23DFC2-A5C,JPY,Completed,2023-09-07,Canada
TXN-84116155-E3C,LKR,Refunded,2023-07-04,Italy
TXN-EBC6C58D-B17,CHF,Refunded,2024-10-30,Canada
TXN-062D37F9-DEA,CNY,Refunded,2024-04-21,Netherlands
TXN-711A2F87-5AA,AUD,Failed,2023-07-12,India
TXN-BA291F5B-BB8,CAD,Cancelled,2024-09-10,Norway
TXN-0DFC7168-F07,CAD,Completed,2024-07-19,Italy
TXN-CEC89DC6-34B,LKR,Failed,2024-11-27,France
TXN-6D4EC59A-B41,USD,Cancelled,2024-07-06,Australia
TXN-FCDEFF93-482,EUR,Refunded,2024-04-01,Australia
TXN-EB9FEC9B-1A3,CAD,Completed,2024-06-13,Switzerland
TXN-18D5C089-A24,USD,Cancelled,2023-05-31,Sri Lanka
TXN-C57DBD39-4C0,GBP,Completed,2023-02-28,Canada
TXN-DCC7A5B6-F26,USD,Pending,2024-01-05,Canada
TXN-5144F62E-4FB,USD,Cancelled,2024-09-12,United States
TXN-8889B87E-4D3,INR,Pending,2023-07-19,France
TXN-7DA7E880-C69,AUD,Refunded,2024-04-08,United States
TXN-ACC05625-2A6,JPY,Failed,2024-04-23,Sweden
TXN-966B231F-F95,GBP,Cancelled,2024-02-22,Australia
TXN-A513DE73-EE5,JPY,Refunded,2023-05-25,Sri Lanka
TXN-40E6B5A3-B29,GBP,Completed,2024-02-20,Sweden
TXN-988E68DE-DD9,AUD,Cancelled,2024-09-28,Singapore
TXN-68196BEE-93C,CAD,Completed,2023-02-22,Singapore
TXN-8AA492B1-55A,CAD,Cancelled,2024-04-01,Germany
TXN-68CAC51A-FD3,AED,Failed,2023-01-27,Japan
TXN-906A34BE-25E,EUR,Failed,2024-04-21,Sweden
TXN-D00C006C-B23,SGD,Pending,2023-08-16,France
TXN-8943A445-CDE,CAD,Refunded,2023-03-26,Singapore
TXN-11B705C9-72E,INR,Pending,2024-06-23,Brazil
TXN-61D2D2D0-09E,LKR,Processing,2023-02-22,United Kingdom
TXN-9E6A650B-0A7,EUR,Processing,2023-09-26,UAE
TXN-2E8C42FD-935,SGD,Processing,2023-07-12,France
TXN-A936C6C1-A08,AUD,Completed,2024-03-22,South Africa
TXN-0A709E4F-2C8,INR,Failed,2024-12-02,Australia
TXN-4863CECF-63A,SGD,Cancelled,2024-12-02,United States
TXN-B0BD7440-91E,CAD,Completed,2023-07-13,Singapore
TXN-8AC53A5F-34D,LKR,Processing,2023-05-19,UAE
TXN-2EF181A0-C70,SGD,Failed,2023-08-20,Japan
TXN-7876831F-B77,SGD,Processing,2024-01-17,Germany
TXN-BB3261D4-FAC,CAD,Pending,2023-08-31,Japan
TXN-48031C46-063,AED,Processing,2024-08-16,UAE
TXN-7F371C1C-383,AUD,Refunded,2024-06-22,Australia
TXN-55F334D5-AB7,CAD,Pending,2024-01-27,Netherlands
TXN-85FD4DFF-75D,AUD,Failed,2023-02-08,Brazil
TXN-CC61CD02-CC3,LKR,Pending,2024-07-06,United States
TXN-15F54B44-277,LKR,Refunded,2023-12-12,UAE
TXN-AAA59568-D8F,LKR,Processing,2023-04-06,Spain
TXN-638C4D36-3BF,CHF,Processing,2024-09-24,Australia
TXN-C704ED47-B73,AED,Processing,2023-04-27,Singapore
TXN-EDEF6ABC-AE1,SGD,Cancelled,2024-08-20,Norway
TXN-A72A4AE4-784,GBP,Processing,2024-08-24,UAE
TXN-77D74C59-5C3,CAD,Cancelled,2023-10-30,Singapore
TXN-23F09C5A-F91,JPY,Completed,2023-10-20,United States
TXN-58001F67-40F,LKR,Pending,2024-01-18,Norway
TXN-08AEB607-EE7,GBP,Refunded,2023-08-08,Sri Lanka
TXN-CF42B8B3-F02,INR,Processing,2024-11-29,Japan
TXN-D3A6768F-25E,INR,Pending,2024-04-01,Norway
TXN-C5D1A154-C00,INR,Processing,2024-02-28,France
TXN-E6CC66AC-B05,SGD,Pending,2023-06-11,Netherlands
TXN-EAE47FFE-C7B,AED,Refunded,2024-11-22,Brazil
TXN-B85FB77C-044,AED,Failed,2023-12-05,Sri Lanka
TXN-DD4C78CB-A44,LKR,Refunded,2023-07-20,China
TXN-92F06FFB-317,USD,Pending,2024-01-02,India
TXN-7B9CA7AF-47C,CAD,Processing,2024-11-13,Sri Lanka
TXN-4AD5D7A0-610,USD,Refunded,2023-05-01,Brazil
TXN-BD8D6134-896,GBP,Refunded,2024-06-01,Japan
TXN-22DE2B0F-3F4,AED,Refunded,2023-12-11,Japan
TXN-F8C36773-EE2,GBP,Completed,2023-03-18,Spain
TXN-7A7ABD0B-806,EUR,Processing,2024-02-06,China
TXN-81BD022B-59A,CNY,Processing,2024-02-01,Switzerland
TXN-7B6BC67B-63C,SGD,Completed,2024-12-23,China
TXN-8D9FF622-E23,CHF,Processing,2023-05-09,Canada
TXN-34070A62-EA6,CNY,Failed,2023-03-25,South Africa
TXN-460C4A4A-302,INR,Refunded,2024-04-26,China
TXN-BEDEFFFE-11D,CNY,Refunded,2023-07-13,India
TXN-B640A258-59D,CHF,Failed,2024-09-18,Spain
TXN-4D3C16FD-E9D,AUD,Failed,2023-03-16,United States
TXN-30806719-FD2,EUR,Pending,2024-09-21,China
TXN-3F1DFFD6-82C,USD,Completed,2023-01-05,UAE
TXN-4EB26C0F-DC7,LKR,Processing,2024-10-23,Singapore
TXN-733A4BFF-F75,GBP,Failed,2023-10-27,Canada
TXN-AEC9A8C8-181,EUR,Failed,2024-06-19,India
TXN-B9816C3B-A81,CAD,Cancelled,2023-01-01,UAE
TXN-9FC0EB24-812,AUD,Failed,2023-04-25,France
TXN-D723FD9B-768,USD,Pending,2024-02-25,Sweden
TXN-87D1B9D9-DBC,INR,Completed,2024-07-17,Canada
TXN-C38AAFED-182,EUR,Completed,2023-10-02,Sri Lanka
TXN-8B9B874C-432,LKR,Failed,2024-10-16,UAE
TXN-4C588748-BE6,CAD,Completed,2023-07-20,United Kingdom
TXN-02BE5C4B-06E,SGD,Completed,2024-07-20,Brazil
TXN-5FC95E9B-B25,USD,Refunded,2024-03-01,Singapore
TXN-A19AB44D-1B6,GBP,Failed,2024-08-19,India
TXN-0A3BCD53-0B9,AUD,Pending,2024-01-14,Sweden
TXN-651BFE20-67E,CHF,Cancelled,2023-08-29,Brazil
TXN-15305B1C-503,GBP,Completed,2024-10-13,Spain
TXN-07DCF5AA-247,CHF,Refunded,2024-10-10,Sri Lanka
TXN-1C5957E2-83D,SGD,Pending,2024-07-12,India
TXN-4B28C51B-2BE,AED,Completed,2024-04-17,Canada
TXN-587DE6FB-AD0,JPY,Failed,2024-06-11,Sri Lanka
TXN-BF01FEC6-77A,LKR,Failed,2024-09-22,Singapore
TXN-ED9E2A22-46D,CNY,Processing,2024-09-10,Norway
TXN-CDFCBD58-22B,CAD,Processing,2024-03-12,Sweden
TXN-AD3EFEA0-5FF,JPY,Failed,2024-12-09,United States
TXN-3D7B2C09-FE9,GBP,Cancelled,2024-12-13,Netherlands
TXN-DF5A7CCF-458,USD,Refunded,2024-12-01,France
TXN-F47E4774-03D,INR,Refunded,2023-02-08,UAE
TXN-D8D8A711-AE8,AUD,Refunded,2023-12-01,UAE
TXN-F5E5966F-778,SGD,Failed,2024-09-21,Spain
TXN-9C70BA42-5BA,GBP,Refunded,2024-02-25,Netherlands
TXN-07A5B776-7A3,CNY,Refunded,2023-02-10,Germany
TXN-736C1E40-017,SGD,Pending,2023-05-23,France
TXN-AC424E48-2B6,AUD,Cancelled,2023-12-22,South Africa
TXN-E44CE2F0-01B,AUD,Completed,2024-02-09,UAE
TXN-F201FEFE-F30,JPY,Refunded,2024-05-26,UAE
TXN-28C9A17F-B77,SGD,Processing,2023-06-11,Spain
TXN-D63989D8-D2C,GBP,Refunded,2023-07-24,Sweden
TXN-3A023E4F-8B3,CAD,Processing,2023-04-01,Australia
TXN-EA405B2B-688,SGD,Failed,2023-06-02,India
TXN-C488190A-00F,JPY,Failed,2023-02-28,Switzerland
TXN-6618AD4B-012,EUR,Cancelled,2024-08-13,Australia
TXN-4332400B-A7C,EUR,Completed,2024-08-22,Germany
TXN-EE6AAD98-585,USD,Cancelled,2024-07-08,Italy
TXN-E4B3A9DA-60A,EUR,Failed,2023-12-27,Singapore
TXN-C8893D98-A5F,INR,Completed,2024-03-19,Italy
TXN-273336B1-D1F,JPY,Completed,2023-03-25,Canada
TXN-E31F9E54-CEE,LKR,Processing,2024-07-11,Canada
TXN-19F7B8D9-425,CHF,Failed,2024-04-20,Australia
TXN-A5FF7E2F-12C,INR,Failed,2024-07-25,Canada
TXN-6302B593-6D3,GBP,Cancelled,2023-04-03,UAE
TXN-92A75D70-5F8,GBP,Pending,2024-09-11,Brazil
TXN-36DD9D35-5F7,JPY,Failed,2024-04-24,Brazil
TXN-7B6D595F-570,LKR,Pending,2024-09-30,Japan
TXN-0044E6AA-089,AED,Refunded,2024-05-10,Norway
TXN-064B895B-A88,CHF,Refunded,2024-11-10,Sweden
TXN-81620616-EA8,EUR,Failed,2023-08-04,Sweden
TXN-2C9DA10F-8C3,USD,Refunded,2023-02-21,China
TXN-3F04881F-4A1,CHF,Cancelled,2024-07-29,Sri Lanka
TXN-2A28B910-36C,AUD,Completed,2023-01-05,Brazil
TXN-6318FDEF-7C3,AUD,Completed,2024-12-11,Germany
TXN-3E78C68D-8E7,CAD,Cancelled,2024-11-05,Italy
TXN-93C63E51-144,EUR,Pending,2023-09-29,India
TXN-EB1ABC69-A94,EUR,Processing,2023-10-22,Canada
TXN-E0D4F39E-A1B,CAD,Refunded,2024-09-07,Germany
TXN-6EBAAB91-E57,JPY,Completed,2023-03-09,Australia
TXN-B3F74FD6-B78,AED,Completed,2023-08-20,Germany
TXN-DEF98260-C88,JPY,Processing,2023-02-15,Spain
TXN-6A1E25B1-E48,LKR,Refunded,2024-09-09,Norway
TXN-A5A3C898-774,CAD,Cancelled,2023-04-20,Netherlands
TXN-A86DD566-B3F,LKR,Processing,2024-06-15,France
TXN-60082462-0E9,JPY,Pending,2024-04-23,Spain
TXN-492DF5CD-7E1,JPY,Cancelled,2024-08-21,Japan
TXN-CB7ED561-E0E,AUD,Completed,2024-03-09,Japan
TXN-D4DE8AFD-1C4,JPY,Pending,2024-11-08,South Africa
TXN-5C45CE8B-AF4,USD,Pending,2024-09-12,Australia
TXN-9BE4B8E3-8CC,LKR,Pending,2023-10-20,South Africa
TXN-83868330-25E,AUD,Processing,2023-05-16,Switzerland
TXN-AD5034B2-E2B,CHF,Refunded,2023-12-22,Norway
TXN-CA114787-D75,LKR,Cancelled,2023-12-09,Italy
TXN-0AC7555F-89F,INR,Refunded,2023-06-30,UAE
TXN-EA175659-5F1,LKR,Processing,2023-05-18,China
TXN-3434EDFA-1A4,CAD,Failed,2023-04-10,Singapore
TXN-1C3D2D6E-B15,USD,Pending,2023-04-11,UAE
TXN-4E264807-C9D,USD,Cancelled,2023-10-12,Japan
TXN-BBDCC6A0-7D8,AED,Cancelled,2024-11-15,Brazil
TXN-9DCF3940-D67,CNY,Completed,2023-12-06,Netherlands
TXN-F516394A-9F2,EUR,Refunded,2023-09-10,Netherlands
TXN-FEAC8933-DDD,CAD,Refunded,2024-09-16,Japan
TXN-8F106248-F65,AED,Cancelled,2024-12-06,Switzerland
TXN-9499C138-6C9,USD,Cancelled,2023-08-27,Norway
TXN-E11B20A2-C93,AUD,Cancelled,2024-02-02,Brazil
TXN-7C776685-149,AUD,Completed,2023-02-09,South Africa
TXN-C3250CF0-466,SGD,Processing,2023-06-16,Netherlands
TXN-A586CBA5-EAC,EUR,Pending,2024-12-04,Switzerland
TXN-BFF19C57-DF0,EUR,Cancelled,2024-01-16,Sweden
TXN-0F4FA02E-7A6,EUR,Completed,2023-06-05,United Kingdom
TXN-C39F42EE-0FF,JPY,Pending,2023-03-18,Switzerland
TXN-DE3310E6-04F,JPY,Completed,2024-01-16,United States
TXN-8D27D4F9-F0C,USD,Cancelled,2024-08-25,France
TXN-1E7C7D27-18D,EUR,Pending,2023-03-04,Japan
TXN-F6FEBFE8-60C,USD,Completed,2023-02-20,South Africa
TXN-6F0F1D08-0DD,LKR,Refunded,2024-04-06,Germany
TXN-CCEA3E9D-8FA,CAD,Failed,2023-08-31,China
TXN-6CC43F53-28A,CHF,Processing,2024-04-19,Norway
TXN-4C7515FF-E8E,SGD,Completed,2024-04-01,Norway
TXN-584B9ACE-BC8,AUD,Refunded,2024-04-14,United States
TXN-0E816C82-DF2,AUD,Completed,2023-08-10,United States
TXN-E4E8CE71-0B1,LKR,Cancelled,2023-06-25,Netherlands
TXN-BF697C07-8B4,JPY,Processing,2024-08-03,South Africa
TXN-43454EAC-F48,AED,Cancelled,2024-10-12,United Kingdom
TXN-C12F70DA-269,CAD,Failed,2023-08-07,Australia
TXN-71788B9E-005,GBP,Completed,2024-09-20,UAE
TXN-E1C5739F-3D1,LKR,Cancelled,2023-06-08,Sweden
TXN-4FFF32D1-880,USD,Completed,2024-06-18,Sri Lanka
TXN-A88AD188-C2B,AED,Processing,2023-08-25,Brazil
TXN-FE4F82BC-5C9,JPY,Completed,2023-10-03,Singapore
TXN-6B111D38-CC4,EUR,Failed,2023-12-25,France
TXN-3E61B760-CF6,INR,Processing,2023-02-07,Netherlands
TXN-B350E6C7-745,CAD,Completed,2024-07-06,Brazil
TXN-78A7D073-258,CAD,Pending,2023-04-21,Sweden
TXN-AB75ACED-23C,CHF,Processing,2023-08-21,Netherlands
TXN-082E67D7-785,EUR,Completed,2024-07-14,Germany
TXN-0E867C6B-A11,JPY,Failed,2024-07-24,Italy
TXN-C59B4788-6F5,CHF,Pending,2024-06-07,United States
TXN-49DFC182-B3B,SGD,Refunded,2024-03-22,Switzerland
TXN-84F129BA-A46,CNY,Pending,2024-01-30,Brazil
TXN-D3E49D48-7BD,INR,Pending,2024-12-23,Netherlands
TXN-5398AF97-964,CAD,Pending,2024-09-17,France
TXN-38D794C5-83C,CHF,Completed,2023-03-30,Sri Lanka
TXN-6BE6B4F5-756,CHF,Pending,2023-04-04,Singapore
TXN-4A991057-5D8,CAD,Refunded,2024-11-29,Norway
TXN-6CBE146E-467,CHF,Refunded,2023-03-20,Switzerland
TXN-6D220526-679,JPY,Pending,2024-01-18,United Kingdom
TXN-4CC0AD8A-284,CHF,Pending,2023-07-09,Japan
TXN-C5582DC2-BA6,AED,Pending,2024-10-11,Germany
TXN-26BC372E-CEA,EUR,Failed,2023-07-27,China
TXN-43B1AD22-9A8,AUD,Processing,2023-05-19,United Kingdom
TXN-373A0CB8-AE5,JPY,Processing,2023-05-22,Netherlands
TXN-3D6C63C1-404,CAD,Failed,2023-09-27,Italy
TXN-0D58076D-F85,JPY,Processing,2024-02-08,China
TXN-57CA2A35-4CA,CAD,Failed,2024-04-06,Germany
TXN-B70F3686-782,AED,Failed,2023-02-15,United Kingdom
TXN-A1215F40-3C1,AED,Processing,2024-02-06,India
TXN-AB9C5F74-00A,CAD,Pending,2023-08-01,Netherlands
TXN-C1EC572A-89F,SGD,Failed,2023-06-01,UAE
TXN-6DF857BA-3BE,LKR,Processing,2023-05-03,Switzerland
TXN-17476981-BBD,GBP,Completed,2024-07-26,Brazil
TXN-874A8642-F19,AED,Completed,2024-11-14,India
TXN-0D663A7E-E0F,EUR,Cancelled,2023-02-24,Germany
TXN-32C9D784-657,AUD,Completed,2024-06-02,Netherlands
TXN-FF6380CD-F6F,AUD,Processing,2024-05-20,Switzerland
TXN-80B93CCF-BA6,USD,Pending,2023-04-08,Sweden
TXN-F25833FC-925,INR,Failed,2023-03-25,United Kingdom
TXN-6B452AA4-D13,CHF,Pending,2023-11-01,India
TXN-BF8AB57C-6D1,CAD,Refunded,2023-11-26,United Kingdom
TXN-D7FA5632-125,LKR,Completed,2023-04-30,Norway
TXN-39AC971E-B29,AED,Refunded,2024-11-04,Norway
TXN-10CAF59A-B53,CNY,Refunded,2024-01-24,Japan
TXN-683F8C16-DCD,EUR,Completed,2023-07-17,United Kingdom
TXN-861810C3-4EC,EUR,Processing,2024-11-05,Japan
TXN-5FF4EA4F-2E0,GBP,Cancelled,2024-08-11,Sweden
TXN-C5B5F09B-F21,JPY,Completed,2023-01-30,Switzerland
TXN-9B1D17EB-1FB,CAD,Cancelled,2024-03-25,Germany
TXN-A977DDA0-54C,SGD,Refunded,2023-02-10,Sri Lanka
TXN-AB04FB2A-C96,SGD,Refunded,2023-05-05,Canada
TXN-FE2D8EA0-AA4,GBP,Failed,2024-11-11,France
TXN-8D3FA33B-2BC,SGD,Processing,2023-08-21,Singapore
TXN-EF537FC4-F53,JPY,Processing,2024-08-18,Italy
TXN-43691F60-08B,JPY,Failed,2024-04-08,France
TXN-C8CF06E9-9C3,CNY,Failed,2024-12-03,South Africa
TXN-5FAAB522-8B9,GBP,Completed,2023-11-25,Germany
TXN-51B011FA-F04,JPY,Pending,2024-05-20,Australia
TXN-2C3EC53B-445,AED,Completed,2023-11-25,Singapore
TXN-F95FC5DB-488,AUD,Processing,2024-05-02,Sweden
TXN-E2223DA2-E06,INR,Cancelled,2023-03-31,South Africa
TXN-A94EEDE7-D44,AUD,Failed,2023-05-21,Brazil
TXN-2E2F400F-5C6,USD,Failed,2023-05-17,China
TXN-3A21B1CD-7E1,JPY,Refunded,2023-08-31,Spain
TXN-32B46DE7-AC0,CHF,Pending,2023-11-11,China
TXN-666F0D13-FA1,CAD,Cancelled,2023-04-10,UAE
TXN-12C9A6DD-E09,JPY,Failed,2024-11-26,UAE
TXN-48FDC6D9-A7C,SGD,Failed,2024-09-07,Sri Lanka
TXN-AE061526-895,GBP,Failed,2024-04-10,Norway
TXN-25890AAF-B0B,EUR,Failed,2024-01-18,Canada
TXN-C9E192DA-B3A,SGD,Processing,2023-12-06,Sweden
TXN-BE5623FD-37E,CAD,Cancelled,2023-04-13,Spain
TXN-9EDA1B57-D1F,INR,Pending,2023-05-29,Netherlands
TXN-F56B0FE2-DDD,AED,Pending,2023-01-05,South Africa
TXN-74397C19-682,AED,Completed,2023-05-21,Norway
TXN-9607ABEC-7A4,CAD,Cancelled,2024-05-04,Canada
TXN-F057476F-AF4,AUD,Failed,2024-11-14,India
TXN-27D24B15-4AF,CNY,Pending,2023-11-07,Switzerland
TXN-44FF152A-BC1,INR,Completed,2023-10-22,Australia
TXN-636E0226-430,SGD,Pending,2024-09-09,Sri Lanka
TXN-4DC43B06-1C2,AUD,Processing,2023-05-28,Germany
TXN-DA269B5A-ADC,USD,Failed,2023-06-26,Spain
TXN-8AB8543E-D2D,CHF,Completed,2023-09-08,United States
TXN-6874D1B4-AF4,USD,Cancelled,2024-02-20,South Africa
TXN-461EB74A-FE3,JPY,Cancelled,2024-10-02,Australia
TXN-5C244887-E1F,SGD,Failed,2024-11-25,India
TXN-6965A25B-483,LKR,Failed,2023-11-17,Italy
TXN-31066F23-ACF,CHF,Processing,2024-08-21,Germany
TXN-833E1108-D59,SGD,Refunded,2024-05-26,Sweden
TXN-7107234F-268,SGD,Processing,2024-08-07,Norway
TXN-B2B8A14E-385,GBP,Failed,2024-05-05,Brazil
TXN-058DCEC7-E59,LKR,Processing,2023-05-21,Singapore
TXN-AAEA270C-6FF,CAD,Processing,2023-07-13,Canada
TXN-F8323324-3FC,CNY,Cancelled,2024-04-03,China
TXN-5D373F34-82F,LKR,Pending,2024-01-08,Italy
TXN-C3FE5869-5E8,INR,Cancelled,2023-10-15,Canada
TXN-61F3EE55-326,GBP,Processing,2023-05-31,Japan
TXN-5D0376D2-EBE,JPY,Cancelled,2024-09-17,India
TXN-C4461182-5EF,JPY,Processing,2023-09-03,Japan
TXN-E2EF9710-D82,AUD,Processing,2023-06-27,Brazil
TXN-4C651439-DBD,CHF,Failed,2024-09-09,South Africa
TXN-6C80EABF-A4D,CAD,Pending,2023-05-29,Netherlands
TXN-5C314DC9-069,USD,Completed,2023-02-27,Norway
TXN-857362FC-4AD,CHF,Cancelled,2023-06-08,Italy
TXN-1234758F-9F3,CAD,Completed,2024-03-30,Canada
TXN-D219F74E-487,CHF,Failed,2023-12-23,Sweden
TXN-E5442C19-697,JPY,Failed,2024-06-29,Canada
TXN-4B697DFE-5EB,CNY,Processing,2023-06-01,Netherlands
TXN-1C6AC3F9-8D1,CHF,Processing,2023-08-19,Italy
TXN-5940D624-6B4,INR,Pending,2024-08-20,Sweden
TXN-A397A867-273,USD,Pending,2024-12-14,Canada
TXN-E080787F-0F8,USD,Refunded,2024-02-03,Australia
TXN-375D123C-136,AED,Failed,2023-11-05,Switzerland
TXN-01347CD6-5AA,LKR,Completed,2023-11-20,France
TXN-F7B88EFE-07D,CNY,Failed,2024-06-10,Sweden
TXN-739FEF95-B88,EUR,Refunded,2024-08-09,France
TXN-2174E200-3F5,USD,Cancelled,2024-01-12,Australia
TXN-85D28147-00A,CHF,Cancelled,2024-06-16,France
TXN-021CDB5B-026,USD,Pending,2023-04-20,United Kingdom
TXN-A6DFDB2D-D72,EUR,Refunded,2023-07-28,South Africa
TXN-24D73F8E-5D8,LKR,Refunded,2023-08-29,China
TXN-4E14E744-E5E,AED,Processing,2024-02-24,Singapore
TXN-2EAE3E00-7B9,INR,Pending,2023-10-21,United States
TXN-55799097-749,INR,Cancelled,2023-07-02,Netherlands
TXN-70E6CFE8-41C,LKR,Failed,2024-02-15,South Africa
TXN-B3C860C1-CE9,USD,Refunded,2024-07-03,UAE
TXN-B29C7A9E-46B,AED,Failed,2024-03-24,Canada
TXN-20795125-CDE,JPY,Completed,2023-12-01,Canada
TXN-11ED0EA4-D02,LKR,Processing,2024-10-02,Sweden
TXN-5356BCFC-D5E,LKR,Refunded,2024-09-04,France
TXN-B1184CFD-F28,AED,Completed,2023-05-05,Sri Lanka
TXN-2A460AD8-84C,INR,Completed,2023-11-13,Brazil
TXN-4B2EA215-F8F,JPY,Refunded,2024-03-06,Italy
TXN-B5D48952-2AE,CNY,Completed,2024-12-29,UAE
TXN-7DC96111-2CC,INR,Completed,2024-08-07,Spain
TXN-CF6A7B55-C6B,CNY,Processing,2024-09-28,Japan
TXN-CFFA9E54-D8B,LKR,Processing,2023-12-08,United States
TXN-102CB798-B11,EUR,Processing,2024-08-22,Brazil
TXN-E39A1078-E87,LKR,Completed,2023-07-20,Switzerland
TXN-9236BF25-27C,INR,Failed,2023-07-16,United States
TXN-23F2A651-80C,CNY,Pending,2024-09-30,Singapore
TXN-E4E3E942-F8A,AED,Completed,2024-05-09,Netherlands
TXN-A8CB2C78-2B8,EUR,Cancelled,2024-06-27,Sri Lanka
TXN-98B1AF47-549,SGD,Failed,2023-03-07,Brazil
TXN-948C6FA8-BB6,CHF,Refunded,2023-03-04,Norway
TXN-DBA755CD-5DA,LKR,Pending,2023-10-08,Germany
TXN-BACECCDB-5F1,CAD,Refunded,2024-09-14,Switzerland
TXN-961AD7AB-A7D,LKR,Pending,2024-08-19,UAE
TXN-8A1AC66D-218,LKR,Failed,2024-05-31,UAE
TXN-D8F222DC-0D6,EUR,Failed,2023-01-20,Norway
TXN-84402B9A-091,CNY,Pending,2023-07-24,United States
TXN-83A037B6-502,EUR,Cancelled,2024-10-18,Germany
TXN-21C7DF12-149,CAD,Completed,2023-10-17,Sweden
TXN-730BF6C6-608,AED,Refunded,2024-05-11,Sri Lanka
TXN-DC450D05-172,AED,Completed,2023-02-07,United States
TXN-9E311F71-75B,SGD,Failed,2024-12-29,Norway
TXN-6B8491E0-7DB,SGD,Pending,2023-08-24,Germany
TXN-6E596AA6-9C1,EUR,Refunded,2024-03-30,South Africa
TXN-60B76204-F32,CAD,Refunded,2023-03-22,Switzerland
TXN-58FCAE51-D32,CNY,Completed,2023-12-13,Italy
TXN-F59AF102-D45,LKR,Completed,2024-08-25,Singapore
TXN-C038838A-91E,GBP,Refunded,2024-04-24,United Kingdom
TXN-A929BCE1-622,JPY,Processing,2024-07-03,France
TXN-ECC8D93F-C1B,AED,Cancelled,2023-11-23,United Kingdom
TXN-20EBBCB9-E86,CHF,Processing,2024-01-12,Italy
TXN-D035FE1A-338,CHF,Cancelled,2024-05-08,Canada
TXN-B71FE44C-36A,CAD,Cancelled,2023-12-27,United States
TXN-CDE15977-130,AED,Refunded,2024-06-20,UAE
TXN-DC224C3A-3E0,INR,Processing,2024-10-14,United States
TXN-CB5EF1AA-455,AUD,Processing,2024-10-25,France
TXN-EBC4BEAA-E86,LKR,Cancelled,2024-03-29,Norway
TXN-C6F22222-237,EUR,Pending,2024-10-08,Sweden
TXN-07A42917-9BA,CAD,Completed,2024-08-25,UAE
TXN-E2C25B7C-C09,CAD,Processing,2024-06-09,Germany
TXN-0B24CFF7-EC0,CAD,Cancelled,2023-01-13,Brazil
TXN-1D727CC0-634,AUD,Pending,2024-05-30,United States
TXN-343BEF84-5A0,SGD,Cancelled,2023-12-09,Netherlands
TXN-7A03CCD6-762,CNY,Refunded,2024-11-02,Brazil
TXN-A32B4F51-1DC,GBP,Failed,2024-12-24,United States
TXN-3BC85543-E66,SGD,Completed,2024-03-11,Spain
TXN-43346149-D2F,USD,Cancelled,2024-11-12,Norway
TXN-F9D2AB71-29F,LKR,Cancelled,2024-03-20,Japan
TXN-33D2CBF2-6F4,INR,Refunded,2024-05-16,India
TXN-D75A63F3-1F5,SGD,Processing,2024-10-27,Australia
TXN-62E5B607-BDE,INR,Completed,2023-09-18,Australia
TXN-1227DB03-2A8,AUD,Pending,2023-11-28,Netherlands
TXN-6E4EA13A-A70,INR,Refunded,2023-07-05,Netherlands
TXN-21BD322D-D73,SGD,Cancelled,2024-05-11,Netherlands
TXN-C4F66566-D43,AUD,Refunded,2023-02-11,Germany
TXN-A891F232-794,AED,Processing,2023-09-26,United Kingdom
TXN-483D92A6-AB6,CNY,Pending,2024-04-17,Germany
TXN-8C9CB896-585,USD,Processing,2024-10-25,China
TXN-55ABB451-95B,EUR,Failed,2023-07-24,Canada
TXN-CCEE5034-90F,LKR,Pending,2023-01-16,Singapore
TXN-CBD6391D-0D8,CNY,Processing,2024-02-24,Germany
TXN-5E8C711B-1CC,CAD,Cancelled,2023-04-19,Sri Lanka
TXN-34DF759C-F27,INR,Cancelled,2024-11-16,India
TXN-24C4667E-341,SGD,Cancelled,2024-08-28,India
TXN-F18A9227-282,CHF,Pending,2023-01-27,Japan
TXN-3964705A-A6B,USD,Failed,2024-12-12,Australia
TXN-CFA3A260-020,INR,Refunded,2023-09-03,Norway
TXN-50999EF5-B0E,EUR,Completed,2024-10-31,Switzerland
TXN-8E81F371-43C,SGD,Cancelled,2024-12-03,Australia
TXN-4B9FD56F-A49,CAD,Completed,2024-04-22,Brazil
TXN-650CF68F-A19,CHF,Refunded,2023-06-02,Germany
TXN-CADF3888-163,EUR,Processing,2024-01-27,Germany
TXN-4C927650-5C7,EUR,Processing,2023-02-23,United States
TXN-B3B703FE-882,CAD,Refunded,2024-09-02,United Kingdom
TXN-C5B85575-2DF,AED,Pending,2024-12-24,Netherlands
TXN-3CCEE202-FA9,CNY,Processing,2024-03-22,United Kingdom
TXN-35757DC2-738,CNY,Refunded,2023-08-09,South Africa
TXN-07EC584F-BE6,CHF,Failed,2024-12-02,Italy
TXN-978D8185-7F0,CAD,Pending,2023-02-21,UAE
TXN-EB240B11-D06,EUR,Cancelled,2023-04-23,Brazil
TXN-E61527A7-FD1,CNY,Refunded,2023-11-18,India
TXN-B17646A5-8EF,LKR,Completed,2023-04-08,Norway
TXN-8A32E404-3AA,AED,Processing,2024-12-24,Sri Lanka
TXN-B7DE4275-EF6,INR,Failed,2023-03-17,Netherlands
TXN-F6F6A5A6-212,AUD,Completed,2024-01-22,Sri Lanka
TXN-70195264-B74,AUD,Completed,2023-06-05,Sri Lanka
TXN-3403890B-BD2,INR,Processing,2023-01-31,Japan
TXN-759086BC-250,JPY,Cancelled,2024-07-18,Netherlands
TXN-660408FB-5B2,INR,Refunded,2023-07-11,United Kingdom
TXN-07411390-D07,GBP,Refunded,2023-05-16,Sweden
TXN-B1226944-2E2,GBP,Refunded,2023-05-09,Sweden
TXN-72D9B289-107,INR,Failed,2023-08-02,Spain
TXN-BD928CA5-D2C,EUR,Pending,2023-01-27,United States
TXN-BD725C27-D25,LKR,Failed,2023-03-05,Italy
TXN-839BF84D-A96,CNY,Cancelled,2023-11-11,South Africa
TXN-32C60466-13E,CNY,Cancelled,2024-06-10,Switzerland
TXN-E7752EEE-EFC,SGD,Pending,2023-09-06,UAE
TXN-4468BB5C-805,INR,Completed,2024-08-14,Norway
TXN-99D55F34-DE0,USD,Cancelled,2023-12-12,Netherlands
TXN-DBF01871-6EA,AED,Processing,2024-02-16,Norway
TXN-21CD21B9-1FC,INR,Completed,2024-10-05,Brazil
TXN-3DE95207-15B,GBP,Cancelled,2023-03-23,India
TXN-8310E845-A8C,CAD,Completed,2024-10-17,Australia
TXN-A97F5415-3D2,CAD,Pending,2023-04-12,Brazil
TXN-E000A59F-879,CHF,Completed,2024-02-13,Germany
TXN-9245F921-6AB,GBP,Refunded,2024-10-31,India
TXN-D195C71D-AEC,USD,Cancelled,2024-09-18,Italy
TXN-8E911F69-8BD,LKR,Completed,2024-06-09,South Africa
TXN-82DF4C15-464,LKR,Completed,2023-08-09,Singapore
TXN-120F79C9-8B0,GBP,Refunded,2024-10-21,Sweden
TXN-D57A7DA0-901,CHF,Refunded,2023-07-14,Germany
TXN-7FFAA579-E71,CAD,Processing,2024-07-23,Sri Lanka
TXN-396ACFF5-369,CNY,Pending,2023-02-27,Australia
TXN-F5F131FB-E55,CNY,Refunded,2023-03-18,Brazil
TXN-BB9C6BF8-1E5,USD,Cancelled,2024-02-19,Netherlands
TXN-FC18E3FA-F97,GBP,Completed,2023-07-26,Japan
TXN-C1101AD5-A7D,CNY,Refunded,2023-07-13,Spain
TXN-B1BD7C84-FE2,SGD,Refunded,2023-11-22,Sweden
TXN-DE3CC81C-AA2,CNY,Refunded,2023-05-10,Brazil
TXN-AEFB755B-0A8,JPY,Cancelled,2023-02-16,Italy
TXN-2DABEB28-414,AUD,Cancelled,2024-08-04,Australia
TXN-5AFF4CD7-563,AUD,Completed,2023-01-01,Sri Lanka
TXN-A7E0277A-5C5,INR,Failed,2023-08-30,Switzerland
TXN-80ECC0B7-13B,CAD,Pending,2023-02-24,Spain
TXN-3CD0DDD1-A78,SGD,Pending,2023-08-07,Norway
TXN-E04DFCFF-A1F,EUR,Completed,2024-04-18,Sweden
TXN-923F9EAD-166,SGD,Processing,2023-10-19,Canada
TXN-36A2E130-958,CHF,Failed,2023-08-26,Spain
TXN-E593483C-746,SGD,Refunded,2024-01-04,Spain
TXN-355DFEA7-0A4,LKR,Pending,2023-08-15,Australia
TXN-0FA35433-247,GBP,Processing,2023-12-22,Switzerland
TXN-49E107AD-CB9,CHF,Failed,2023-07-12,South Africa
TXN-653DBCC0-3CE,AUD,Completed,2023-02-13,Germany
TXN-8A780834-5BD,CHF,Pending,2023-07-15,Italy
TXN-BD05FE43-094,GBP,Completed,2023-03-11,Japan
TXN-AB237449-08F,EUR,Refunded,2024-09-02,Germany
TXN-4EE662CC-78A,CHF,Cancelled,2024-02-03,Singapore
TXN-01237B36-597,CAD,Failed,2024-03-05,Spain
TXN-C2AD5C3B-F21,EUR,Processing,2023-06-21,Germany
TXN-496BE708-D98,CNY,Processing,2023-12-31,India
TXN-5CC0F7BD-5BD,CAD,Processing,2024-05-16,France
TXN-7D517633-C2A,SGD,Completed,2024-07-20,Australia
TXN-C15604A2-AE2,JPY,Processing,2023-03-03,United Kingdom
TXN-AB88A342-1D2,CNY,Refunded,2023-09-24,Switzerland
TXN-F992A7DE-AAA,EUR,Cancelled,2023-05-17,Canada
TXN-B5253BB2-4EC,CHF,Cancelled,2024-02-28,United Kingdom
TXN-F02422A8-281,EUR,Cancelled,2024-08-07,South Africa
TXN-DFBA7D8E-D7F,GBP,Failed,2024-10-14,Norway
TXN-FD301233-A31,AED,Processing,2023-01-30,Australia
TXN-B188EE33-4D3,INR,Processing,2023-03-24,Japan
TXN-5324734B-695,JPY,Failed,2024-03-26,South Africa
TXN-C111B830-3D8,JPY,Cancelled,2024-09-09,United Kingdom
TXN-9AB204FB-1B6,AUD,Cancelled,2024-02-15,Germany
TXN-8A91000F-1EF,INR,Completed,2023-07-17,Italy
TXN-7A457795-E45,JPY,Completed,2024-01-07,Italy
TXN-8E289327-2DC,AUD,Cancelled,2024-07-16,Norway
TXN-8717F69A-8A4,CHF,Cancelled,2023-12-05,United Kingdom
TXN-BE7A157B-662,CAD,Failed,2024-04-09,Norway
TXN-563D3025-60B,JPY,Completed,2024-01-19,Germany
TXN-81DC91AA-70C,LKR,Processing,2023-10-13,Germany
TXN-4603BEFF-9D2,INR,Refunded,2023-10-21,Singapore
TXN-91905D1D-C45,AED,Processing,2023-12-10,Spain
TXN-5369C742-FC8,AUD,Refunded,2023-11-18,Sweden
TXN-35138079-27F,LKR,Failed,2024-06-15,UAE
TXN-6FE4C468-4C1,USD,Processing,2023-01-11,Australia
TXN-C2E432C0-C13,SGD,Failed,2024-04-16,United States
TXN-C2BDB1D9-399,USD,Completed,2024-04-08,Netherlands
TXN-9FB429E4-1C8,LKR,Refunded,2023-05-16,United Kingdom
TXN-CB204D42-C7A,AUD,Pending,2023-07-25,France
TXN-732BAB5A-EAF,GBP,Processing,2023-09-16,Brazil
TXN-40BB023D-4AB,CAD,Completed,2024-03-15,United Kingdom
TXN-B736FDC8-B84,USD,Refunded,2024-01-27,Switzerland
TXN-A5F3C8D0-047,AUD,Pending,2024-10-23,China
TXN-A874015B-4DD,CAD,Pending,2023-08-12,Germany
TXN-122CD35C-84E,AED,Completed,2024-05-25,Germany
TXN-B56DA7CF-9E5,LKR,Pending,2023-06-22,India
TXN-44243AB5-A6B,CNY,Refunded,2024-04-19,Sri Lanka
TXN-12915342-1C1,USD,Pending,2024-05-02,Netherlands
TXN-B6E32C8B-500,CHF,Cancelled,2023-07-25,Italy
TXN-D74EDF66-D6C,AED,Failed,2024-11-08,Singapore
TXN-1C7FA169-202,EUR,Refunded,2024-10-12,Switzerland
TXN-53E3C7CF-9B4,CNY,Completed,2023-06-18,India
TXN-0B732C6F-266,CAD,Completed,2024-06-25,Canada
TXN-1E12C370-406,CNY,Refunded,2024-08-15,UAE
TXN-CB3D5EF1-AD2,GBP,Pending,2023-10-11,Singapore
TXN-E4041C61-484,AED,Pending,2023-12-31,Switzerland
TXN-9683B075-F35,EUR,Processing,2024-03-31,Italy
TXN-AF6D2A2D-151,GBP,Completed,2024-11-26,Italy
TXN-0F903647-608,JPY,Refunded,2023-12-16,Japan
TXN-B7BEEA14-712,INR,Refunded,2024-06-20,Sweden
TXN-DFDA46D0-C00,CAD,Completed,2024-08-24,United States
TXN-8B3F0B70-CA6,CHF,Pending,2023-03-12,Italy
TXN-2C06CEDA-EA0,CHF,Cancelled,2023-06-06,Sri Lanka
TXN-768CB55D-64E,LKR,Failed,2023-05-05,South Africa
TXN-5BEC0C3E-261,AUD,Pending,2024-07-24,Canada
TXN-0CB31A08-637,CAD,Completed,2024-03-12,Australia
TXN-3A8F3D3E-D99,USD,Failed,2024-12-28,Switzerland
TXN-8F94116C-B46,GBP,Pending,2023-05-12,Italy
TXN-C056A1D4-04E,USD,Refunded,2024-11-11,Netherlands
TXN-43D91818-B1D,CAD,Failed,2023-11-27,Japan
TXN-D3F74F70-429,AUD,Completed,2023-04-19,United Kingdom
TXN-5CFC6CDF-362,CAD,Failed,2023-05-15,Sri Lanka
TXN-5B3722B9-E84,CNY,Completed,2024-06-07,Switzerland
TXN-943276BB-4E5,AUD,Refunded,2024-08-06,United Kingdom
TXN-3D5E9FD1-8E3,AUD,Cancelled,2023-07-20,France
TXN-C8FD56AC-1A2,USD,Pending,2024-05-06,United Kingdom
TXN-95E70292-49C,AUD,Pending,2024-02-07,Netherlands
TXN-123BF475-E30,AED,Processing,2023-06-26,Singapore
TXN-BDAE0F8B-862,EUR,Processing,2023-10-03,Canada
TXN-F1E12242-744,SGD,Completed,2023-12-02,Netherlands
TXN-46F39A5D-102,USD,Pending,2023-01-04,France
TXN-FB0686F6-BE4,LKR,Processing,2023-09-01,India
TXN-B642EE9F-3CC,EUR,Pending,2023-01-16,United Kingdom
TXN-01D051D9-7C0,INR,Completed,2023-10-12,France
TXN-72ADA5F9-1A4,AUD,Pending,2024-01-06,Brazil
TXN-51E5A6C6-ADE,USD,Pending,2024-11-05,Australia
TXN-0D6EC33D-C80,AED,Failed,2023-08-29,Switzerland
TXN-847BC8DF-C92,USD,Cancelled,2023-07-16,Canada
TXN-B6187D9F-640,CHF,Cancelled,2024-01-16,South Africa
TXN-87B5D274-D92,AED,Completed,2024-10-03,Sri Lanka
TXN-413420DC-C5A,AUD,Processing,2023-10-31,Italy
TXN-E8128BBE-4E7,JPY,Processing,2023-11-09,Switzerland
TXN-E2ED7C30-21C,CHF,Cancelled,2024-01-21,Australia
TXN-02DDFCD7-27D,CNY,Cancelled,2024-10-22,Sri Lanka
TXN-2FDEE25B-9EC,CHF,Refunded,2023-04-02,South Africa
TXN-395C7323-F5B,CHF,Cancelled,2024-12-14,Sri Lanka
TXN-25709D57-936,JPY,Refunded,2024-07-27,Switzerland
TXN-E0A5C44C-33D,CNY,Cancelled,2023-10-29,India
TXN-019FC9CB-F3C,CNY,Refunded,2024-04-17,Norway
TXN-05C9C271-0D1,CNY,Processing,2024-09-17,Canada
TXN-DD5DFBFD-59C,CAD,Processing,2023-10-09,Sri Lanka
TXN-A7CF4DDD-D59,CNY,Failed,2023-05-19,Japan
TXN-D4ACED21-793,EUR,Refunded,2023-11-16,Germany
TXN-2FA3CBD0-C05,USD,Cancelled,2023-08-27,Australia
TXN-70DDCD5E-1B9,USD,Processing,2023-07-15,United Kingdom
TXN-E820331B-65F,USD,Pending,2023-12-23,Switzerland
TXN-1B319CF9-C8C,AED,Completed,2024-02-07,Germany
TXN-0F109B2D-39F,CAD,Refunded,2024-09-13,Norway
TXN-AA709263-1CF,JPY,Cancelled,2024-01-01,Brazil
TXN-E85C7B79-3C4,CAD,Completed,2023-04-16,Sweden
TXN-E64C3FE9-2BA,JPY,Processing,2023-07-05,UAE
TXN-2431B856-B55,USD,Processing,2023-03-24,Germany
TXN-5600E0D6-651,USD,Cancelled,2023-09-14,Switzerland
TXN-B6E0BE24-E80,EUR,Refunded,2023-09-04,China
TXN-35BC5F8F-752,LKR,Completed,2023-06-02,China
TXN-A25ECA22-319,GBP,Processing,2024-01-09,Sweden
TXN-8BDDBCC4-16F,AUD,Failed,2023-05-03,Sri Lanka
TXN-9E46F653-763,CHF,Refunded,2023-07-03,France
TXN-50D57852-522,CAD,Refunded,2024-12-22,Spain
TXN-50EDAB4A-764,LKR,Refunded,2024-10-16,Canada
TXN-CCA54416-165,LKR,Refunded,2024-07-28,China
TXN-E3A100B7-E8B,EUR,Completed,2023-07-22,Japan
TXN-0A7B2AB5-AB7,INR,Completed,2024-02-06,France
TXN-37241EF3-2D5,INR,Completed,2023-10-26,Germany
TXN-EEEC9C01-00C,EUR,Refunded,2023-01-26,France
TXN-443E8023-6C8,GBP,Refunded,2023-02-18,Japan
TXN-3F0659BA-E1C,CNY,Refunded,2024-07-10,Sweden
TXN-318DACA4-0EA,LKR,Refunded,2023-01-01,Netherlands
TXN-80762CBF-E8D,CAD,Processing,2024-06-07,Netherlands
TXN-80A548EA-21F,EUR,Completed,2023-04-10,Italy
TXN-BC421ADE-E3F,EUR,Completed,2023-03-04,United Kingdom
TXN-095200CB-3F5,INR,Cancelled,2023-01-02,Sweden
TXN-8AE03EC8-FF1,CNY,Pending,2023-08-05,France
TXN-12982AAE-E0B,GBP,Refunded,2023-03-16,Brazil
TXN-7F855D19-FCE,CAD,Processing,2023-06-04,UAE
TXN-21E2F502-8A3,SGD,Refunded,2023-03-16,Canada
TXN-DDE990B6-021,USD,Pending,2024-10-14,Australia
TXN-16C5048F-ECF,EUR,Pending,2023-03-28,Switzerland
TXN-4273CF32-860,LKR,Processing,2023-03-31,Spain
TXN-E8C3085F-814,JPY,Completed,2024-05-10,France
TXN-3D8911FE-559,LKR,Cancelled,2024-09-05,France
TXN-4B50226D-842,SGD,Failed,2024-02-13,Switzerland
TXN-8B930737-8D5,AUD,Refunded,2023-12-05,China
TXN-DF921389-AB2,INR,Pending,2023-07-09,Singapore
TXN-1D169DCD-D53,GBP,Cancelled,2023-11-08,Singapore
TXN-320F45C3-509,INR,Processing,2024-06-27,Spain
TXN-1C821F8D-72B,JPY,Cancelled,2023-07-12,France
TXN-1E2409DC-8C8,USD,Processing,2024-01-20,Japan
TXN-850809A2-470,CAD,Failed,2023-02-06,Norway
TXN-8E415269-7EA,USD,Refunded,2023-09-24,China
TXN-4936F1FA-227,GBP,Refunded,2023-12-28,UAE
TXN-589CB8C1-32C,AUD,Processing,2024-04-03,Switzerland
TXN-72630807-A12,LKR,Completed,2023-04-21,China
TXN-7D12AA09-A00,SGD,Pending,2023-11-18,Italy
TXN-C8C21939-651,JPY,Pending,2023-07-11,Netherlands
TXN-98F4C68C-2E1,AED,Cancelled,2023-10-18,Norway
TXN-F7A1F488-E8A,AED,Failed,2024-05-08,United States
TXN-B8D0F4A0-CC5,CAD,Completed,2024-09-10,Brazil
TXN-5A232771-A27,AUD,Failed,2023-10-26,Japan
TXN-EF0C5498-C8D,AUD,Refunded,2024-08-08,Sri Lanka
TXN-254D2D31-5F2,CAD,Processing,2024-06-15,Sweden
TXN-B47855FF-D7F,INR,Refunded,2023-02-13,Sri Lanka
TXN-55F89EB8-9E6,CAD,Processing,2023-08-30,UAE
TXN-B3DCF6D3-18A,USD,Cancelled,2024-01-29,United States
TXN-FD5CF6E9-A4B,CAD,Completed,2024-05-23,Sri Lanka
TXN-C0F5A564-F72,INR,Refunded,2023-08-24,France
TXN-0D3AC980-6AA,USD,Refunded,2023-08-11,Spain
TXN-CABEAC6A-DFB,INR,Processing,2023-09-01,Japan
TXN-39B44E4D-7AB,GBP,Cancelled,2024-10-16,Italy
TXN-A17EDF17-701,CNY,Failed,2023-10-25,Netherlands
TXN-478FA106-84C,CNY,Failed,2023-01-14,Germany
TXN-801A93E9-036,SGD,Processing,2024-07-25,Canada
TXN-19370BE1-38C,USD,Refunded,2023-09-11,India
TXN-B47C9A6E-1E8,AUD,Cancelled,2024-04-16,India
TXN-718261F5-CFF,JPY,Cancelled,2023-07-26,Singapore
TXN-83BFAA4F-BA0,EUR,Processing,2023-05-20,India
TXN-8B92420B-626,AED,Refunded,2023-04-29,Canada
TXN-BA3856D1-300,CNY,Processing,2023-04-04,Spain
TXN-645E747A-078,CHF,Processing,2024-08-08,Netherlands
TXN-A8379D11-557,LKR,Failed,2024-06-02,France
TXN-490D437D-982,LKR,Processing,2024-03-28,France
TXN-99279CC2-0FC,AUD,Processing,2023-12-21,Netherlands
TXN-ED801A29-0B8,CNY,Failed,2023-08-18,South Africa
TXN-D1427D69-8A4,CNY,Pending,2024-10-26,Spain
TXN-B3633987-F0A,CHF,Pending,2024-05-21,Italy
TXN-FF25E326-4E1,CAD,Completed,2023-02-23,Germany
TXN-E0120509-3DC,AUD,Processing,2024-07-06,Sweden
TXN-26EAB2CA-5DE,SGD,Cancelled,2024-11-27,India
TXN-18CB13D4-35D,JPY,Processing,2024-09-04,Canada
TXN-3E588F78-D66,USD,Cancelled,2023-12-06,Sweden
TXN-AEA18A89-BC7,CAD,Refunded,2024-04-24,Japan
TXN-5E8BF2D7-32F,AED,Refunded,2023-07-15,Italy
TXN-7DA904D0-6D4,AED,Refunded,2023-04-08,Sweden
TXN-95AC6DD0-900,CHF,Cancelled,2023-11-21,Sweden
TXN-9E43A53D-93A,LKR,Completed,2023-01-06,Sweden
TXN-E5B4BF74-571,AED,Refunded,2024-07-15,Sweden
TXN-80DB4395-058,INR,Refunded,2024-09-03,Singapore
TXN-13A4F1D1-6C1,AED,Refunded,2023-03-17,Netherlands
TXN-FB7C9D49-F1E,INR,Failed,2023-03-27,Sri Lanka
TXN-3B178CF6-CCC,CNY,Cancelled,2023-10-24,China
TXN-CF6B6734-EA6,CHF,Processing,2024-01-30,UAE
TXN-EFECD2F5-2ED,CAD,Completed,2024-10-19,Switzerland
TXN-F03E64B3-934,AED,Completed,2023-05-09,United States
TXN-3DA244A8-EE4,GBP,Processing,2024-01-07,China
TXN-EC820E78-920,AED,Processing,2023-03-14,United States
TXN-0F615220-696,INR,Completed,2024-09-06,South Africa
TXN-E2D7FB60-50D,SGD,Cancelled,2023-06-25,United Kingdom
TXN-24CC5B72-7FD,LKR,Processing,2024-04-05,France
TXN-A586F07F-1C4,CHF,Processing,2023-06-05,Australia
TXN-DFAFA77A-A3D,CAD,Processing,2023-03-18,India
TXN-FF6E342F-DD2,CHF,Cancelled,2024-04-04,South Africa
TXN-FFD7B7A4-DF6,CNY,Failed,2024-08-14,Norway
TXN-80886558-E5E,USD,Processing,2024-08-21,Netherlands
TXN-FA799776-5BE,JPY,Failed,2023-03-19,Sri Lanka
TXN-D18D5A64-69A,USD,Processing,2023-05-17,China
TXN-C09D8267-999,CNY,Completed,2024-05-17,Sri Lanka
TXN-04F2C127-B37,AED,Cancelled,2023-12-18,Sweden
TXN-68CFD512-684,GBP,Refunded,2023-05-03,Germany
TXN-5BA6ED28-230,AUD,Refunded,2024-08-10,Netherlands
TXN-FC7DB004-3CC,USD,Cancelled,2024-04-18,UAE
TXN-44316C55-CB5,CHF,Cancelled,2023-08-06,UAE
TXN-2DAA7DDD-E59,CNY,Pending,2023-09-24,Germany
TXN-8C2D6A7A-102,CAD,Cancelled,2023-04-04,Switzerland
TXN-6F508635-9F1,LKR,Processing,2024-02-04,India
TXN-BED9B653-B94,INR,Cancelled,2023-09-18,Netherlands
TXN-B5E3AA55-910,LKR,Pending,2023-04-04,Norway
TXN-C3864292-8A3,LKR,Refunded,2024-07-01,Spain
TXN-F01CCCF6-847,GBP,Pending,2024-04-20,Norway
TXN-D5D7F864-1E3,AED,Refunded,2024-03-23,Japan
TXN-B7919616-5DF,CAD,Pending,2023-11-22,India
TXN-B0C8D536-41A,LKR,Refunded,2024-08-07,Brazil
TXN-7EA0B531-CB8,JPY,Processing,2023-08-15,Italy
TXN-356F9BA0-3BE,JPY,Processing,2024-06-28,United States
TXN-1AF1E4B8-BE6,USD,Pending,2023-01-10,Brazil
TXN-3B38900C-4EA,SGD,Refunded,2024-12-26,Japan
TXN-9A4908CD-D9A,EUR,Processing,2024-04-27,China
TXN-17C60F74-34E,CHF,Completed,2024-02-08,Germany
TXN-482687F6-B67,GBP,Failed,2023-09-10,United Kingdom
TXN-1AF78E2B-828,AUD,Cancelled,2024-04-03,Sweden
TXN-F54A309F-730,CHF,Refunded,2023-04-17,Germany
TXN-ECD333B5-BBC,CHF,Completed,2024-09-08,South Africa
TXN-DD20A800-7DC,CNY,Completed,2023-10-19,Brazil
TXN-6EF1BEA1-279,LKR,Cancelled,2023-01-10,United States
TXN-92791955-551,JPY,Pending,2023-06-21,Japan
TXN-5FB0A155-C71,EUR,Pending,2024-09-26,South Africa
TXN-C90B213D-1BA,USD,Processing,2024-12-25,France
TXN-20B2ADBB-7E1,AUD,Pending,2024-11-12,Norway
TXN-47C0D485-5B2,SGD,Refunded,2024-06-19,Sri Lanka
TXN-C59BA9D3-A22,SGD,Pending,2023-05-16,Brazil
TXN-DBDB1CA6-D9D,INR,Refunded,2023-10-09,Brazil
TXN-F93FC1BF-DEB,AUD,Pending,2023-09-03,India
TXN-883A2949-ACE,CNY,Processing,2024-08-09,Japan
TXN-26EF94BD-A2C,CHF,Processing,2023-04-14,Sweden
TXN-9BE19A11-3E5,LKR,Failed,2024-12-02,Netherlands
TXN-00BC6756-23A,AED,Pending,2023-07-31,India
TXN-99BA33A8-A56,EUR,Pending,2024-09-22,Spain
TXN-AC1F50D8-C5B,LKR,Pending,2024-04-29,Singapore
TXN-D5CADFD6-51B,AED,Cancelled,2023-12-08,Sri Lanka
TXN-227F9425-9BE,AED,Refunded,2024-10-04,Brazil
TXN-526D47E5-BB5,JPY,Processing,2024-10-04,Sweden
TXN-F3EDC69C-1FA,EUR,Cancelled,2023-04-07,Sweden
TXN-6E7BA3AE-147,CHF,Cancelled,2023-12-18,Sri Lanka
TXN-2BC08A77-B06,EUR,Cancelled,2023-02-11,India
TXN-ACEA5913-A6F,AED,Processing,2024-09-29,Sri Lanka
TXN-480CC242-AA3,INR,Refunded,2023-06-06,Sweden
TXN-FC2639FC-F60,SGD,Pending,2023-06-15,France
TXN-1951F440-B04,LKR,Processing,2024-07-09,Singapore
TXN-3243B686-64E,AED,Failed,2024-09-28,Switzerland
TXN-0372DDDC-8DA,INR,Refunded,2023-06-02,South Africa
TXN-B8C4D96A-903,LKR,Failed,2023-08-17,Switzerland
TXN-C402B19F-4EF,EUR,Pending,2024-03-03,Germany
TXN-AA10EDB3-BCF,SGD,Failed,2023-05-20,Netherlands
TXN-7AE0C2E7-427,CAD,Refunded,2024-09-08,Singapore
TXN-A32357FA-A17,AED,Pending,2023-10-08,Japan
TXN-35CF43FE-969,SGD,Cancelled,2023-01-07,Germany
TXN-BE550E7A-21B,GBP,Pending,2023-03-02,China
TXN-0280D9E6-BC4,JPY,Failed,2024-01-07,Brazil
TXN-3A39A005-69E,AED,Processing,2023-03-29,Sweden
TXN-07BFA4CF-682,SGD,Cancelled,2024-10-01,Sri Lanka
TXN-D48CD28B-E67,CAD,Failed,2024-10-04,Netherlands
TXN-3B8EBC7D-008,JPY,Refunded,2024-08-18,Germany
TXN-68D72379-F10,INR,Cancelled,2024-06-19,France
TXN-051EB5D3-EF7,CNY,Completed,2024-08-08,Spain
TXN-0E52820C-6A7,INR,Processing,2023-06-28,India
TXN-6BA4DD7D-574,AED,Refunded,2023-04-11,Brazil
TXN-7250EAEC-22F,JPY,Cancelled,2023-04-17,Sri Lanka
TXN-47099C99-C45,CAD,Refunded,2023-04-23,Switzerland
TXN-221B5BCE-848,EUR,Cancelled,2024-10-05,Italy
TXN-791EC608-212,JPY,Processing,2023-01-07,Brazil
TXN-6C9F5D01-BEB,INR,Completed,2023-07-13,Germany
TXN-17081F01-928,CAD,Completed,2024-07-06,South Africa
TXN-4627F550-B1B,AED,Processing,2024-07-31,Brazil
TXN-1F551458-E12,AUD,Failed,2024-07-20,Germany
TXN-1E1DA573-9C3,CNY,Failed,2024-01-11,Italy
TXN-D2B06B72-D09,CNY,Pending,2023-02-16,Switzerland
TXN-EF6E052C-EF5,EUR,Pending,2024-01-28,UAE
TXN-C0ACCA5B-EFE,USD,Pending,2023-08-10,Switzerland
TXN-FC4C51F5-BFC,CHF,Refunded,2023-01-12,United Kingdom
TXN-86C24C53-018,EUR,Completed,2024-06-18,Netherlands
TXN-76C83CE6-EA7,AUD,Pending,2024-01-03,Switzerland
TXN-DF720D4E-499,AED,Cancelled,2023-12-10,United States
TXN-4A6EEBD5-CFD,USD,Failed,2024-09-18,Sri Lanka
TXN-6ABF7F2C-599,CAD,Failed,2024-09-27,Netherlands
TXN-F9A63E71-7FC,CAD,Pending,2024-02-27,Brazil
TXN-E0B8586C-CE4,JPY,Completed,2024-03-07,Norway
TXN-26F91292-D0B,JPY,Pending,2023-04-16,Italy
TXN-752B3CE8-EB0,USD,Completed,2024-07-06,China
TXN-097E37FE-D9F,CNY,Pending,2023-10-30,United States
TXN-B0D2C2E8-F6C,CNY,Failed,2023-03-31,Canada
TXN-7DF8401A-9A2,AED,Failed,2024-06-12,India
TXN-05CB7B2C-27D,CAD,Failed,2024-04-07,Canada
TXN-4F580533-310,LKR,Refunded,2024-04-25,United Kingdom
TXN-D693BEBB-748,JPY,Refunded,2024-08-14,South Africa
TXN-9B7AD51C-633,USD,Processing,2023-12-10,Sri Lanka
TXN-A3C7349C-0D8,AED,Refunded,2024-02-13,China
TXN-0E659E62-26A,JPY,Completed,2023-11-29,Singapore
TXN-01802B89-4EF,CHF,Pending,2024-08-13,Australia
TXN-CD1F60CC-E6E,INR,Pending,2023-06-06,Japan
TXN-7DCD1914-EF2,AUD,Pending,2024-12-21,Germany
TXN-287B9119-6D2,AED,Processing,2023-08-27,Italy
TXN-693E25E6-D61,AUD,Failed,2024-09-25,Sri Lanka
TXN-50929A11-714,GBP,Completed,2023-11-09,Netherlands
TXN-AFD70D2A-94D,INR,Pending,2024-11-27,Sri Lanka
TXN-D84EFAD6-37C,AUD,Failed,2024-08-26,Sweden
TXN-8D1F511C-859,GBP,Pending,2023-04-17,UAE
TXN-D234BE47-CFD,SGD,Pending,2024-04-12,Japan
TXN-4799D3D4-DB7,GBP,Refunded,2023-04-03,Spain
TXN-B9EDF267-89E,SGD,Pending,2023-06-06,South Africa
TXN-D2BA5114-6C7,AED,Cancelled,2023-11-13,Norway
TXN-5CFAB534-4BE,LKR,Processing,2023-04-08,Norway
TXN-65432E7D-F8F,USD,Refunded,2024-09-09,Italy
TXN-730CDA69-588,AED,Failed,2024-07-01,Canada
TXN-BD1B4323-FE4,AUD,Completed,2023-05-07,United Kingdom
TXN-A4F7B471-E1C,INR,Completed,2024-07-18,Norway
TXN-D9926484-748,JPY,Cancelled,2024-07-09,Japan
TXN-1D3ACECA-B9C,SGD,Pending,2024-02-07,Norway
TXN-6F76D4E3-B2C,AUD,Completed,2023-07-23,Germany
TXN-0F8F63CC-A5C,CAD,Failed,2023-01-10,United States
TXN-CA5D26EE-49C,USD,Failed,2023-09-19,Norway
TXN-8B841A67-4CB,CNY,Pending,2023-04-15,United States
TXN-D15B71CD-0C0,CNY,Pending,2024-04-28,Germany
TXN-3E436876-968,CHF,Cancelled,2024-06-26,Brazil
TXN-4517D557-A7B,LKR,Processing,2024-03-27,Switzerland
TXN-94C8CB32-2CA,CHF,Refunded,2024-04-28,Brazil
TXN-19C26572-5A9,USD,Pending,2024-05-05,Netherlands
TXN-08165293-616,AUD,Refunded,2024-04-03,Germany
TXN-F234FB84-ADA,CNY,Completed,2024-04-02,South Africa
TXN-D59146BD-A63,AUD,Cancelled,2024-07-14,Japan
TXN-D0BFE4D2-5B8,LKR,Completed,2024-04-27,Sweden
TXN-8188772B-C7D,CHF,Completed,2024-10-13,Brazil
TXN-41DC67BF-D9A,USD,Processing,2024-02-27,Singapore
TXN-9F153B43-BFC,GBP,Processing,2024-02-07,UAE
TXN-02478F64-661,CHF,Failed,2023-03-15,Japan
TXN-982E0E7C-9AD,EUR,Cancelled,2024-07-18,Switzerland
TXN-83A85BED-DD7,LKR,Completed,2023-06-10,Brazil
TXN-3085CF35-76F,EUR,Processing,2024-07-21,France
TXN-1B883485-68B,INR,Failed,2024-10-03,Australia
TXN-C4653B9F-E04,AUD,Processing,2024-07-05,UAE
TXN-685E32FE-3E4,CHF,Cancelled,2023-12-13,Brazil
TXN-F54C2C06-3A9,JPY,Cancelled,2023-06-06,Norway
TXN-6B945624-E75,JPY,Cancelled,2024-09-18,Canada
TXN-FD50770B-177,AED,Processing,2024-03-11,Netherlands
TXN-C7D10D5D-C7B,GBP,Failed,2023-04-12,China
TXN-4E406F4A-32C,LKR,Cancelled,2023-03-18,Germany
TXN-0595DD8C-BFA,AED,Completed,2024-03-08,France
TXN-63444156-E0F,JPY,Failed,2024-03-03,Australia
TXN-05D2C857-4DF,CAD,Cancelled,2023-08-23,India
TXN-448FA288-CE0,AED,Failed,2024-01-05,India
TXN-FDC45C77-712,AUD,Pending,2023-09-02,France
TXN-01B0C9EA-F76,CHF,Cancelled,2024-01-23,Canada
TXN-494236AB-125,EUR,Pending,2024-09-19,South Africa
TXN-4D618CB6-FDD,SGD,Failed,2024-01-23,Canada
TXN-6CE66431-C0E,SGD,Pending,2024-04-09,India
TXN-8B77DF86-916,CAD,Pending,2024-05-06,Australia
TXN-2CFC1C11-0F7,INR,Completed,2023-07-03,Germany
TXN-16AC771E-676,GBP,Cancelled,2023-01-24,Australia
TXN-A005B959-8A3,AUD,Completed,2023-08-16,United States
TXN-A205288B-4EC,JPY,Pending,2024-06-23,Singapore
TXN-6DF1E541-2DB,AUD,Refunded,2023-02-01,Sweden
TXN-0EE4776C-FB2,AED,Pending,2023-07-29,Norway
TXN-7B9FE19C-8A7,USD,Completed,2023-07-24,Spain
TXN-8A841109-53E,CNY,Refunded,2023-02-05,India
TXN-9A51868C-D62,GBP,Cancelled,2023-03-30,Canada
TXN-48D07BEF-81C,CNY,Refunded,2024-04-18,France
TXN-6F767247-88C,LKR,Cancelled,2024-04-03,Norway
TXN-CD1516A3-9E0,AUD,Pending,2024-08-28,United States
TXN-D0FB15DE-6BC,EUR,Cancelled,2023-09-04,China
TXN-12193409-876,LKR,Cancelled,2023-11-04,Japan
TXN-7880AAF3-7D4,CAD,Pending,2023-11-05,UAE
TXN-60E71D0E-F4E,LKR,Cancelled,2023-03-31,Italy
TXN-78E9F08E-F59,JPY,Failed,2023-06-20,Australia
TXN-2DB45A09-883,INR,Cancelled,2024-07-09,Switzerland
TXN-CA0576A6-678,SGD,Cancelled,2023-02-16,France
TXN-CB55417B-867,AED,Failed,2024-10-02,Netherlands
TXN-B85B3872-788,CHF,Failed,2024-08-19,Sweden
TXN-F99EF7F5-EE9,CNY,Failed,2024-01-03,Sweden
TXN-DAEC8C05-AC9,INR,Pending,2023-09-11,Canada
TXN-3892336D-377,INR,Failed,2024-12-31,Brazil
TXN-36D99337-35F,GBP,Cancelled,2024-02-23,South Africa
TXN-22561EBF-E23,GBP,Cancelled,2023-11-28,Norway
TXN-72CDFD02-8A9,GBP,Completed,2023-10-04,United States
TXN-652E0F39-4D2,GBP,Refunded,2023-12-08,China
TXN-7E07B3A0-C87,INR,Completed,2024-12-27,South Africa
TXN-4062AC4F-6BC,AUD,Failed,2024-02-23,UAE
TXN-9A98748F-25B,JPY,Processing,2023-07-31,UAE
TXN-264C3B85-AE3,JPY,Pending,2024-06-10,United Kingdom
TXN-0B7B2A16-559,EUR,Processing,2023-04-28,Sweden
TXN-E1DC8F87-51A,AUD,Processing,2024-03-11,South Africa
TXN-D7147F2F-9D8,JPY,Pending,2023-06-23,UAE
TXN-75C28495-768,JPY,Completed,2023-04-01,Italy
TXN-43316BD7-648,SGD,Completed,2023-09-12,Spain
TXN-DE474FAC-BC7,AUD,Refunded,2024-05-21,Norway
TXN-75CE71CB-9EC,EUR,Cancelled,2023-06-09,Sweden
TXN-84AEC58A-697,AUD,Failed,2024-12-14,Australia
TXN-2539159F-C18,AED,Completed,2023-06-05,Japan
TXN-E97725D1-CEF,EUR,Failed,2023-09-08,United Kingdom
TXN-5E301A91-78D,USD,Processing,2023-10-10,Switzerland
TXN-0AD3F1B4-823,CHF,Cancelled,2023-07-05,China
TXN-57CAB680-F5E,SGD,Pending,2024-01-04,Brazil
TXN-BD8032AB-743,LKR,Failed,2024-05-09,South Africa
TXN-4FF84AA5-8C0,SGD,Cancelled,2023-03-13,Switzerland
TXN-3707F578-812,CHF,Pending,2023-09-27,Germany
TXN-BD188AB5-364,EUR,Refunded,2024-06-30,UAE
TXN-383E6CFF-322,CNY,Completed,2024-09-08,United Kingdom
TXN-B8078E81-224,CNY,Refunded,2023-07-21,Germany
TXN-1325839F-650,INR,Cancelled,2024-11-19,United Kingdom
TXN-1E87CC0B-526,CHF,Cancelled,2023-07-24,Germany
TXN-D19AC20F-AD7,CNY,Cancelled,2024-04-26,United Kingdom
TXN-5623EED5-2A9,CAD,Processing,2023-01-17,Italy
TXN-789698E4-3FE,USD,Cancelled,2024-06-10,United Kingdom
TXN-E0367330-65A,SGD,Pending,2024-02-05,Singapore
TXN-A4E7CB9F-54E,INR,Completed,2024-12-13,Sri Lanka
TXN-FAA4F9CD-481,SGD,Completed,2024-12-20,France
TXN-69FF6E52-BAC,SGD,Processing,2023-12-17,Brazil
TXN-FDCF21BA-19B,AUD,Failed,2023-03-15,Australia
TXN-BBA08DB4-E25,LKR,Pending,2024-11-09,Netherlands
TXN-06CAD6EA-6F7,CNY,Refunded,2023-11-05,France
TXN-920B31D1-6BD,EUR,Failed,2024-12-23,Germany
TXN-0DF3DF33-45D,AED,Pending,2024-03-11,Sri Lanka
TXN-84108888-60F,AED,Cancelled,2023-02-06,United Kingdom
TXN-3855AB72-0F5,GBP,Pending,2023-03-31,Canada
TXN-186A6C7C-B37,CHF,Cancelled,2024-12-27,Japan
TXN-DA0F37A0-2CF,GBP,Completed,2024-06-27,Germany
TXN-263E971F-07B,SGD,Pending,2024-09-27,United States
TXN-AF9E554F-D86,USD,Processing,2024-11-20,France
TXN-D20027D0-006,CAD,Pending,2024-07-22,Sri Lanka
TXN-DFF89BC6-3AD,SGD,Pending,2024-06-16,Norway
TXN-CFEB7858-A36,CNY,Completed,2024-11-19,Sri Lanka
TXN-76B4095C-81E,CAD,Processing,2023-01-31,South Africa
TXN-F353E804-A1C,CAD,Completed,2024-02-05,Netherlands
TXN-4B4BE0F3-805,CAD,Processing,2024-01-06,Singapore
TXN-4DFD5B97-1D4,GBP,Completed,2024-08-18,United Kingdom
TXN-2D28F03F-86D,AUD,Refunded,2024-05-13,Canada
TXN-190410EB-AD1,INR,Completed,2023-03-28,Australia
TXN-26E8B216-C60,SGD,Pending,2024-12-14,Switzerland
TXN-98CB7D5F-793,AUD,Refunded,2024-10-22,Canada
TXN-1FE13E00-B63,GBP,Completed,2023-12-14,Canada
TXN-10E7915B-183,SGD,Processing,2024-06-25,Germany
TXN-46CDB176-536,JPY,Completed,2024-01-12,China
TXN-78FDDD45-1F3,EUR,Failed,2023-10-04,Canada
TXN-79DE4084-23E,USD,Refunded,2024-12-15,Netherlands
TXN-5BD71616-C24,CAD,Refunded,2024-08-26,Spain
TXN-2E1273D4-9D2,EUR,Cancelled,2024-10-15,Germany
TXN-4F7BD1EA-3A6,SGD,Failed,2023-12-15,United Kingdom
TXN-1E0264B7-ADB,INR,Failed,2024-10-23,Japan
TXN-D684D860-C44,AUD,Processing,2023-08-11,United States
TXN-392ED83E-463,CHF,Failed,2023-02-09,United Kingdom
TXN-D4907FFF-9A3,CNY,Failed,2023-02-24,Japan
TXN-F5AFB558-09B,AED,Cancelled,2023-06-19,Brazil
TXN-20F89FAA-FDA,GBP,Pending,2024-05-27,Canada
TXN-5B743E18-2DA,AED,Pending,2023-02-05,Germany
TXN-2BD96572-20A,GBP,Failed,2024-06-01,United States
TXN-74241194-57D,SGD,Pending,2024-07-12,South Africa
TXN-7542C7F7-3D3,CAD,Processing,2023-10-08,China
TXN-9EB9497E-718,JPY,Processing,2024-11-23,Canada
TXN-3899CC19-6B9,CHF,Pending,2024-04-14,Netherlands
TXN-24D0DD0E-882,SGD,Pending,2023-04-21,Norway
TXN-39744D73-84C,USD,Cancelled,2024-06-24,France
TXN-391FCD71-77A,CNY,Completed,2023-10-17,Italy
TXN-4C52F73A-8E9,USD,Refunded,2024-10-24,Norway
TXN-428C8AE2-DC9,JPY,Failed,2023-03-28,India
TXN-5572F71F-B07,CNY,Processing,2023-10-03,Sweden
TXN-25DF9EC0-954,CHF,Completed,2023-01-31,Netherlands
TXN-5D4D663B-B9F,EUR,Pending,2024-11-05,Singapore
TXN-AB204EA1-A60,USD,Pending,2023-07-17,Sri Lanka
TXN-DFE0678B-EC3,SGD,Cancelled,2024-10-11,Australia
TXN-C2EAC1D3-39B,LKR,Cancelled,2024-06-14,United States
TXN-8C6B7503-A4A,INR,Cancelled,2024-06-06,Sweden
TXN-C0032744-D3C,EUR,Failed,2024-08-28,UAE
TXN-0E25DCFF-F5B,AUD,Completed,2024-06-25,Germany
TXN-7ED44B2B-1AF,AED,Pending,2024-02-22,Canada
TXN-FD508C4E-DF4,CAD,Failed,2024-10-28,Australia
TXN-78164FAF-D91,CAD,Completed,2023-04-21,China
TXN-FE19F0B5-088,INR,Refunded,2024-11-04,United Kingdom
TXN-4860CE1C-B8E,CNY,Processing,2023-03-02,France
TXN-C5A1740D-D33,JPY,Processing,2024-03-22,Switzerland
TXN-B5885005-327,SGD,Processing,2024-01-04,Netherlands
TXN-162F9E49-34F,GBP,Pending,2023-11-19,Sweden
TXN-DC8E8309-B02,INR,Completed,2023-04-29,Sri Lanka
TXN-9322E4B6-6DA,EUR,Pending,2023-02-21,United States
TXN-C095A5B1-E6D,GBP,Processing,2023-05-20,Canada
TXN-FFFAC988-A14,SGD,Processing,2023-10-21,United States
TXN-187C1D7D-0FA,GBP,Completed,2024-04-23,Norway
TXN-F94B1D59-A25,SGD,Pending,2024-05-10,South Africa
TXN-496F1ACA-135,CHF,Completed,2024-08-17,China
TXN-59BD4003-17A,SGD,Completed,2024-03-09,Switzerland
TXN-E4B57CA5-8DD,CNY,Cancelled,2024-07-05,Switzerland
TXN-3B7786E9-A3C,JPY,Pending,2024-11-14,Australia
TXN-39DAFEA9-D08,AUD,Refunded,2024-12-11,Netherlands
TXN-84751900-6E8,USD,Refunded,2024-08-02,Australia
TXN-66FE8A72-988,AED,Completed,2023-04-10,Japan
TXN-554DE44C-D38,INR,Completed,2024-12-09,South Africa
TXN-698EECBD-226,INR,Cancelled,2024-01-23,United States
TXN-623438F5-851,AED,Processing,2024-09-25,India
TXN-A670B5FF-20F,EUR,Refunded,2024-09-29,Canada
TXN-1DC912AE-17E,GBP,Cancelled,2023-02-04,China
TXN-4EF67833-282,AED,Pending,2024-06-05,Canada
TXN-717AF11F-080,AUD,Completed,2024-12-11,Sri Lanka
TXN-8ACD9357-A28,INR,Processing,2023-11-14,Germany
TXN-5A05FC23-68E,EUR,Cancelled,2024-01-27,Norway
TXN-DA93A583-D9D,INR,Failed,2024-06-16,Netherlands
TXN-F0333BC4-590,INR,Failed,2023-12-04,Switzerland
TXN-253EBACB-017,CHF,Failed,2023-03-16,China
TXN-0FCBCF76-8CB,USD,Processing,2024-05-29,United States
TXN-10333BC2-122,LKR,Pending,2024-12-17,Germany
TXN-C0E298B3-BAA,CHF,Pending,2023-02-23,United Kingdom
TXN-EAA78C38-B59,CAD,Pending,2023-10-11,Sweden
TXN-48E7D1F7-8AA,CHF,Cancelled,2023-09-03,Switzerland
TXN-4600F283-CB7,AED,Pending,2023-10-11,Sri Lanka
TXN-76A74436-3FE,SGD,Processing,2023-11-20,Italy
TXN-19265124-44B,AED,Failed,2023-06-18,UAE
TXN-8B8C57FC-2B3,JPY,Failed,2023-10-04,United Kingdom
TXN-042397D3-C5B,EUR,Processing,2023-10-16,Norway
TXN-B754E484-A4B,CAD,Completed,2024-11-23,Spain
TXN-5FE850C1-F00,INR,Cancelled,2024-06-16,United Kingdom
TXN-B37DC38C-59D,JPY,Failed,2024-07-16,Norway
TXN-3219347A-E78,EUR,Processing,2024-09-18,Italy
TXN-DB6C38DC-F56,EUR,Pending,2023-08-25,United Kingdom
TXN-F7081642-BC3,EUR,Processing,2024-01-15,United States
TXN-5BC3C9DF-E13,EUR,Cancelled,2023-02-24,Norway
TXN-E46844BB-D57,CNY,Failed,2023-06-22,China
TXN-2FF33F89-A2F,CAD,Completed,2024-01-28,France
TXN-78EEF722-BA8,EUR,Refunded,2023-05-08,Netherlands
TXN-E77202F6-09E,INR,Cancelled,2023-11-15,UAE
TXN-DFBADED1-69A,CNY,Processing,2023-05-15,India
TXN-7B7E41C9-3FA,CAD,Cancelled,2024-09-04,Australia
TXN-4AD103FE-763,SGD,Failed,2024-03-16,United Kingdom
TXN-286C1C30-26E,USD,Completed,2024-03-25,UAE
TXN-6DD43A73-E92,CNY,Pending,2023-10-30,Japan
TXN-083DDE06-AB8,EUR,Completed,2023-11-20,United States
TXN-DF6515A0-F97,AUD,Refunded,2023-09-09,Japan
TXN-A4170D80-0C3,AUD,Processing,2023-04-30,Netherlands
TXN-A3C240DA-191,LKR,Cancelled,2024-11-19,Germany
TXN-D3EA36C9-038,AED,Completed,2024-02-23,UAE
TXN-C0DA9364-9E4,INR,Processing,2023-04-21,Germany
TXN-BDCC615F-C2A,CNY,Completed,2023-10-18,Australia
TXN-9B21AFDB-E2E,JPY,Refunded,2023-06-18,Spain
TXN-42690BB3-DC3,SGD,Failed,2024-05-09,Italy
TXN-E7DDE75B-8D5,USD,Cancelled,2024-01-24,China
TXN-B91524A0-8AA,CNY,Refunded,2023-11-27,Australia
TXN-0E126C11-F63,LKR,Completed,2023-04-25,Norway
TXN-D25A9B31-DF7,EUR,Processing,2023-09-07,Japan
TXN-AE4729CE-E5A,GBP,Cancelled,2023-02-13,Netherlands
TXN-EAD15D26-D64,INR,Processing,2023-09-17,Netherlands
TXN-8A45F5F8-415,LKR,Failed,2024-03-30,Netherlands
TXN-05D24A82-A75,JPY,Processing,2024-01-03,Germany
TXN-2258B8CC-A44,CNY,Pending,2024-03-02,Japan
TXN-3D6A5FDC-AD7,CNY,Processing,2024-03-13,Canada
TXN-6EA44E4F-5E0,INR,Processing,2023-09-07,Switzerland
TXN-C639297F-8D5,AUD,Refunded,2023-01-14,India
TXN-B8297B07-B0A,CHF,Failed,2023-10-15,Germany
TXN-3124E53D-0F2,EUR,Failed,2023-11-01,United States
TXN-513FC27B-39D,CHF,Completed,2024-05-04,Netherlands
TXN-25EC91BE-C11,CHF,Cancelled,2023-03-19,Sweden
TXN-9D871C44-5CE,AUD,Cancelled,2023-10-23,Sweden
TXN-55DC6D8F-4F9,INR,Processing,2024-12-27,United States
TXN-DF9A2B35-62E,GBP,Pending,2023-10-20,Australia
TXN-6672F69B-E28,AUD,Refunded,2023-10-16,Germany
TXN-E64B1567-338,GBP,Completed,2024-10-28,Italy
TXN-E1A4CA6C-21C,CNY,Processing,2023-05-26,Germany
TXN-2833D1DA-D8F,SGD,Failed,2023-12-20,Norway
TXN-925A83CE-B92,CHF,Completed,2024-07-11,United Kingdom
TXN-1C79DBB4-4C7,AUD,Refunded,2024-01-26,Australia
TXN-E4ED04DC-B1A,CHF,Pending,2024-07-01,Sweden
TXN-3D01D23D-43A,SGD,Completed,2023-11-14,France
TXN-4BAA3CDE-0EB,AUD,Completed,2024-03-29,United Kingdom
TXN-636DFAEF-9C4,USD,Cancelled,2024-10-28,Netherlands
TXN-951EA192-460,INR,Cancelled,2024-11-13,India
TXN-6D3C35F1-071,SGD,Completed,2024-05-04,Italy
TXN-B6382AF7-FB3,EUR,Refunded,2024-11-10,Japan
TXN-1C7142CC-5EF,JPY,Refunded,2023-06-12,Canada
TXN-70031D0F-504,INR,Pending,2024-04-30,Brazil
TXN-8AC98D70-AD3,INR,Cancelled,2023-03-13,United States
TXN-F3CB4B5B-028,LKR,Cancelled,2023-02-17,Australia
TXN-D426E82F-56B,CHF,Cancelled,2024-10-26,China
TXN-03F34700-818,CHF,Refunded,2024-03-15,Spain
TXN-7AC8C894-B86,SGD,Cancelled,2024-07-15,United Kingdom
TXN-3DDE4709-0B7,GBP,Completed,2024-11-27,Australia
TXN-787F2AFA-FB5,USD,Cancelled,2024-05-28,India
TXN-FE020965-D66,JPY,Cancelled,2023-08-07,Canada
TXN-EEF2BD3E-83D,LKR,Refunded,2024-05-02,Australia
TXN-C5506C71-37B,AED,Cancelled,2023-06-16,France
TXN-0334F39B-C98,AUD,Completed,2024-06-18,France
TXN-3670850D-CED,CNY,Failed,2023-04-11,Germany
TXN-1D341A51-E29,CHF,Completed,2024-07-21,Spain
TXN-9D0190AB-A37,GBP,Failed,2024-07-10,Germany
TXN-38ECE66B-DB8,AED,Cancelled,2024-06-20,Netherlands
TXN-5FE9BA39-380,EUR,Failed,2023-05-15,Canada
TXN-E5C22B21-7E7,INR,Failed,2023-05-12,Switzerland
TXN-27A23342-540,EUR,Processing,2023-09-15,Spain
TXN-AD1BE888-0ED,AED,Failed,2024-08-30,United States
TXN-E235D2CF-413,INR,Cancelled,2024-12-04,Australia
TXN-E648E046-A2E,INR,Refunded,2024-11-07,India
TXN-D9DD242A-45B,JPY,Processing,2024-09-21,Italy
TXN-4B60E93D-15C,AED,Pending,2023-12-21,Switzerland
TXN-5EA20BD2-0E1,AUD,Cancelled,2024-06-15,Sweden
TXN-2F970938-BB4,CHF,Processing,2024-02-06,Sweden
TXN-039323CA-3A1,EUR,Refunded,2024-04-22,Switzerland
TXN-EE181C3C-983,LKR,Cancelled,2024-09-02,Sweden
TXN-154726C3-628,CNY,Refunded,2024-08-05,Singapore
TXN-2A491064-F3A,INR,Completed,2023-11-22,China
TXN-85C16A4E-780,INR,Completed,2024-03-31,Singapore
TXN-074FE325-EA2,INR,Pending,2023-05-11,Italy
TXN-776BA881-A19,EUR,Completed,2024-12-27,Norway
TXN-3129BBB2-25E,GBP,Processing,2024-05-06,United Kingdom
TXN-D9ED795C-217,CAD,Refunded,2023-03-15,Australia
TXN-F3266D8B-531,EUR,Cancelled,2024-10-05,Japan
TXN-8E9BCCEF-848,INR,Failed,2023-06-29,South Africa
TXN-E97983F4-1EF,CNY,Cancelled,2024-11-25,Singapore
TXN-A51AF693-82E,AUD,Completed,2024-08-30,Canada
TXN-96817611-2DB,SGD,Processing,2023-11-24,China
TXN-C257BEA2-C77,GBP,Cancelled,2024-02-20,Singapore
TXN-A23572EB-3C1,CNY,Failed,2023-12-15,Sweden
TXN-ED04A695-308,GBP,Cancelled,2023-07-01,United States
TXN-6EF53CC8-C74,CNY,Refunded,2024-04-14,Japan
TXN-BE7E56AC-F3E,CNY,Completed,2024-09-10,United States
TXN-8AEA53D3-749,CNY,Completed,2024-12-26,Norway
TXN-CC3E9E7C-3AB,JPY,Completed,2024-07-20,Japan
TXN-BA9B5475-F94,SGD,Failed,2023-09-22,South Africa
TXN-2E40E953-DC6,GBP,Pending,2024-08-05,South Africa
TXN-5EAC4C56-CB3,JPY,Cancelled,2023-01-20,India
TXN-F76740D5-1BE,SGD,Pending,2024-10-11,Japan
TXN-1B0D5B7C-1CC,USD,Refunded,2023-03-28,China
TXN-216DADED-9F2,GBP,Refunded,2024-05-30,China
TXN-AD06688E-9E7,AUD,Refunded,2024-07-30,Norway
TXN-3F8F9697-D60,AUD,Refunded,2023-02-25,United Kingdom
TXN-43462F21-DEF,GBP,Refunded,2023-07-30,Australia
TXN-1D8898B5-E83,USD,Refunded,2024-05-26,Sweden
TXN-8A36C761-259,JPY,Refunded,2024-12-14,Canada
TXN-5018D62E-B07,GBP,Failed,2024-06-17,Sri Lanka
TXN-42D6FCDF-2B9,AED,Refunded,2024-11-27,Australia
TXN-344487B6-3E2,CNY,Completed,2023-12-10,Switzerland
TXN-DF206BD5-D28,AED,Completed,2023-08-31,Norway
TXN-1B0453D6-5BC,JPY,Refunded,2024-08-07,Spain
TXN-3DC5F3A5-3C8,CHF,Cancelled,2024-11-11,Australia
TXN-4DF9FDBA-EC4,GBP,Cancelled,2023-09-19,Sri Lanka
TXN-43C8C267-AE0,JPY,Refunded,2023-11-06,UAE
TXN-36B6EA99-6C2,EUR,Refunded,2023-08-28,UAE
TXN-7EB85E8F-D9E,CNY,Refunded,2023-03-15,Switzerland
TXN-A59EAC5F-026,CNY,Processing,2023-06-25,Switzerland
TXN-626E87AB-652,AED,Processing,2023-02-12,UAE
TXN-72B73F0F-698,SGD,Cancelled,2023-04-19,Germany
TXN-5BDBDE9A-742,SGD,Cancelled,2024-07-14,Netherlands
TXN-93D956C9-C8F,JPY,Cancelled,2023-09-15,United Kingdom
TXN-C7C9B329-FE3,AED,Completed,2023-01-10,Australia
TXN-42B29873-0B6,GBP,Processing,2023-03-30,China
TXN-57802441-6CD,CHF,Failed,2023-07-17,Sweden
TXN-2CA3FBFF-29F,SGD,Processing,2024-05-18,China
TXN-487305B7-7D2,CAD,Failed,2024-12-25,United States
TXN-AF3BB38A-9BB,JPY,Refunded,2023-03-17,UAE
TXN-7DAD4C98-03A,JPY,Cancelled,2023-06-14,United States
TXN-BCA08D4F-00C,GBP,Completed,2023-04-25,France
TXN-38860B9F-921,AUD,Pending,2023-06-17,Brazil
TXN-F8665241-A28,AUD,Failed,2024-12-28,United States
TXN-F031D758-E73,LKR,Failed,2024-10-20,Italy
TXN-4F532131-F4A,CHF,Failed,2024-12-31,Brazil
TXN-B2222A00-929,USD,Refunded,2023-02-21,China
TXN-0CFB69A1-8E7,LKR,Pending,2024-01-03,Sweden
TXN-EDA1A526-CF7,CNY,Failed,2023-10-03,United Kingdom
TXN-9CEBDE4E-9A5,INR,Processing,2023-02-04,Japan
TXN-98019BDC-43A,CAD,Completed,2023-12-28,India
TXN-97AEC873-A52,CHF,Pending,2024-02-23,Brazil
TXN-9929FB8F-963,LKR,Failed,2024-09-07,Spain
TXN-5639C169-851,AED,Refunded,2024-10-13,Switzerland
TXN-BD61BF5F-953,GBP,Cancelled,2023-07-05,Brazil
TXN-DEF2804D-53F,USD,Completed,2024-12-24,UAE
TXN-5CCA942F-8AE,CHF,Cancelled,2023-08-24,Sweden
TXN-9FBCBDB9-F53,SGD,Completed,2024-01-01,Brazil
TXN-BA80FFF3-7E1,LKR,Failed,2024-02-11,South Africa
TXN-6A5FAC8D-993,AUD,Completed,2023-05-31,Netherlands
TXN-3D4D24EE-974,CNY,Completed,2023-03-27,United States
TXN-11ACF840-929,USD,Pending,2023-09-01,Sweden
TXN-73CE07BD-045,EUR,Refunded,2024-03-10,China
TXN-46D1A2B5-155,USD,Pending,2024-02-23,Netherlands
TXN-0AC4CECD-6FC,EUR,Pending,2024-02-03,India
TXN-09B3F657-188,INR,Processing,2023-09-01,Netherlands
TXN-4D92F835-F39,SGD,Completed,2023-12-16,Sweden
TXN-E908DED1-37E,SGD,Cancelled,2024-10-03,China
TXN-3ED3BBC0-3D2,AUD,Pending,2024-02-13,United Kingdom
TXN-EFECF2CD-B08,EUR,Completed,2024-08-24,Sri Lanka
TXN-781BC8F2-2FE,GBP,Pending,2023-09-15,Italy
TXN-44248E4A-ED8,INR,Refunded,2023-04-20,Australia
TXN-27608C24-AF3,EUR,Completed,2023-09-30,Germany
TXN-BF9AA827-8B5,JPY,Failed,2024-05-03,China
TXN-88E67DAD-353,GBP,Refunded,2023-11-22,India
TXN-28D2A2E9-CB8,JPY,Cancelled,2024-02-18,Australia
TXN-993EA3D5-EDB,INR,Refunded,2023-09-04,Canada
TXN-2B4A6CD1-4EF,CHF,Completed,2023-02-21,Switzerland
TXN-40A3D875-D96,SGD,Pending,2024-08-10,Germany
TXN-9FEA299A-5F0,LKR,Completed,2024-07-01,Norway
TXN-D031DC89-985,INR,Processing,2023-06-14,South Africa
TXN-56C3DCC7-A08,SGD,Pending,2024-02-19,Norway
TXN-DC1DA3D2-018,AED,Failed,2023-12-01,Sri Lanka
TXN-6CBAC60C-736,SGD,Processing,2023-11-29,China
TXN-5A5B44A4-5C7,LKR,Pending,2023-04-17,UAE
TXN-3C438FBF-80B,USD,Pending,2023-04-05,Brazil
TXN-17AB337A-6E5,JPY,Refunded,2024-12-29,South Africa
TXN-5022DB37-9E1,INR,Failed,2024-11-06,Spain
TXN-6581618C-4F1,USD,Failed,2024-01-02,China
TXN-B0C4B017-056,SGD,Pending,2023-01-27,Netherlands
TXN-A38EF2EA-8D5,INR,Cancelled,2023-11-26,United States
TXN-63F9EF89-82C,CHF,Completed,2024-12-13,UAE
TXN-01246E50-68A,CNY,Refunded,2024-01-19,Switzerland
TXN-C5DD23A4-94E,CHF,Failed,2024-03-10,Norway
TXN-4182D202-E01,SGD,Processing,2024-09-12,Brazil
TXN-2F6B52A6-92E,GBP,Failed,2023-07-03,Germany
TXN-011746C2-480,CHF,Refunded,2023-11-25,Norway
TXN-96F85498-CF9,LKR,Completed,2024-08-20,Norway
TXN-F66A6788-FB3,INR,Failed,2023-01-02,United States
TXN-DFD383A2-77D,CNY,Refunded,2024-09-27,United States
TXN-509376FE-65E,INR,Pending,2024-03-27,Singapore
TXN-869E9341-45A,CAD,Processing,2023-08-18,Netherlands
TXN-43FD3DB5-149,GBP,Pending,2024-01-13,Singapore
TXN-65502CFA-615,LKR,Pending,2024-02-02,Brazil
TXN-6B7977BB-5FF,GBP,Processing,2024-10-02,Netherlands
TXN-D7417A5D-8D2,GBP,Refunded,2024-07-18,France
TXN-9DCD3EC8-6E5,INR,Completed,2024-01-29,Norway
TXN-6E838626-BAD,AED,Processing,2024-12-29,Canada
TXN-49F81DCC-58C,CHF,Pending,2024-12-08,Singapore
TXN-D5D43956-AF3,AED,Cancelled,2023-06-02,Switzerland
TXN-CD60A72E-798,AUD,Pending,2023-03-21,Sweden
TXN-99D27FBB-660,JPY,Completed,2023-02-23,United States
TXN-A3018F96-86B,AUD,Pending,2024-10-31,Brazil
TXN-78E98448-948,JPY,Completed,2023-04-22,Sweden
TXN-C562F570-46A,LKR,Refunded,2024-04-14,Japan
TXN-0E1F7AA9-D76,AED,Pending,2024-06-26,United States
TXN-089355D6-0CF,SGD,Completed,2024-09-29,Italy
TXN-86AF30A6-44E,LKR,Refunded,2024-12-13,South Africa
TXN-5228247F-CF4,AED,Pending,2023-08-01,Canada
TXN-A776314E-79F,AUD,Refunded,2023-11-08,Canada
TXN-E05AEB09-3AD,AED,Refunded,2024-06-07,Switzerland
TXN-89138978-BBD,JPY,Cancelled,2024-11-30,Spain
TXN-076A029F-2B1,AED,Completed,2023-01-10,Switzerland
TXN-E3FEBA17-5D7,EUR,Completed,2024-06-15,United States
TXN-33F8BA98-437,SGD,Refunded,2023-08-25,United States
TXN-0D6C601B-523,INR,Completed,2024-06-26,Italy
TXN-0B4D6C1C-C8D,SGD,Processing,2023-04-22,Japan
TXN-753BFB11-DC8,CNY,Cancelled,2023-10-12,China
TXN-B705E0ED-F6B,SGD,Pending,2023-11-04,UAE
TXN-AACCDBA6-923,GBP,Processing,2023-03-09,Italy
TXN-55064665-2DD,SGD,Refunded,2024-04-25,Sweden
TXN-D65755C6-8A1,SGD,Processing,2024-04-26,Japan
TXN-5E6CBFB1-F25,GBP,Processing,2024-12-22,Norway
TXN-F27302B2-EE8,AED,Pending,2024-04-07,Switzerland
TXN-F94CB0F6-277,CNY,Refunded,2023-09-25,France
TXN-57E5511F-42D,CAD,Cancelled,2023-06-29,Spain
TXN-8B4CBF79-B3B,EUR,Failed,2024-01-11,United Kingdom
TXN-302AE844-C3E,SGD,Processing,2024-09-02,United States
TXN-06A78A28-C5E,JPY,Pending,2024-05-11,Germany
TXN-4958D3D5-431,EUR,Cancelled,2023-05-15,Italy
TXN-38A68219-BE2,USD,Cancelled,2024-10-31,United States
TXN-43712BCC-D56,LKR,Cancelled,2024-09-04,China
TXN-BD8AB629-9D5,CHF,Processing,2023-08-23,Sweden
TXN-18FB8926-429,CHF,Failed,2024-02-26,Switzerland
TXN-F41455A7-ECB,INR,Processing,2023-06-13,Singapore
TXN-8EDF4361-159,LKR,Refunded,2024-02-26,Netherlands
TXN-4F73A499-D05,SGD,Refunded,2023-02-28,South Africa
TXN-44CFEA7E-8AA,GBP,Failed,2023-01-23,China
TXN-187FC7F6-F43,GBP,Refunded,2024-05-21,United Kingdom
TXN-A2255B5F-B09,JPY,Failed,2024-01-11,Sweden
TXN-2944353E-6DB,JPY,Cancelled,2023-12-22,Japan
TXN-FDC06E3D-D15,JPY,Failed,2024-06-04,Australia
TXN-5AC4F1F9-6D0,AED,Cancelled,2024-06-18,Spain
TXN-213D83B3-6B2,AED,Pending,2024-01-16,United Kingdom
TXN-55F2DBDA-296,CHF,Cancelled,2024-11-30,Canada
TXN-B73EA1E6-375,EUR,Processing,2023-02-28,France
TXN-38389A57-03C,CHF,Cancelled,2024-02-02,Singapore
TXN-11B8109A-6C5,CNY,Processing,2023-02-05,Singapore
TXN-884F5CA1-C69,EUR,Completed,2023-07-15,Netherlands
TXN-356412FE-B51,CAD,Failed,2024-10-19,South Africa
TXN-6B3897EC-825,EUR,Refunded,2023-09-09,France
TXN-E35AB162-4CA,EUR,Completed,2023-08-29,Canada
TXN-D21E0981-A2B,AED,Pending,2024-10-03,India
TXN-765E4CDC-D3C,CNY,Processing,2023-07-31,Netherlands
TXN-9B44D648-BA9,GBP,Cancelled,2023-01-28,Norway
TXN-B9459690-1F3,INR,Failed,2024-01-29,Spain
TXN-D2AA3231-203,SGD,Cancelled,2024-04-04,Spain
TXN-58024A02-297,CAD,Refunded,2024-02-07,Netherlands
TXN-38C7DDFF-88E,AUD,Refunded,2024-05-13,Japan
TXN-1BE07981-4E1,JPY,Failed,2024-04-22,Norway
TXN-7F6368DF-68B,AUD,Completed,2023-07-28,Sri Lanka
TXN-86EEAAAC-178,AUD,Refunded,2024-05-26,Sri Lanka
TXN-DC0EAA58-96E,CNY,Processing,2024-11-26,Australia
TXN-224E095A-3EF,SGD,Refunded,2023-07-01,United Kingdom
TXN-D0A26F41-E22,JPY,Processing,2023-06-18,South Africa
TXN-CF397A26-945,AUD,Failed,2023-10-09,France
TXN-3F3996C5-200,CNY,Failed,2024-06-09,Sri Lanka
TXN-58DF1FAF-1BA,GBP,Completed,2024-08-23,Netherlands
TXN-16D4D0DB-A64,CHF,Cancelled,2024-11-11,Brazil
TXN-D0B14010-665,JPY,Pending,2023-12-16,Netherlands
TXN-CC0E8F51-C42,JPY,Pending,2024-07-10,Switzerland
TXN-172749B3-F58,JPY,Completed,2024-08-21,France
TXN-322D9C71-41E,LKR,Failed,2024-08-05,Italy
TXN-19ACBC35-FFB,LKR,Refunded,2023-11-27,United Kingdom
TXN-0C70B4FE-23E,AED,Completed,2023-06-13,Sri Lanka
TXN-A2F25CEA-F22,AUD,Pending,2023-06-24,Switzerland
TXN-632AC710-9F1,USD,Cancelled,2023-05-22,Switzerland
TXN-99418E60-9D0,CHF,Pending,2024-01-26,Sweden
TXN-B4166E69-DC7,CAD,Failed,2023-12-22,Spain
TXN-B7B04D57-B6D,CNY,Completed,2023-11-29,United Kingdom
TXN-61448995-106,LKR,Completed,2023-12-30,China
TXN-A3A80D1D-342,AUD,Refunded,2023-11-25,China
TXN-5605B2C5-0DD,CAD,Completed,2023-02-02,Australia
TXN-A0372C0A-698,EUR,Completed,2023-02-15,India
TXN-5ED878AA-F1B,INR,Cancelled,2024-02-17,Switzerland
TXN-9035ACD6-E72,INR,Pending,2023-11-02,China
TXN-962C0B01-C24,GBP,Processing,2024-06-09,Australia
TXN-4AE716E2-B1F,GBP,Failed,2024-02-05,Italy
TXN-814EA0B8-EFA,LKR,Refunded,2023-03-12,France
TXN-41F584E3-E85,CHF,Processing,2023-11-14,Norway
TXN-B1127285-C06,AUD,Failed,2023-12-19,Spain
TXN-4A840603-3B8,AUD,Failed,2024-06-02,Netherlands
TXN-32B42BEF-4ED,AED,Processing,2024-08-04,France
TXN-F61498B2-BEF,LKR,Pending,2023-08-27,France
TXN-B640859C-948,AUD,Cancelled,2023-04-21,France
TXN-8A81AFA6-B8E,SGD,Processing,2023-11-12,Australia
TXN-C7943BF3-96F,INR,Failed,2023-05-27,Canada
TXN-54349E9C-D4E,CNY,Completed,2024-02-13,China
TXN-B2C4507E-762,JPY,Failed,2024-08-04,Brazil
TXN-62695C6A-FCE,CAD,Cancelled,2024-08-06,China
TXN-C3F67E01-A7F,CAD,Pending,2024-12-23,France
TXN-FCED9E65-A4F,AUD,Processing,2023-11-28,Spain
TXN-43E84624-783,AUD,Cancelled,2023-02-22,United States
TXN-E5267E4E-BBF,AED,Refunded,2024-12-06,UAE
TXN-430BEDD6-A43,CHF,Refunded,2024-06-27,UAE
TXN-877273DB-848,SGD,Pending,2023-06-27,UAE
TXN-2EB6B2A0-D72,INR,Refunded,2024-02-06,Canada
TXN-BC57F9B2-F09,EUR,Processing,2023-08-07,Singapore
TXN-85E44F31-B07,LKR,Completed,2024-08-30,South Africa
TXN-3CC5A48F-ABA,LKR,Processing,2023-07-04,Brazil
TXN-9D7AA0D1-379,LKR,Processing,2024-04-11,UAE
TXN-A7A2D448-039,CNY,Failed,2024-04-18,Singapore
TXN-D2514DEB-7E1,CNY,Completed,2023-06-17,Brazil
TXN-05AA9B5D-9FA,EUR,Pending,2024-01-15,Netherlands
TXN-04AA2588-515,SGD,Failed,2024-10-02,Norway
TXN-B41087AD-88E,LKR,Processing,2024-08-29,Singapore
TXN-452818B5-B51,EUR,Pending,2023-10-25,South Africa
TXN-FAF03B3C-183,CAD,Pending,2024-07-17,Sweden
TXN-90BBE4AC-8BD,LKR,Failed,2024-12-10,Netherlands
TXN-8C91FC23-6D5,CNY,Cancelled,2023-05-30,China
TXN-25E05095-A86,INR,Failed,2024-03-08,Brazil
TXN-BC4EC2E2-002,EUR,Refunded,2024-12-22,Japan
TXN-434A5C0D-720,USD,Cancelled,2023-03-21,Switzerland
TXN-21E0DFCF-8FC,AED,Failed,2024-02-05,Brazil
TXN-CF4A743F-F5F,INR,Processing,2024-01-02,Germany
TXN-9F10077C-C41,AUD,Cancelled,2024-04-02,South Africa
TXN-D18E2644-953,USD,Processing,2024-01-16,Brazil
TXN-8EFEE4E6-254,AED,Completed,2024-07-22,Sweden
TXN-5F722B64-F00,LKR,Completed,2023-12-09,United States
TXN-AFC83835-393,AUD,Refunded,2023-04-27,Netherlands
TXN-92C00508-461,LKR,Cancelled,2023-11-11,Brazil
TXN-47AAE086-055,USD,Completed,2024-10-22,Netherlands
TXN-CAB1CFAC-60A,GBP,Cancelled,2024-01-11,China
TXN-EDC0A0C0-C30,CAD,Processing,2023-06-14,Canada
TXN-735DA2FE-AA2,USD,Refunded,2023-08-06,France
TXN-5073C9DF-548,LKR,Cancelled,2024-06-12,Singapore
TXN-FE68C41D-826,GBP,Completed,2023-03-20,Spain
TXN-EFD2145F-2B6,USD,Refunded,2023-11-15,UAE
TXN-E2A15399-84B,SGD,Processing,2023-04-20,Spain
TXN-86991916-0BF,AUD,Failed,2023-03-24,UAE
TXN-3E9C0E27-2BC,USD,Refunded,2023-02-07,Brazil
TXN-36631007-257,CHF,Processing,2024-02-17,Australia
TXN-EBBCB0E7-1BB,GBP,Refunded,2024-01-05,China
TXN-23F67E57-241,AUD,Pending,2024-01-23,Canada
TXN-C778E4E7-9F0,INR,Pending,2023-08-15,Brazil
TXN-145CBB90-F1D,EUR,Processing,2024-08-14,Brazil
TXN-012CD57E-C3F,INR,Refunded,2023-04-17,India
TXN-40586BD0-F07,INR,Completed,2024-09-28,Brazil
TXN-3F2EA13E-981,SGD,Completed,2023-12-26,Japan
TXN-9BEAE255-1C8,LKR,Processing,2024-01-26,Singapore
TXN-C46ECF90-55E,GBP,Refunded,2023-09-08,India
TXN-8F08D1A9-D57,INR,Failed,2023-04-16,South Africa
TXN-3A42D26C-DB5,JPY,Failed,2023-10-05,France
TXN-FD0F1543-9A3,JPY,Pending,2023-09-13,Spain
TXN-B2DD99DD-2F0,GBP,Processing,2024-12-02,Sri Lanka
TXN-1052760A-16C,SGD,Completed,2024-04-04,Netherlands
TXN-73EA4E75-8C1,CAD,Pending,2023-08-23,UAE
TXN-0D9FC749-2AD,CAD,Completed,2024-07-27,United Kingdom
TXN-2269F31F-E72,LKR,Failed,2024-12-08,Norway
TXN-F0D6609D-6D3,USD,Cancelled,2024-05-01,Norway
TXN-BBE0EDF1-C14,CAD,Processing,2024-12-05,Brazil
TXN-4E498794-59E,CNY,Failed,2024-12-04,Germany
TXN-06F50C82-30C,INR,Processing,2023-02-26,Netherlands
TXN-714B9912-04E,EUR,Pending,2023-06-13,Singapore
TXN-AD33A1C6-F4D,LKR,Completed,2023-04-08,Sri Lanka
TXN-8A202B62-8CE,SGD,Completed,2023-02-11,Sri Lanka
TXN-741D99A8-7BA,INR,Processing,2024-02-04,Germany
TXN-81A0B188-854,INR,Processing,2023-06-07,Japan
TXN-ED222CC8-1FD,AUD,Processing,2023-05-20,Spain
TXN-CC20005D-58F,JPY,Failed,2023-07-10,Australia
TXN-23E52D3A-D4E,SGD,Processing,2024-10-17,UAE
TXN-88772049-8F2,AUD,Completed,2024-01-30,Italy
TXN-4B098039-75F,AUD,Completed,2023-01-31,Brazil
TXN-2DAA6306-7AD,LKR,Refunded,2023-02-19,Canada
TXN-F8DF5A52-7AA,USD,Completed,2023-01-12,Singapore
TXN-90296D89-5DF,GBP,Failed,2023-03-16,Germany
TXN-731DC18F-9D8,AUD,Cancelled,2023-04-11,Sweden
TXN-C1EA0CA3-084,AED,Refunded,2024-10-03,India
TXN-82DD068D-2BF,USD,Pending,2024-09-20,Netherlands
TXN-25C8F92D-526,INR,Completed,2023-11-16,Sweden
TXN-5CB87DA8-5F8,CHF,Processing,2023-02-05,United States
TXN-C8534AB9-53F,EUR,Refunded,2023-03-17,Netherlands
TXN-E97086C5-720,GBP,Pending,2024-01-25,France
TXN-ED916F32-59F,JPY,Refunded,2023-11-21,Brazil
TXN-8C2D37AB-A3F,CNY,Pending,2023-11-26,Switzerland
TXN-0225FF2A-EFA,GBP,Completed,2023-10-23,Italy
TXN-FDE3A138-AFB,EUR,Cancelled,2023-05-07,UAE
TXN-A2BC9614-52D,CHF,Completed,2024-12-27,United States
TXN-ADB9E068-DD4,EUR,Pending,2023-09-19,Spain
TXN-50A8D6CB-711,CHF,Refunded,2024-02-08,South Africa
TXN-661DE13B-C80,CAD,Failed,2024-06-10,Brazil
TXN-26F5B733-39B,JPY,Refunded,2023-09-30,Italy
TXN-04368621-E9F,EUR,Failed,2024-07-05,India
TXN-B9CC73FE-405,AED,Completed,2023-08-07,Switzerland
TXN-0C7A8067-82D,EUR,Failed,2023-08-07,United States
TXN-BF68975D-C05,INR,Failed,2024-12-18,Germany
TXN-11400559-25B,AED,Completed,2024-02-07,Singapore
TXN-96010913-7F7,AUD,Processing,2023-03-11,Norway
TXN-2D603B4A-1A7,CAD,Completed,2023-07-30,Australia
TXN-730443F0-7F4,AUD,Pending,2024-07-06,Sri Lanka
TXN-0404FA12-8F3,CNY,Completed,2023-02-15,Norway
TXN-44407A22-C90,SGD,Failed,2023-12-03,Sweden
TXN-85F0E7B8-4AE,CNY,Refunded,2024-08-09,UAE
TXN-5CF316AD-0E9,AUD,Completed,2023-06-06,India
TXN-EFDF1F1B-CD8,JPY,Refunded,2023-10-05,Spain
TXN-DB04CC65-25C,EUR,Cancelled,2024-05-14,United States
TXN-45894D74-AC6,CHF,Completed,2023-04-04,Spain
TXN-9BE75EF6-69C,USD,Completed,2023-04-17,France
TXN-0DB91DDB-1B9,EUR,Pending,2024-11-02,United States
TXN-D01F13F2-8BC,AUD,Failed,2024-06-01,Singapore
TXN-E38D05A0-294,CNY,Failed,2023-01-10,UAE
TXN-379CF877-5FD,JPY,Refunded,2023-12-03,Canada
TXN-212C88D4-485,LKR,Refunded,2024-02-15,Canada
TXN-FB6BAEE3-903,AED,Completed,2024-06-21,United Kingdom
TXN-2D986D68-4EF,CAD,Failed,2023-12-11,Australia
TXN-37C96602-CE6,JPY,Completed,2023-11-14,Norway
TXN-F1E4931E-4C0,CHF,Cancelled,2023-05-23,India
TXN-A1E7B643-C82,AED,Pending,2023-03-17,France
TXN-1AC0A015-DF5,USD,Completed,2023-01-06,Brazil
TXN-E3BCDE29-CEC,CNY,Processing,2023-11-02,UAE
TXN-4B6F3994-C1D,CAD,Completed,2024-11-29,UAE
TXN-2220D1C2-C7A,AUD,Cancelled,2023-03-31,UAE
TXN-E1202935-F6C,EUR,Refunded,2023-08-01,Netherlands
TXN-58E4EAA5-7FA,SGD,Completed,2023-10-14,Brazil
TXN-E6EBD3F5-366,USD,Processing,2024-02-21,Sweden
TXN-5C9B233A-FB3,INR,Refunded,2024-02-03,Spain
TXN-86C0A417-343,SGD,Cancelled,2023-11-22,Sri Lanka
TXN-D127D286-7F3,AUD,Pending,2024-01-11,Australia
TXN-171499C3-D46,GBP,Cancelled,2023-04-09,United Kingdom
TXN-63D1D214-356,CAD,Pending,2024-09-08,Sweden
TXN-588627F7-BD9,USD,Cancelled,2023-02-09,Germany
TXN-D68094DA-F95,CAD,Pending,2023-01-27,Norway
TXN-04D3535F-9FC,GBP,Pending,2024-06-19,Sri Lanka
TXN-49F448C5-2EF,GBP,Completed,2024-03-15,Norway
TXN-E09ABB10-AE4,GBP,Processing,2024-05-28,United States
TXN-2D26BA7F-71F,JPY,Processing,2023-06-26,Australia
TXN-4FCC0714-A39,AED,Failed,2024-12-10,United States
TXN-3F0DA5A9-E0B,GBP,Pending,2024-11-01,Brazil
TXN-B5019389-EC4,GBP,Cancelled,2024-09-16,Brazil
TXN-7BBE1D55-CAC,EUR,Processing,2023-07-30,Netherlands
TXN-0B3F48EA-22B,GBP,Completed,2024-07-13,United States
TXN-DEF34259-FF5,AED,Pending,2024-03-26,China
TXN-8C4E220A-2B0,INR,Processing,2024-01-12,Sri Lanka
TXN-7EA59208-2C5,USD,Failed,2023-05-22,Sri Lanka
TXN-F6A3BB5C-C32,AUD,Completed,2024-02-07,China
TXN-68874540-D89,SGD,Pending,2024-06-13,Japan
TXN-A5F4B98A-C91,CAD,Completed,2023-08-07,United States
TXN-128C6E92-D63,JPY,Pending,2023-06-09,United States
TXN-6CC6942A-A45,AED,Pending,2023-11-01,Australia
TXN-3F61D972-B6E,INR,Pending,2023-10-12,Spain
TXN-DE7160B4-4EC,EUR,Cancelled,2024-01-21,South Africa
TXN-35B32519-E80,AUD,Processing,2024-11-22,Italy
TXN-6F899465-3B7,AED,Pending,2023-10-25,Spain
TXN-2996D921-FDA,CNY,Failed,2023-08-01,Norway
TXN-94C7FA14-783,GBP,Processing,2023-06-10,Netherlands
TXN-D36F3493-B2F,GBP,Cancelled,2024-01-13,Norway
TXN-80B78B7C-E97,GBP,Completed,2023-02-09,South Africa
TXN-336A2816-78C,AED,Completed,2023-02-21,United States
TXN-E9957430-FEF,USD,Failed,2024-04-19,Italy
TXN-3CABD728-5BC,LKR,Refunded,2024-09-05,Japan
TXN-2A913CFC-FBF,EUR,Refunded,2024-07-07,India
TXN-11B6DAC6-3DD,CAD,Cancelled,2024-11-27,Switzerland
TXN-CBED3C64-FAE,USD,Processing,2023-01-04,Germany
TXN-9FE1A023-65F,GBP,Pending,2023-04-01,Canada
TXN-44FD8B7B-248,GBP,Pending,2024-05-10,United Kingdom
TXN-7346E632-17C,INR,Cancelled,2024-08-03,Sri Lanka
TXN-6B13CFBE-120,LKR,Failed,2023-11-18,Brazil
TXN-CA692322-40B,INR,Processing,2024-10-14,Germany
TXN-E912A075-D54,CHF,Completed,2024-01-09,Norway
TXN-D743C53E-0A9,AUD,Refunded,2023-02-25,India
TXN-19F77881-493,CHF,Processing,2024-12-30,Germany
TXN-57E81516-12F,EUR,Processing,2023-05-28,Australia
TXN-5FD2D773-FCB,USD,Cancelled,2023-01-26,France
TXN-47AAE3DF-9F5,JPY,Failed,2023-08-25,United Kingdom
TXN-ED86A314-4B2,LKR,Processing,2024-05-15,Singapore
TXN-3A669EC0-219,SGD,Pending,2024-10-19,Canada
TXN-0F7B572B-B0A,CAD,Pending,2024-05-22,Spain
TXN-C9CBFF9E-6CF,CNY,Pending,2023-01-31,Netherlands
TXN-3DC027B0-160,INR,Pending,2023-03-19,France
TXN-95C59834-5A9,GBP,Refunded,2023-02-20,Japan
TXN-C3FFED76-073,LKR,Completed,2024-04-22,Japan
TXN-24AD03B7-744,CNY,Failed,2024-03-21,Brazil
TXN-2616F5F2-CC1,EUR,Processing,2023-11-14,Netherlands
TXN-D163A8E6-353,LKR,Failed,2024-10-24,Spain
TXN-A72D5830-B54,SGD,Processing,2023-09-02,Switzerland
TXN-135FFDC9-844,GBP,Completed,2024-04-21,Sweden
TXN-8F855BA0-799,LKR,Processing,2023-01-29,Sri Lanka
TXN-E7838507-E53,CNY,Pending,2024-08-15,Sri Lanka
TXN-B175014E-753,EUR,Cancelled,2023-02-26,Spain
TXN-5002664C-DFD,GBP,Cancelled,2024-02-20,Singapore
TXN-3D4E557F-7A5,GBP,Refunded,2024-01-15,Germany
TXN-4AE33834-585,LKR,Cancelled,2024-12-04,Switzerland
TXN-D8D2F08E-014,LKR,Refunded,2023-02-09,Spain
TXN-DFEAB615-5B4,USD,Processing,2024-09-25,Italy
TXN-A400777F-724,GBP,Failed,2023-09-07,Brazil
TXN-156C8D1E-9D1,AED,Completed,2023-08-21,South Africa
TXN-102C3436-A7F,CNY,Completed,2023-06-07,Netherlands
TXN-992B9D30-93C,GBP,Failed,2024-10-16,India
TXN-F3C02F26-48D,GBP,Processing,2024-06-17,United States
TXN-3FF8A661-28D,JPY,Pending,2024-05-24,China
TXN-09080609-5E3,USD,Cancelled,2024-04-15,Sweden
TXN-36DEE973-EEF,CNY,Completed,2024-03-25,UAE
TXN-A108F16C-525,USD,Cancelled,2023-05-24,United Kingdom
TXN-BAA7CD65-5B6,AUD,Pending,2023-12-03,Singapore
TXN-1FA59A0E-D7A,EUR,Completed,2024-09-16,Brazil
TXN-AD7A0AAD-4BC,LKR,Refunded,2024-11-06,Norway
TXN-A06744ED-52D,AUD,Processing,2023-05-23,Norway
TXN-ECDFA492-680,AED,Cancelled,2024-01-18,Singapore
TXN-71CCB4B4-F65,SGD,Failed,2024-04-06,Norway
TXN-3AD55EBF-3E4,INR,Cancelled,2023-09-19,Canada
TXN-271774EC-818,AUD,Completed,2023-10-21,Switzerland
TXN-48A050A2-33E,CNY,Pending,2024-06-14,Netherlands
TXN-CAF2BEE6-B7B,GBP,Cancelled,2024-02-09,South Africa
TXN-C7221C40-9AF,AED,Cancelled,2024-01-19,Japan
TXN-17A0783C-27F,JPY,Failed,2023-08-28,Japan
TXN-034A6A72-8A8,AUD,Pending,2023-12-28,Canada
TXN-05E4FB0B-149,AUD,Failed,2023-08-30,Netherlands
TXN-BFC9B1DD-011,CHF,Processing,2024-06-23,South Africa
TXN-E259B2F8-100,AED,Failed,2024-06-06,Sweden
TXN-9573E847-407,AUD,Failed,2024-03-01,Sri Lanka
TXN-B5AF5418-D03,INR,Refunded,2023-11-13,United Kingdom
TXN-6EBB54F3-13F,JPY,Processing,2023-02-08,Netherlands
TXN-5B659D31-13D,GBP,Failed,2024-07-21,Netherlands
TXN-437FE41D-0F9,EUR,Completed,2024-02-19,Brazil
TXN-08DCDC31-F48,CNY,Refunded,2024-04-22,Norway
TXN-5E1F317C-A70,EUR,Processing,2023-08-15,Canada
TXN-2C0AB4F5-24D,AUD,Cancelled,2023-03-07,France
TXN-00107A59-2CA,JPY,Refunded,2024-02-18,United Kingdom
TXN-784C8625-9CE,SGD,Processing,2024-03-11,China
TXN-DB31DE9E-5DF,AUD,Pending,2024-03-05,Italy
TXN-B77990DF-839,EUR,Processing,2024-06-23,Spain
TXN-797D138B-B2B,INR,Processing,2024-01-03,Norway
TXN-4EF9B548-056,CHF,Failed,2024-08-09,United States
TXN-40E46AFC-8BE,CAD,Processing,2024-04-30,Spain
TXN-91E0BCF6-BFC,SGD,Processing,2024-01-31,India
TXN-449C2F73-705,AED,Cancelled,2024-07-21,Germany
TXN-3F9D6153-870,AED,Failed,2023-01-27,Netherlands
TXN-665A0E36-07D,INR,Failed,2024-04-23,United Kingdom
TXN-A9467DA6-126,EUR,Refunded,2023-08-03,Italy
TXN-C63CA934-5AD,EUR,Pending,2023-04-09,United States
TXN-42FBABF8-9B3,INR,Refunded,2023-03-05,Brazil
TXN-B146DE29-36A,CNY,Cancelled,2023-11-06,Switzerland
TXN-89FFC6BD-376,AED,Completed,2023-09-23,Spain
TXN-9AD8FF83-410,SGD,Completed,2024-06-23,China
TXN-FCBDD623-002,INR,Pending,2023-01-29,Japan
TXN-DA2E968E-8E3,GBP,Completed,2023-12-03,France
TXN-641DF84D-96E,INR,Failed,2023-02-02,Canada
TXN-FA86CEBE-777,JPY,Failed,2023-03-11,Canada
TXN-91C4772E-D3B,SGD,Processing,2024-04-11,Norway
TXN-B13A8201-961,INR,Refunded,2024-01-28,China
TXN-8E81A870-D0E,SGD,Refunded,2023-11-18,United States
TXN-1B3DB9DC-713,CAD,Completed,2024-12-07,UAE
TXN-E6D9B57D-C0B,AED,Completed,2024-08-11,Australia
TXN-E6886B31-754,EUR,Pending,2024-09-07,Australia
TXN-FB609FF7-C54,INR,Completed,2023-04-29,Singapore
TXN-8E983C52-F35,CAD,Completed,2023-11-22,Netherlands
TXN-0E7E6E25-FC9,GBP,Refunded,2023-09-19,South Africa
TXN-F2786777-42E,USD,Processing,2023-12-16,Sweden
TXN-08EE22A2-8F6,AED,Refunded,2024-02-20,South Africa
TXN-00292260-6D2,CAD,Failed,2024-11-23,United States
TXN-BF6CE2E6-E01,AED,Completed,2024-08-15,Italy
TXN-1B69CEC9-283,CNY,Failed,2024-10-25,Germany
TXN-65E16308-ACB,USD,Cancelled,2023-12-08,Brazil
TXN-CCAEEDB8-02C,GBP,Refunded,2024-11-16,Japan
TXN-553218B1-04F,INR,Processing,2023-09-29,UAE
TXN-6E7F8B75-11D,AED,Completed,2024-10-12,China
TXN-2F57A2AD-15F,CAD,Refunded,2023-11-30,UAE
TXN-43AEB454-461,EUR,Refunded,2023-01-13,Singapore
TXN-3F7F7585-6BB,JPY,Pending,2023-12-21,Japan
TXN-65735035-403,AUD,Pending,2024-01-12,Japan
TXN-B8226B5F-504,GBP,Completed,2024-02-13,UAE
TXN-0F2E9226-594,AUD,Failed,2024-01-15,Norway
TXN-74DDDABE-FA3,SGD,Cancelled,2023-05-05,Spain
TXN-24419B84-3A8,CHF,Completed,2023-03-19,Sweden
TXN-ACADC908-338,SGD,Cancelled,2023-02-12,India
TXN-1A94ED24-2EC,USD,Pending,2024-01-12,United Kingdom
TXN-E308120F-7D2,JPY,Refunded,2023-10-25,Switzerland
TXN-0A754C86-A57,SGD,Pending,2024-12-08,Netherlands
TXN-2191529A-563,CAD,Pending,2024-06-01,Australia
TXN-CA712A49-7C7,AUD,Refunded,2024-11-17,Spain
TXN-8E708429-852,GBP,Cancelled,2023-02-23,Brazil
TXN-EF70F661-8AC,JPY,Completed,2024-02-08,France
TXN-A7B6835E-7C1,CAD,Failed,2024-07-13,Netherlands
TXN-FD37341C-348,USD,Completed,2023-05-29,Netherlands
TXN-B2BBD6F4-DC6,LKR,Failed,2024-08-24,Sri Lanka
TXN-92DBB25E-2D8,LKR,Refunded,2023-05-03,Sri Lanka
TXN-CAAE7E1E-2E2,CAD,Completed,2024-08-19,Norway
TXN-85A4364C-EAD,CHF,Processing,2023-01-07,France
TXN-ABFAFCCD-B02,USD,Pending,2024-02-22,United Kingdom
TXN-A54EBC58-3CF,EUR,Refunded,2024-10-10,Switzerland
TXN-93CDFF13-086,CAD,Pending,2024-10-29,China
TXN-A50A5BAD-DBA,USD,Cancelled,2024-05-31,Sweden
TXN-75B631F2-962,USD,Pending,2023-02-09,Spain
TXN-21929994-B2F,USD,Processing,2024-01-18,France
TXN-A4DB598A-D4E,INR,Pending,2023-11-15,Canada
TXN-0BB0C7B3-9AD,JPY,Failed,2023-10-30,France
TXN-25F2E30F-658,LKR,Processing,2024-01-29,China
TXN-9095B9D8-902,AUD,Processing,2024-08-16,Norway
TXN-97F1C0DC-59C,SGD,Completed,2024-08-16,Italy
TXN-4EB5820C-C64,GBP,Cancelled,2024-09-24,Singapore
TXN-D0C59F8B-80F,LKR,Pending,2023-11-18,France
TXN-0C40EF44-8C2,CHF,Cancelled,2024-08-29,Sweden
TXN-DE5FAE5D-42D,AUD,Failed,2023-12-10,Sri Lanka
TXN-00B29F52-36D,AED,Cancelled,2023-02-28,Italy
TXN-EF2C4C42-D83,EUR,Cancelled,2023-09-25,United Kingdom
TXN-230438CF-DD2,LKR,Failed,2023-10-19,Sri Lanka
TXN-92816B59-B0B,SGD,Refunded,2024-04-05,Switzerland
TXN-192807F1-8D7,GBP,Cancelled,2024-12-11,Australia
TXN-BECFE0AF-20D,CAD,Processing,2024-03-14,China
TXN-74A55C1C-740,EUR,Completed,2024-11-22,Brazil
TXN-4E9CD72A-2FE,CNY,Pending,2024-03-21,Sri Lanka
TXN-6A80C8DE-8E1,CAD,Processing,2023-06-24,UAE
TXN-F3946F64-E71,LKR,Completed,2024-05-13,Netherlands
TXN-AE9A9B40-36C,LKR,Pending,2024-10-12,Singapore
TXN-87A4C65D-E87,SGD,Processing,2023-03-13,Sri Lanka
TXN-97B82112-FE4,CHF,Failed,2024-02-23,Sweden
TXN-3269F535-6FF,CHF,Cancelled,2024-02-06,Sri Lanka
TXN-4E1FE185-291,AED,Failed,2024-03-18,Canada
TXN-00E8EEAB-7F8,LKR,Processing,2023-10-24,France
TXN-B4CDCAE7-506,AED,Cancelled,2023-03-28,Netherlands
TXN-A33C5A2B-0E4,AUD,Processing,2024-12-28,France
TXN-5096D86A-8E8,SGD,Failed,2023-03-14,Japan
TXN-AEBF8273-5AD,CHF,Completed,2023-09-06,Sri Lanka
TXN-296D3F6D-8BB,AUD,Refunded,2024-08-06,India
TXN-CCD1FD6A-A2F,JPY,Cancelled,2023-05-01,Brazil
TXN-703A426A-749,AED,Processing,2024-08-27,Italy
TXN-A80567FA-E4E,LKR,Cancelled,2024-03-19,UAE
TXN-A4CDEA7F-D51,AED,Cancelled,2024-10-27,Spain
TXN-EBD533AD-C10,AED,Cancelled,2024-05-18,China
TXN-1E6302B6-D99,SGD,Refunded,2024-05-07,United States
TXN-90059CBB-230,INR,Pending,2024-02-11,France
TXN-3170DF6E-6B0,GBP,Failed,2023-05-20,Japan
TXN-C772F357-D59,SGD,Failed,2024-07-11,Japan
TXN-2599C2B7-4B8,CAD,Cancelled,2024-09-23,Sweden
TXN-58A49655-57D,INR,Pending,2024-09-25,Norway
TXN-679F13EF-166,USD,Completed,2024-08-11,India
TXN-2CA4F0E8-6B7,CHF,Failed,2024-02-02,South Africa
TXN-40A5C680-4E7,INR,Completed,2023-05-11,India
TXN-3A236923-824,INR,Cancelled,2024-03-02,UAE
TXN-42F5B7E4-A28,CHF,Failed,2024-01-31,United Kingdom
TXN-1642503D-1CA,CAD,Completed,2024-07-26,Singapore
TXN-115BA6EB-C46,CHF,Pending,2023-10-13,Australia
TXN-038B56BD-6D3,AUD,Failed,2024-07-02,China
TXN-AF6FA7DB-168,CAD,Cancelled,2023-07-10,Australia
TXN-1C4F0FBF-11A,AED,Completed,2024-08-07,South Africa
TXN-43D82579-4A8,LKR,Pending,2023-08-08,UAE
TXN-BC0F3B33-B93,JPY,Completed,2024-06-21,South Africa
TXN-EFB76435-27A,AUD,Completed,2023-05-06,United Kingdom
TXN-89E362A2-64E,SGD,Processing,2023-05-10,Spain
TXN-C833BF8E-412,USD,Cancelled,2023-08-22,Netherlands
TXN-890684AE-F95,AED,Processing,2024-08-23,Sweden
TXN-01419E63-763,CAD,Processing,2024-03-26,Norway
TXN-7317CBAC-0FD,AED,Cancelled,2023-05-05,Italy
TXN-CCF00015-745,GBP,Cancelled,2023-08-07,Japan
TXN-B5B2837D-0F0,EUR,Cancelled,2023-07-02,Italy
TXN-4078351A-BEC,LKR,Processing,2024-09-14,Singapore
TXN-11421D22-E47,LKR,Processing,2023-11-12,Germany
TXN-8290371D-4FA,GBP,Pending,2024-08-30,Switzerland
TXN-343F55D6-37B,CHF,Failed,2023-12-05,Spain
TXN-391EDE24-74F,CAD,Pending,2023-04-03,France
TXN-C5378573-E00,USD,Failed,2024-07-02,France
TXN-2D6F0569-6E1,EUR,Pending,2024-02-01,Netherlands
TXN-93A61568-BCF,EUR,Processing,2024-10-09,Australia
TXN-B23DDAB3-862,LKR,Refunded,2023-08-03,United Kingdom
TXN-0AB390E5-CFE,AED,Processing,2024-05-12,France
TXN-FFD9E9A8-508,LKR,Completed,2023-02-14,Italy
TXN-1D5A702F-449,AUD,Refunded,2024-06-12,France
TXN-7117F9F0-D3C,EUR,Pending,2024-11-16,United States
TXN-E06ED193-001,JPY,Completed,2024-03-19,Canada
TXN-F69D3DD7-AB8,SGD,Processing,2024-12-30,Italy
TXN-A1946858-DCF,JPY,Completed,2023-03-01,Switzerland
TXN-6D3C2753-2DF,EUR,Pending,2024-11-11,UAE
TXN-235C373B-795,EUR,Processing,2023-11-13,Norway
TXN-94A6EC20-751,INR,Completed,2023-03-09,Sweden
TXN-608694FC-D10,AUD,Pending,2024-03-08,Germany
TXN-ED62B5E0-C6B,AED,Completed,2023-02-21,Sri Lanka
TXN-8441E0D3-B64,JPY,Refunded,2023-08-22,Netherlands
TXN-F90884BB-4F4,CAD,Completed,2024-07-17,Japan
TXN-D35C6139-A5A,AED,Pending,2023-11-07,Italy
TXN-C49CBEC2-192,AED,Completed,2024-05-15,Sri Lanka
TXN-C84F7004-096,AUD,Processing,2024-01-30,South Africa
TXN-DCC5D03A-77D,INR,Failed,2023-05-22,United Kingdom
TXN-90F35CDC-8C0,SGD,Refunded,2023-02-26,Japan
TXN-CB0348EF-3C5,SGD,Cancelled,2023-04-19,Netherlands
TXN-6B65EAE7-694,USD,Pending,2024-12-01,Sri Lanka
TXN-A5D42635-1F8,CAD,Cancelled,2023-04-30,Italy
TXN-CE687BC0-B90,LKR,Processing,2023-03-30,Germany
TXN-F6921EA0-420,INR,Completed,2023-01-12,Netherlands
TXN-CE65A996-5FA,AED,Completed,2024-09-10,Italy
TXN-12983E43-77F,AUD,Failed,2024-01-25,India
TXN-770835F7-23C,CAD,Completed,2024-04-17,Sweden
TXN-C00A9DFC-231,INR,Pending,2024-09-08,Singapore
TXN-9C154BE9-70E,GBP,Cancelled,2023-01-03,Canada
TXN-C3065C57-9E7,CNY,Pending,2023-06-21,France
TXN-DDA2A56E-F3C,CAD,Processing,2023-03-13,Canada
TXN-A2AA92DC-109,SGD,Completed,2023-06-12,South Africa
TXN-6EB856A1-B09,INR,Failed,2024-11-29,Canada
TXN-2C3BA876-367,LKR,Completed,2024-09-09,France
TXN-D675A8D3-1E4,AUD,Cancelled,2023-02-21,Japan
TXN-8E992E3A-3F8,CNY,Completed,2023-09-18,Norway
TXN-7B754B70-E93,CHF,Failed,2023-02-16,South Africa
TXN-807CF68A-A65,EUR,Pending,2024-07-11,China
TXN-68E53B74-8D8,CNY,Failed,2024-06-18,Netherlands
TXN-8DB26F83-CB3,SGD,Refunded,2023-09-11,Norway
TXN-96F6538A-9BB,CAD,Processing,2023-11-06,United Kingdom
TXN-C391A18C-084,CHF,Completed,2024-08-03,Australia
TXN-81E05D7F-825,CNY,Failed,2024-02-23,Japan
TXN-6BE5CB8E-EF2,CAD,Processing,2023-11-26,Australia
TXN-96D27423-692,AED,Pending,2024-10-01,Brazil
TXN-C4E8610E-4DE,AUD,Failed,2024-01-13,Singapore
TXN-A42E579E-293,USD,Cancelled,2023-09-25,Germany
TXN-5C6E08AD-E0F,JPY,Refunded,2023-08-09,South Africa
TXN-894C2CBB-2B8,CNY,Cancelled,2023-03-09,Norway
TXN-842E26E3-004,AED,Pending,2024-07-03,Netherlands
TXN-55AB0D54-4ED,CAD,Cancelled,2023-05-22,Germany
TXN-C6727AD1-640,SGD,Completed,2024-10-07,UAE
TXN-7827A394-55E,LKR,Processing,2024-06-14,Switzerland
TXN-79DA7488-FB8,SGD,Cancelled,2024-01-24,UAE
TXN-B816075B-92D,EUR,Refunded,2023-05-25,Singapore
TXN-3DE4E299-1CD,EUR,Failed,2023-12-22,Sri Lanka
TXN-A22EC1C2-EBF,USD,Cancelled,2024-04-23,UAE
TXN-48A7A4E1-C4F,INR,Completed,2023-12-19,Switzerland
TXN-F80F0C85-0A9,JPY,Completed,2024-12-06,China
TXN-336B4C33-89A,LKR,Pending,2023-12-10,Italy
TXN-CA149FD9-F8D,SGD,Cancelled,2024-07-11,Germany
TXN-8DFDA972-60A,CHF,Refunded,2024-10-13,Italy
TXN-004F3DAB-B87,AUD,Processing,2024-02-14,Italy
TXN-1FE9A9C1-ED8,AUD,Failed,2023-09-11,Sri Lanka
TXN-0F6A74EA-68F,INR,Processing,2024-10-19,Canada
TXN-C7CAD270-120,JPY,Failed,2023-12-31,China
TXN-95D9813B-303,JPY,Processing,2023-09-21,India
TXN-04CB1409-9E2,CAD,Refunded,2023-04-20,Brazil
TXN-8112F1FE-BF0,CNY,Completed,2024-09-11,Norway
TXN-09E60B41-3CF,EUR,Processing,2024-03-02,Netherlands
TXN-6EA12C6E-40A,CHF,Refunded,2023-11-07,United Kingdom
TXN-2AAD3CEB-20E,EUR,Cancelled,2024-06-19,UAE
TXN-F542027B-87D,SGD,Pending,2024-10-24,Japan
TXN-D37AC058-033,AUD,Failed,2024-03-19,United States
TXN-D783CDEE-462,USD,Completed,2024-10-29,Australia
TXN-FE194251-7BE,CAD,Refunded,2023-05-29,Singapore
TXN-E8E1866C-D16,LKR,Processing,2024-12-10,Spain
TXN-A28F3B42-609,INR,Refunded,2024-09-25,Sri Lanka
TXN-076E6051-47C,CNY,Cancelled,2024-10-31,Singapore
TXN-F50EE291-74C,GBP,Refunded,2024-02-07,Netherlands
TXN-DAE953D1-040,AUD,Cancelled,2023-10-21,United States
TXN-1AF66379-389,USD,Completed,2024-12-12,Canada
TXN-82BAFE27-DDC,INR,Refunded,2024-02-24,Spain
TXN-AD940C5A-561,AUD,Pending,2024-01-22,Brazil
TXN-58C65FE1-C1D,INR,Failed,2023-12-10,Spain
TXN-AA0080E0-9C5,EUR,Processing,2023-12-26,China
TXN-4DFD74C5-CA5,LKR,Failed,2024-10-24,Singapore
TXN-21484EDE-749,INR,Cancelled,2023-02-24,Sweden
TXN-13A71028-40A,CNY,Processing,2024-02-04,Brazil
TXN-AB2B3370-F19,USD,Completed,2023-09-30,Switzerland
TXN-1298F8F3-69F,USD,Completed,2023-08-30,United Kingdom
TXN-E617726D-121,USD,Refunded,2023-06-14,Italy
TXN-CA46472B-982,SGD,Pending,2023-01-04,Netherlands
TXN-C823ABC9-D94,LKR,Failed,2023-08-21,France
TXN-6C6B0144-A3C,AUD,Processing,2024-03-10,Switzerland
TXN-A19A67CA-7D1,CAD,Failed,2023-01-31,Singapore
TXN-C30A5BE4-070,EUR,Refunded,2023-01-10,Spain
TXN-D84B6D60-526,CAD,Completed,2024-01-31,Australia
TXN-665357C8-972,SGD,Cancelled,2024-02-18,South Africa
TXN-67ED7A88-4D9,SGD,Processing,2023-12-04,Netherlands
TXN-466A16D7-F38,GBP,Failed,2024-11-09,China
TXN-2558E679-30D,JPY,Cancelled,2023-10-26,France
TXN-F1B7EA95-89F,CAD,Cancelled,2023-10-25,United States
TXN-BD46DAC1-9A3,CHF,Completed,2024-09-24,Canada
TXN-B910696E-98F,CAD,Cancelled,2023-10-15,Australia
TXN-214F8C8F-066,AUD,Failed,2024-09-20,Sri Lanka
TXN-B357125E-9ED,JPY,Failed,2023-03-17,Sri Lanka
TXN-664E7710-E59,CHF,Cancelled,2024-03-20,Sweden
TXN-6898B2DF-DEC,CAD,Refunded,2023-06-17,South Africa
TXN-716C59C7-E05,JPY,Cancelled,2023-01-08,Canada
TXN-DF7BA99E-91B,INR,Cancelled,2023-03-27,South Africa
TXN-67019F35-9A0,CNY,Completed,2023-12-05,Singapore
TXN-A77BE12C-DCC,CHF,Failed,2024-12-25,Singapore
TXN-5632B3EF-B78,AED,Processing,2024-12-28,Brazil
TXN-4F0BC8CD-7D4,EUR,Pending,2024-02-15,Singapore
TXN-E6CDC2E1-ED0,INR,Failed,2024-09-01,South Africa
TXN-426C086C-42A,CAD,Refunded,2024-07-16,Germany
TXN-8A2FF238-2C5,CNY,Cancelled,2024-09-27,Sweden
TXN-0C7E3DFA-B8C,GBP,Completed,2023-10-17,Spain
TXN-BF447091-C79,CHF,Processing,2024-04-09,UAE
TXN-0CBF85DD-E6A,AED,Failed,2024-12-01,Switzerland
TXN-E823C0F3-42B,INR,Processing,2023-09-06,United Kingdom
TXN-DAE5CF12-B39,CHF,Processing,2023-07-24,South Africa
TXN-D2DA439C-D39,CHF,Pending,2024-08-04,Norway
TXN-FDED0841-D0B,LKR,Completed,2023-10-31,UAE
TXN-0662ADE1-782,USD,Pending,2024-06-22,Norway
TXN-718498FD-CBE,GBP,Processing,2024-05-21,Singapore
TXN-AB98E5DC-F79,LKR,Cancelled,2023-06-09,Canada
TXN-BA33B9CB-AF8,CAD,Refunded,2024-06-06,Netherlands
TXN-7E82B441-969,INR,Pending,2024-07-31,Sweden
TXN-8C95F2C3-957,JPY,Refunded,2023-12-03,Canada
TXN-8D43E773-1A0,AED,Failed,2023-04-14,China
TXN-7554C47E-89C,LKR,Completed,2023-01-04,Italy
TXN-339C2406-E5E,CAD,Completed,2023-10-12,Spain
TXN-CD649792-4C6,EUR,Refunded,2024-07-19,India
TXN-F9A52D93-63D,INR,Refunded,2024-08-14,India
TXN-7D0CB996-2BB,LKR,Failed,2023-04-19,Brazil
TXN-71C1A157-65C,CNY,Failed,2023-09-12,Spain
TXN-A5C2D0C6-F77,AUD,Failed,2024-07-08,Sweden
TXN-C5D9554B-526,AUD,Pending,2024-04-21,Japan
TXN-037468C3-DBE,AED,Cancelled,2024-07-13,South Africa
TXN-0211C92C-7FC,EUR,Cancelled,2024-06-10,China
TXN-0186ACBF-AC2,AED,Failed,2024-04-05,South Africa
TXN-D52BCC93-3CC,CHF,Processing,2023-11-01,UAE
TXN-32514F4D-5AD,AUD,Refunded,2024-04-15,Netherlands
TXN-643D14EF-A73,CHF,Completed,2023-07-18,Canada
TXN-3D393B02-526,CNY,Pending,2023-08-06,Sri Lanka
TXN-E1EF68CE-693,AED,Completed,2023-02-24,India
TXN-7938511A-752,GBP,Processing,2023-03-31,South Africa
TXN-B5B1906C-B40,CNY,Processing,2024-09-09,Spain
TXN-F04DF46E-A0B,LKR,Refunded,2023-10-06,France
TXN-6446B7A1-B6C,USD,Pending,2023-06-05,India
TXN-E65E342A-B3B,USD,Failed,2023-03-31,Canada
TXN-D3563C2A-926,LKR,Cancelled,2023-07-31,Switzerland
TXN-FA5B9CB7-876,CHF,Completed,2024-10-31,Italy
TXN-58BDCF12-7F4,CNY,Processing,2023-10-31,Italy
TXN-2C3183CF-850,INR,Completed,2023-01-13,Norway
TXN-B136EC2B-719,CNY,Completed,2023-03-31,Sri Lanka
TXN-FE8E2744-174,AED,Failed,2023-08-27,UAE
TXN-EEE764BD-0A7,LKR,Processing,2023-07-05,Sweden
TXN-0CC2AA47-F87,AED,Processing,2024-01-14,UAE
TXN-37851A67-65C,INR,Processing,2024-04-02,South Africa
TXN-D9C6FE96-B43,CHF,Processing,2024-05-26,Canada
TXN-BDBB162E-415,SGD,Refunded,2023-09-15,Australia
TXN-523C0888-395,GBP,Processing,2024-05-17,Sweden
TXN-DB1216FA-E27,AUD,Pending,2023-06-08,Spain
TXN-AF01FAB4-F75,CAD,Completed,2023-07-26,United Kingdom
TXN-383BCB52-EA9,AUD,Processing,2023-01-22,Switzerland
TXN-8BCD09F4-928,CAD,Completed,2024-10-31,Japan
TXN-01F5AC41-731,GBP,Processing,2023-03-04,Italy
TXN-EEEAD268-3EC,CAD,Cancelled,2024-05-15,Spain
TXN-95971E49-B7D,JPY,Pending,2023-02-04,Italy
TXN-5B628D21-FF6,CHF,Refunded,2024-07-01,United Kingdom
TXN-4C0FA0CD-C94,AED,Processing,2024-07-23,Australia
TXN-E959CBA5-25E,EUR,Failed,2023-01-02,United States
TXN-63AB49E3-46B,AED,Completed,2024-04-17,Brazil
TXN-1160CC61-9EA,CNY,Processing,2024-02-09,United States
TXN-67050D68-69F,EUR,Failed,2024-06-05,Switzerland
TXN-9F56EF74-CC3,INR,Cancelled,2023-12-19,Sri Lanka
TXN-BC17B392-B95,JPY,Failed,2023-03-24,Australia
TXN-0716FD13-ACD,LKR,Cancelled,2023-12-05,Switzerland
TXN-01FB1491-4E8,AUD,Processing,2024-11-09,Japan
TXN-52C17FD6-F9A,GBP,Completed,2024-12-19,Norway
TXN-D177A8B5-048,GBP,Cancelled,2023-11-17,France
TXN-68B85BE2-541,CHF,Cancelled,2023-06-10,United States
TXN-339DF2DA-312,USD,Failed,2024-05-28,United Kingdom
TXN-1A1D24A0-CFB,AUD,Cancelled,2024-06-01,United States
TXN-9B6BEAB3-9E7,SGD,Refunded,2023-10-26,China
TXN-82FF9AE2-CB4,USD,Refunded,2024-12-29,South Africa
TXN-5740C9C1-E12,SGD,Pending,2023-08-16,Spain
TXN-43EF4883-F1B,USD,Refunded,2023-01-07,Switzerland
TXN-47C103E3-B34,JPY,Completed,2023-12-23,Netherlands
TXN-CE221CAD-C2F,SGD,Refunded,2024-04-09,United States
TXN-3C24B628-D40,CAD,Refunded,2023-08-21,South Africa
TXN-2AC285D6-351,CAD,Failed,2024-12-11,Norway
TXN-49EC3F25-208,JPY,Failed,2023-05-13,France
TXN-C16B84F5-CEE,SGD,Pending,2024-01-04,Sri Lanka
TXN-F51E313C-BBF,LKR,Pending,2023-12-05,Switzerland
TXN-C0AB69FF-E81,CHF,Completed,2023-04-16,UAE
TXN-66683FC6-5BD,AED,Processing,2023-08-06,Netherlands
TXN-F499BC0D-050,EUR,Cancelled,2024-12-14,Netherlands
TXN-8178F4FD-D33,CNY,Processing,2023-08-15,United Kingdom
TXN-991F903E-43B,JPY,Cancelled,2023-07-18,Italy
TXN-6A87B05D-324,CHF,Pending,2023-04-22,France
TXN-5D5D48F8-5CD,CNY,Refunded,2023-12-17,Italy
TXN-A496E762-201,SGD,Processing,2024-03-04,Switzerland
TXN-FF4479B2-5F7,CNY,Refunded,2024-04-24,Singapore
TXN-1EC7777E-698,LKR,Completed,2024-08-14,United States
TXN-320111A7-102,AUD,Pending,2024-08-23,South Africa
TXN-10719B2D-E88,AED,Processing,2024-10-27,Netherlands
TXN-095CC8FA-EC1,INR,Failed,2023-08-26,India
TXN-F5349249-1D6,JPY,Pending,2024-07-29,Sweden
TXN-56EDEBC7-361,JPY,Refunded,2023-11-11,Brazil
TXN-DFE8C446-061,INR,Cancelled,2023-05-01,South Africa
TXN-B7AD4AB1-E7A,AUD,Processing,2024-01-18,United Kingdom
TXN-407A44FF-702,EUR,Pending,2023-10-20,South Africa
TXN-092E57C0-9D4,CNY,Completed,2024-09-21,United States
TXN-403686B8-FDA,GBP,Failed,2023-04-18,Netherlands
TXN-AD05D590-610,SGD,Processing,2023-11-29,Australia
TXN-C4AA33C6-94A,LKR,Completed,2024-06-07,UAE
TXN-83E4977E-E53,AUD,Refunded,2023-03-08,South Africa
TXN-5490974B-7AB,CAD,Cancelled,2023-11-29,Australia
TXN-19DD02F9-D80,USD,Processing,2024-01-07,Japan
TXN-FAD2CF61-825,SGD,Refunded,2023-09-18,Sri Lanka
TXN-E0C406BB-2C5,EUR,Completed,2024-01-25,Brazil
TXN-3B18DB6D-1D5,CNY,Cancelled,2023-06-17,United States
TXN-083B24BA-CF3,INR,Failed,2023-03-06,Brazil
TXN-4C4D9FD9-FA5,USD,Failed,2023-02-27,Australia
TXN-27A9C5A2-FE2,USD,Cancelled,2024-07-27,United States
TXN-CDA9DD16-984,CAD,Pending,2023-06-14,South Africa
TXN-3B0811C6-81D,AED,Cancelled,2024-12-09,Italy
TXN-2F9A6E27-C18,CHF,Completed,2024-02-06,South Africa
TXN-BBA969CE-B2A,AED,Processing,2024-11-03,UAE
TXN-850BC5E0-1D0,CAD,Refunded,2024-07-06,France
TXN-85057AAC-B1F,AED,Processing,2023-06-22,Brazil
TXN-176B8008-CA0,JPY,Completed,2023-12-08,Norway
TXN-65766E39-CB3,AUD,Completed,2024-10-04,UAE
TXN-1BD15ED4-566,CHF,Cancelled,2024-04-22,Canada
TXN-E2EF28B1-937,EUR,Refunded,2023-12-25,India
TXN-D5570394-D7E,CNY,Pending,2023-02-13,UAE
TXN-7B264F84-2EB,AED,Processing,2024-07-24,Australia
TXN-94E1D8EC-432,USD,Completed,2024-08-16,Sri Lanka
TXN-E732F184-F94,AED,Failed,2023-05-12,India
TXN-13F72936-C1D,INR,Completed,2023-10-27,India
TXN-39BBBCB2-39B,CHF,Pending,2024-10-19,Canada
TXN-174D36F6-83B,EUR,Processing,2023-06-23,Norway
TXN-587B0BDC-26A,INR,Failed,2024-01-30,Australia
TXN-2132B6C1-704,JPY,Completed,2024-06-23,Germany
TXN-ECB201E2-9EA,CAD,Refunded,2023-04-28,Spain
TXN-A4273C32-5C2,INR,Pending,2024-06-16,China
TXN-76895C8F-FF3,AED,Cancelled,2024-06-16,Switzerland
TXN-4AEB4AC9-ABE,AUD,Completed,2024-09-04,Netherlands
TXN-943184F2-DB8,EUR,Refunded,2023-12-24,China
TXN-5A7F4BAF-362,AED,Failed,2024-10-24,United Kingdom
TXN-E4244260-FD8,LKR,Completed,2024-05-19,India
TXN-5023F031-B5B,CAD,Completed,2023-09-22,Italy
TXN-58896A7B-CB4,JPY,Refunded,2023-05-28,Italy
TXN-12E23A98-FA8,CNY,Cancelled,2023-01-02,Italy
TXN-95D43838-B3D,EUR,Failed,2023-04-21,Norway
TXN-AD1BED17-228,CNY,Processing,2024-02-06,UAE
TXN-1DAE3800-118,CHF,Cancelled,2024-04-19,France
TXN-AFF93660-143,CAD,Refunded,2023-12-22,Netherlands
TXN-C58C62D1-D03,INR,Processing,2024-04-22,Sweden
TXN-FB46585E-30D,CAD,Completed,2024-03-31,India
TXN-F6EFB445-921,CHF,Refunded,2024-11-16,UAE
TXN-E7398BD6-514,CAD,Refunded,2024-12-14,Italy
TXN-B88992C2-B04,AUD,Completed,2023-04-08,Sweden
TXN-4F69C721-E98,LKR,Cancelled,2023-02-22,UAE
TXN-3EA1247D-134,USD,Processing,2024-03-10,India
TXN-1DB7A378-61A,CNY,Pending,2023-09-28,Singapore
TXN-E85BAD76-5A7,USD,Cancelled,2023-02-21,Japan
TXN-14F07757-D50,CAD,Cancelled,2023-09-17,China
TXN-A102D177-26B,JPY,Refunded,2024-08-02,Spain
TXN-924F23D7-520,USD,Cancelled,2023-06-01,Spain
TXN-34C2BBDF-3AA,CHF,Pending,2024-02-25,Australia
TXN-6DB4166B-80F,AUD,Completed,2024-02-08,Norway
TXN-501F5468-53D,JPY,Failed,2023-03-26,Brazil
TXN-BEBCC3A3-B03,CNY,Refunded,2024-03-22,Japan
TXN-CC2ECE9C-B63,INR,Cancelled,2023-02-05,Switzerland
TXN-FB9D732B-BA0,CHF,Failed,2023-05-30,Brazil
TXN-6FA73890-AE2,CHF,Pending,2024-07-14,Canada
TXN-C4721AB0-87F,SGD,Processing,2024-07-03,Spain
TXN-2DE02C6B-FB1,CAD,Completed,2024-04-17,India
TXN-25A254F5-376,AED,Failed,2024-06-06,Italy
TXN-75A69661-09B,CNY,Refunded,2023-11-09,India
TXN-7D7472B5-7DE,LKR,Pending,2023-01-14,Germany
TXN-B0CC00C6-A64,USD,Failed,2024-12-05,India
TXN-9498A67A-6F3,CHF,Cancelled,2024-11-30,India
TXN-FCCA21C9-C39,CNY,Completed,2024-04-30,UAE
TXN-787F6875-755,LKR,Refunded,2024-01-08,Germany
TXN-5BF15080-7A6,SGD,Cancelled,2024-04-06,Netherlands
TXN-CC64214F-F5E,CHF,Pending,2024-02-27,Brazil
TXN-A0C2A60E-85C,EUR,Pending,2024-11-10,Japan
TXN-188F89F0-606,JPY,Failed,2024-07-15,Japan
TXN-AE13D333-395,GBP,Refunded,2024-03-01,Brazil
TXN-A5C9EEAC-6B3,AED,Processing,2024-04-19,Netherlands
TXN-C8A9032C-436,CNY,Completed,2023-07-12,China
TXN-AA685CDA-1A7,GBP,Cancelled,2024-10-19,China
TXN-819BE605-022,GBP,Processing,2023-11-06,India
TXN-81DB1A77-E12,INR,Processing,2023-09-07,France
TXN-7FED06B6-96B,AED,Completed,2023-03-13,Germany
TXN-51A1507E-84F,JPY,Cancelled,2023-12-17,Canada
TXN-134E7CC8-4E9,USD,Completed,2023-11-18,United Kingdom
TXN-058FBB73-AA6,CAD,Completed,2024-06-16,Australia
TXN-B90D2E05-317,GBP,Cancelled,2024-08-26,Germany
TXN-46E00145-9E6,AED,Pending,2024-11-07,South Africa
TXN-D7C39D72-855,LKR,Pending,2023-08-31,India
TXN-ED2E9076-FEF,GBP,Processing,2024-08-20,Germany
TXN-95206D41-EAF,LKR,Cancelled,2023-01-25,South Africa
TXN-F9841D4F-819,CAD,Failed,2023-01-06,Canada
TXN-0FAB65B2-7BD,JPY,Cancelled,2023-04-19,Netherlands
TXN-DC3F94EB-E40,AED,Failed,2023-03-29,United Kingdom
TXN-690C8830-8AA,CNY,Cancelled,2023-10-23,United States
TXN-A26BED95-E9E,AUD,Completed,2023-10-02,Singapore
TXN-B6CAEEDF-A58,INR,Completed,2023-02-14,UAE
TXN-AB99F193-9E1,CNY,Cancelled,2023-04-05,Norway
TXN-EA808D1B-512,LKR,Failed,2023-07-14,France
TXN-6CBCD39A-96C,GBP,Cancelled,2023-06-03,Singapore
TXN-07102BE4-51C,EUR,Failed,2024-05-07,Brazil
TXN-46D65B9C-728,SGD,Failed,2024-02-27,France
TXN-6E1D7DA4-35D,CHF,Refunded,2024-11-06,Spain
TXN-4498F8D8-801,USD,Refunded,2023-03-30,Japan
TXN-E45DF66A-167,AED,Completed,2023-05-15,United Kingdom
TXN-4B0F8F94-A97,JPY,Processing,2023-02-28,Canada
TXN-E32CB35A-80D,CHF,Processing,2024-12-17,France
TXN-F849D5F3-04B,GBP,Cancelled,2024-12-19,Switzerland
TXN-4C423C5A-3CA,SGD,Processing,2023-04-19,India
TXN-ED13B557-5C7,AED,Completed,2023-07-08,Australia
TXN-996FBDF4-628,GBP,Processing,2023-10-15,Canada
TXN-81E7D73E-92F,CAD,Completed,2023-12-25,Canada
TXN-0BA57AAC-833,GBP,Completed,2023-11-23,Sweden
TXN-7BC0E652-FC4,GBP,Refunded,2023-03-06,India
TXN-EFCFA891-7DC,LKR,Pending,2024-06-03,Japan
TXN-59DA383E-5AD,EUR,Failed,2024-02-14,South Africa
TXN-3F75C157-526,LKR,Pending,2023-12-20,France
TXN-D9DE1954-B65,SGD,Completed,2024-08-17,Canada
TXN-00F5F396-2CE,AUD,Pending,2024-09-26,France
TXN-108295B9-900,CAD,Processing,2024-10-26,Canada
TXN-B02FA1CD-8AC,EUR,Completed,2023-03-16,Norway
TXN-177C7D89-AE2,AED,Cancelled,2023-09-01,Brazil
TXN-29DA4146-260,CHF,Pending,2023-08-03,Canada
TXN-0620F157-B71,AED,Pending,2024-01-29,Netherlands
TXN-86F6607D-2E9,INR,Failed,2023-02-14,Italy
TXN-5D431EA5-FC5,AUD,Refunded,2023-06-27,India
TXN-4B5789C1-780,LKR,Pending,2024-09-11,United States
TXN-8E31CD26-C25,USD,Cancelled,2023-09-06,India
TXN-C12FE299-AA6,CNY,Failed,2023-12-12,Australia
TXN-E2FC3758-3D5,SGD,Refunded,2023-02-21,Sri Lanka
TXN-EDB75C45-97A,USD,Pending,2023-11-25,Italy
TXN-75338A3F-828,USD,Pending,2023-08-13,Australia
TXN-2853B802-FE5,EUR,Pending,2023-11-17,China
TXN-4FEDB26A-71D,CNY,Refunded,2024-04-02,China
TXN-EA41ADA2-15D,INR,Failed,2024-04-08,Sri Lanka
TXN-0DC28AC0-3E9,CAD,Completed,2024-08-20,Sri Lanka
TXN-B28D5766-8F8,EUR,Completed,2023-05-02,UAE
TXN-5E325C77-A4C,CHF,Pending,2024-11-11,Australia
TXN-ADB40B5C-8AD,CNY,Pending,2023-11-03,Switzerland
TXN-CD954B04-80B,AED,Failed,2023-05-21,Australia
TXN-435D34ED-9C9,EUR,Cancelled,2023-02-20,Netherlands
TXN-79D2850F-EC2,USD,Pending,2023-04-23,South Africa
TXN-B54658F2-D46,USD,Pending,2024-03-22,Brazil
TXN-8692B2CA-72F,USD,Refunded,2023-05-07,Switzerland
TXN-D58665D5-691,CNY,Cancelled,2024-03-29,South Africa
TXN-6FAA359F-D42,CNY,Processing,2023-06-22,Netherlands
TXN-429F0F8F-A85,CHF,Cancelled,2023-11-29,Brazil
TXN-BD43CD98-904,USD,Completed,2023-02-11,Canada
TXN-03BB5C9E-01E,LKR,Processing,2024-01-24,United States
TXN-7468B066-D79,CAD,Pending,2024-06-19,Germany
TXN-002F918B-CCE,EUR,Refunded,2023-07-01,Sri Lanka
TXN-1F5C7DA2-0DF,JPY,Completed,2024-03-18,UAE
TXN-B7DE9DED-E2C,AED,Cancelled,2024-07-04,China
TXN-83B47E2B-EEE,SGD,Processing,2024-07-22,United States
TXN-B3DBE5E1-346,CAD,Pending,2024-04-09,South Africa
TXN-FC212FE9-023,INR,Failed,2023-12-10,Netherlands
TXN-BFCBB2D4-021,JPY,Failed,2024-03-21,France
TXN-F7A137E9-54A,JPY,Failed,2023-03-27,Canada
TXN-9624FFAF-035,USD,Failed,2024-05-10,United Kingdom
TXN-06F79CEC-0E6,CAD,Failed,2024-06-12,China
TXN-BCDF136F-2CE,USD,Processing,2024-03-14,United Kingdom
TXN-CDE469A7-7D3,SGD,Cancelled,2023-05-01,France
TXN-FEB1BD2D-FA3,AUD,Cancelled,2024-11-29,Netherlands
TXN-87C0C171-020,JPY,Completed,2023-07-27,Brazil
TXN-C615BE70-D05,EUR,Cancelled,2024-06-18,United States
TXN-2E1520B4-8C0,LKR,Cancelled,2024-12-21,Canada
TXN-88DA1171-DB6,INR,Pending,2024-09-29,UAE
TXN-4BEFA275-D29,LKR,Cancelled,2024-02-05,Germany
TXN-EB26B222-919,SGD,Cancelled,2023-12-11,Switzerland
TXN-95C23CD0-C96,CAD,Cancelled,2024-06-14,Netherlands
TXN-9957DA91-0EA,AUD,Failed,2023-05-22,Singapore
TXN-490D6DAB-66D,AED,Refunded,2024-02-14,Brazil
TXN-DF0BFCC7-6C7,GBP,Refunded,2024-05-31,South Africa
TXN-0BFB04ED-75D,CHF,Completed,2023-12-27,Italy
TXN-1D065C1D-A32,GBP,Pending,2024-08-14,Germany
TXN-387AD774-C75,CHF,Cancelled,2023-10-08,Netherlands
TXN-DAA1A850-779,USD,Failed,2024-04-26,Sri Lanka
TXN-F6905FBC-222,INR,Processing,2024-08-23,Spain
TXN-F4A7F04F-204,INR,Completed,2023-12-25,Spain
TXN-48B244CE-846,LKR,Refunded,2023-12-25,Netherlands
TXN-E32A643C-957,EUR,Completed,2024-07-24,China
TXN-2B410BC9-D7C,JPY,Pending,2023-05-09,Sri Lanka
TXN-30C159B7-FC7,CAD,Failed,2023-11-09,Spain
TXN-FC468B6A-099,INR,Pending,2024-05-18,Australia
TXN-A619D0F7-E3C,JPY,Cancelled,2023-03-10,Brazil
TXN-6CA51E10-013,CNY,Pending,2023-09-03,Netherlands
TXN-ABBC9A51-692,USD,Pending,2024-06-15,Australia
TXN-AABA33CD-053,JPY,Cancelled,2023-11-14,Norway
TXN-A51A76A5-0A5,INR,Cancelled,2023-11-16,Brazil
TXN-1C798545-0F4,JPY,Refunded,2024-11-15,Sweden
TXN-DAF41483-04D,JPY,Processing,2023-01-29,Sri Lanka
TXN-8BBD4332-447,USD,Cancelled,2023-06-13,Australia
TXN-ED942DAB-4EC,JPY,Cancelled,2024-05-04,France
TXN-C2495FA1-F00,JPY,Pending,2023-07-17,Singapore
TXN-2E7A6B29-C10,CAD,Processing,2024-04-06,India
TXN-2159E6FE-49F,USD,Refunded,2024-08-04,UAE
TXN-35436031-E39,USD,Failed,2024-03-24,UAE
TXN-3969F296-EF8,GBP,Failed,2024-09-14,Netherlands
TXN-223DBEE2-C6E,CAD,Failed,2024-09-21,Sri Lanka
TXN-EBCEE4C7-13B,EUR,Completed,2023-07-19,Sri Lanka
TXN-18311861-10B,SGD,Completed,2023-10-10,UAE
TXN-99671C59-C55,AUD,Processing,2023-05-03,South Africa
TXN-A3051428-C38,AED,Completed,2023-06-02,Canada
TXN-1C2536C5-F58,CHF,Cancelled,2023-06-28,China
TXN-D18A9263-38C,SGD,Refunded,2023-05-02,France
TXN-F6825B46-AF3,USD,Pending,2024-07-25,Italy
TXN-54749EC0-9B8,INR,Processing,2023-02-02,Sri Lanka
TXN-177E2E61-F5C,CAD,Pending,2024-10-11,Australia
TXN-D4872A52-CB2,EUR,Cancelled,2024-08-10,China
TXN-673BEBCF-153,EUR,Refunded,2024-11-01,Japan
TXN-09873B5F-DC9,CHF,Processing,2023-09-13,Sweden
TXN-048E7C00-D1F,CNY,Failed,2023-07-15,Sweden
TXN-F57CE920-AA3,CAD,Refunded,2024-02-15,United Kingdom
TXN-93FF6CF5-722,INR,Completed,2024-09-02,Switzerland
TXN-C9222287-843,EUR,Processing,2024-06-01,South Africa
TXN-63DFB7A5-3C7,EUR,Completed,2023-08-25,India
TXN-D4E08650-80D,CAD,Failed,2024-11-10,United States
TXN-F073CB89-838,INR,Pending,2024-10-17,Brazil
TXN-C8894153-6DA,USD,Cancelled,2024-12-19,Singapore
TXN-F37B5221-5BD,CHF,Completed,2024-01-26,Spain
TXN-E88BED32-E88,INR,Refunded,2023-02-16,Canada
TXN-796FA8D1-8D2,SGD,Pending,2024-03-16,Japan
TXN-C9849904-565,JPY,Failed,2024-11-14,Sweden
TXN-70BAE3C2-191,CHF,Processing,2024-06-19,United States
TXN-E22858E3-29F,GBP,Processing,2023-05-03,United Kingdom
TXN-5714B8D4-BC2,LKR,Cancelled,2024-06-15,Singapore
TXN-538799DE-FFB,CAD,Cancelled,2024-03-11,Italy
TXN-1C07747F-FAF,INR,Cancelled,2024-07-05,Japan
TXN-064FD6B0-6B1,USD,Processing,2023-03-13,France
TXN-1E2E7974-B2F,SGD,Failed,2024-07-29,Germany
TXN-5B674BC5-FE3,LKR,Refunded,2023-06-21,South Africa
TXN-76620B10-484,EUR,Completed,2023-06-25,India
TXN-C7AF88A4-876,AUD,Processing,2024-03-09,Germany
TXN-038EF893-4BD,EUR,Cancelled,2024-08-25,South Africa
TXN-B2AA4DC3-92D,CHF,Cancelled,2024-09-16,China
TXN-204D9EF5-D72,SGD,Pending,2024-02-18,Singapore
TXN-9C7ADE63-A5D,JPY,Cancelled,2023-03-28,Spain
TXN-F2B76B4E-21C,USD,Failed,2023-06-08,France
TXN-36C0C3E9-BE3,EUR,Pending,2023-06-02,Netherlands
TXN-2EB5C152-84B,LKR,Pending,2024-04-12,United States
TXN-58C3F9ED-43F,SGD,Completed,2023-08-16,Italy
TXN-E950B438-BA1,USD,Pending,2024-11-23,France
TXN-D9444D6D-E14,SGD,Refunded,2024-11-29,France
TXN-5E70F55B-FDC,SGD,Failed,2024-06-05,Canada
TXN-A9C1A3E1-FAE,EUR,Completed,2023-03-16,Italy
TXN-9F146E79-EF0,SGD,Refunded,2023-10-04,India
TXN-218D3F4A-821,AUD,Processing,2023-06-20,Singapore
TXN-58DE5E9D-889,INR,Refunded,2024-04-07,Sweden
TXN-595922DA-8DF,GBP,Processing,2023-08-23,Sri Lanka
TXN-9F719D84-DA3,JPY,Processing,2023-03-26,Spain
TXN-B6CB1422-6F8,SGD,Completed,2023-05-25,United States
TXN-BDA381D9-2F9,EUR,Refunded,2024-03-08,United States
TXN-876735B9-A1F,AED,Pending,2023-09-21,Netherlands
TXN-E7F92D16-4C0,EUR,Completed,2023-03-30,South Africa
TXN-4D95E0FB-AF2,EUR,Completed,2024-11-07,United States
TXN-58B667C8-F3E,SGD,Cancelled,2024-01-25,France
TXN-65353177-CF4,AUD,Refunded,2024-04-27,South Africa
TXN-A933FB55-C87,LKR,Pending,2024-06-07,Singapore
TXN-64E4D66E-B96,GBP,Refunded,2023-12-03,Canada
TXN-AA8647F1-0D7,CHF,Completed,2024-11-10,Brazil
TXN-5F2C4D1C-7EA,AED,Failed,2023-11-02,Sweden
TXN-940EDA3F-50C,AED,Pending,2023-11-30,United Kingdom
TXN-ED725A81-7D7,AED,Cancelled,2023-03-20,Sri Lanka
TXN-CD472234-362,USD,Cancelled,2024-11-18,Switzerland
TXN-67440711-534,CAD,Completed,2023-07-30,South Africa
TXN-0BFB16C8-768,AUD,Cancelled,2024-04-11,Sri Lanka
TXN-BF3D918F-2B6,EUR,Processing,2023-04-23,Italy
TXN-F6E585B4-25E,SGD,Completed,2023-05-07,Norway
TXN-3FAADB4F-445,LKR,Processing,2024-08-08,Sweden
TXN-FC8AFAE9-66F,GBP,Refunded,2024-07-19,Netherlands
TXN-C267666A-7AC,INR,Completed,2024-02-18,Germany
TXN-9DFF5ED9-EF7,CAD,Cancelled,2023-01-12,United States
TXN-C8B45B24-C9F,AUD,Cancelled,2023-03-03,UAE
TXN-66062A48-9C5,EUR,Refunded,2023-05-06,United States
TXN-D17451A3-ED3,CHF,Failed,2024-02-22,China
TXN-EA690825-0B2,INR,Refunded,2024-12-11,Germany
TXN-9E97C8EA-761,CHF,Pending,2023-12-13,Germany
TXN-5CD8AC62-F66,CAD,Refunded,2024-03-12,Sri Lanka
TXN-E65A4164-DEA,AUD,Failed,2024-09-03,Brazil
TXN-DD48C9E6-08A,INR,Pending,2024-07-22,India
TXN-29FD83BA-5DA,CNY,Completed,2023-08-26,Australia
TXN-FA6961B7-046,EUR,Cancelled,2024-05-02,China
TXN-E6C887C1-E9D,LKR,Completed,2024-03-03,Brazil
TXN-FF1CC4F1-C8E,USD,Completed,2024-10-11,Norway
TXN-1F3E25DB-0BC,USD,Processing,2024-08-05,Singapore
TXN-3CE7769F-F23,INR,Cancelled,2024-11-25,Canada
TXN-BFE8F5CB-76C,USD,Failed,2023-10-12,Canada
TXN-B3C5AAB6-7C8,SGD,Processing,2024-07-20,Sri Lanka
TXN-367E1431-B69,EUR,Refunded,2023-01-09,Germany
TXN-95BF6108-FD6,LKR,Completed,2023-05-13,United States
TXN-C5F4101D-B8E,JPY,Refunded,2023-08-12,Japan
TXN-F861DD64-3A0,SGD,Failed,2024-04-03,India
TXN-46C9276F-CB9,CHF,Pending,2024-09-05,Spain
TXN-28699505-9DD,GBP,Pending,2023-02-14,Switzerland
TXN-34448F08-49A,CNY,Refunded,2023-08-27,Singapore
TXN-0BF64D7D-914,GBP,Processing,2024-10-26,India
TXN-D2438A62-C97,GBP,Refunded,2024-09-14,Switzerland
TXN-5860FEF9-8EE,SGD,Cancelled,2024-04-11,Spain
TXN-D0B2B839-C0D,LKR,Failed,2024-11-05,United Kingdom
TXN-037FA5AB-A43,AED,Pending,2023-05-07,Norway
TXN-49B25529-A56,SGD,Failed,2024-06-02,Spain
TXN-D784AD25-F6C,INR,Completed,2024-06-08,Sri Lanka
TXN-FF16AAB7-2D1,AUD,Refunded,2023-11-01,India
TXN-3F7DADE7-463,JPY,Processing,2023-04-12,Sweden
TXN-B5180387-FC5,LKR,Completed,2023-05-28,Canada
TXN-080FB5BF-86F,USD,Completed,2023-06-10,France
TXN-007B8698-585,JPY,Pending,2023-10-01,Norway
TXN-3B6DB6C2-5F2,SGD,Cancelled,2023-02-18,France
TXN-47B0F7BC-664,AED,Refunded,2024-12-06,Canada
TXN-F281809B-FE2,EUR,Cancelled,2024-05-08,Norway
TXN-D6C8E6B9-951,CNY,Pending,2024-02-02,Canada
TXN-5A6C68B7-217,SGD,Completed,2024-12-18,Sri Lanka
TXN-B4DCD365-1C8,LKR,Cancelled,2023-10-21,Japan
TXN-CB2BD56F-50B,CAD,Processing,2024-11-16,United States
TXN-737D87D1-2B8,JPY,Refunded,2023-03-29,Germany
TXN-6069BC77-640,CAD,Completed,2024-05-12,Germany
TXN-AC66CBB0-81B,JPY,Processing,2024-04-28,Sweden
TXN-B7C5FDEF-C98,GBP,Cancelled,2024-02-27,Italy
TXN-02B60450-9A3,AED,Pending,2024-03-13,Norway
TXN-2DD7DB17-E63,EUR,Refunded,2023-09-01,Japan
TXN-84671354-68B,USD,Completed,2023-10-02,Sweden
TXN-F07CB35A-D99,CAD,Refunded,2023-11-14,India
TXN-14DA1133-BD6,USD,Processing,2023-03-16,Spain
TXN-6DC232AB-7B7,AUD,Pending,2024-12-15,United States
TXN-A3C80783-6D5,CAD,Failed,2023-09-27,Sweden
TXN-7FE1C5A4-99C,AUD,Cancelled,2024-10-15,Canada
TXN-DC9601A5-4BE,INR,Pending,2024-09-04,Italy
TXN-FBAF9290-81C,AED,Refunded,2024-03-24,Italy
TXN-50A2A835-B43,LKR,Processing,2024-08-12,Norway
TXN-683C53A3-9CC,SGD,Processing,2024-12-19,Norway
TXN-DD69C7D8-D70,LKR,Refunded,2024-01-05,Brazil
TXN-4B253010-2E8,CAD,Cancelled,2024-11-24,Italy
TXN-B22044A5-6A8,CAD,Completed,2023-01-22,UAE
TXN-D2C9354A-645,INR,Cancelled,2024-01-20,Netherlands
TXN-EAD63DE8-A6D,CHF,Pending,2024-03-10,Netherlands
TXN-6ED34DA2-B4B,INR,Cancelled,2024-04-17,Netherlands
TXN-8376AD16-A26,INR,Completed,2024-02-12,India
TXN-72A141E5-9C1,EUR,Cancelled,2023-05-16,Spain
TXN-311475F9-071,USD,Failed,2023-07-25,UAE
TXN-3F66573D-83B,USD,Completed,2024-09-03,Italy
TXN-2AA950AB-148,CAD,Cancelled,2024-06-02,China
TXN-D2B67C45-915,CNY,Completed,2023-02-02,India
TXN-A5709E09-7C9,INR,Processing,2024-11-07,Germany
TXN-BAF2CE2C-DC2,CHF,Failed,2024-02-01,United States
TXN-EAC78608-E36,LKR,Pending,2024-08-29,Netherlands
TXN-E9B31518-9F8,CHF,Failed,2023-10-16,India
TXN-8FB0C2E0-646,GBP,Pending,2023-05-03,Sri Lanka
TXN-F57289A7-F8B,CAD,Completed,2023-01-20,Brazil
TXN-CCD4385A-4EE,INR,Processing,2024-05-23,United Kingdom
TXN-8B89FFE2-096,AUD,Completed,2024-11-20,United Kingdom
TXN-531541A6-088,LKR,Failed,2024-04-05,Brazil
TXN-CD348685-575,CHF,Cancelled,2023-12-02,United States
TXN-196D6E78-44D,EUR,Completed,2024-06-12,Spain
TXN-8A274148-77B,SGD,Pending,2024-02-15,Netherlands
TXN-CE2F4F60-0E5,EUR,Failed,2023-05-12,Sweden
TXN-C764AFC3-58D,CHF,Pending,2023-08-13,Singapore
TXN-4A423286-655,USD,Cancelled,2024-07-05,Sweden
TXN-53A01D94-981,CHF,Failed,2024-05-31,United Kingdom
TXN-E979441B-723,CHF,Cancelled,2023-06-06,Japan
TXN-BB2C86ED-A3E,GBP,Refunded,2023-10-11,Germany
TXN-BF4AC686-DFC,EUR,Failed,2024-09-28,Germany
TXN-6EFA9974-F6F,INR,Processing,2023-03-29,Singapore
TXN-96DBF841-6C3,USD,Cancelled,2023-03-19,Australia
TXN-2E78CE04-D77,JPY,Cancelled,2023-03-02,Singapore
TXN-B371BFB6-BF5,AED,Completed,2023-12-09,Australia
TXN-AE6EB3A2-884,USD,Refunded,2024-01-04,Netherlands
TXN-D313735A-06B,LKR,Cancelled,2023-08-28,France
TXN-E3C400B7-DE6,JPY,Pending,2023-01-15,United Kingdom
TXN-B8D3D9B4-8FE,CAD,Refunded,2024-05-02,South Africa
TXN-FC17ED48-4EA,CHF,Pending,2024-01-13,Japan
TXN-A3265E1C-C9C,USD,Completed,2023-04-21,France
TXN-61A84A2E-F59,INR,Refunded,2024-03-17,UAE
TXN-404D034F-6FD,AUD,Refunded,2024-12-02,United Kingdom
TXN-36212EA8-017,EUR,Processing,2023-07-05,Spain
TXN-C9F8EAC5-363,GBP,Completed,2024-09-19,Germany
TXN-54333439-BEF,AED,Refunded,2023-07-19,Sri Lanka
TXN-7FE66A5E-6CF,JPY,Failed,2023-05-18,Brazil
TXN-434B0A90-051,SGD,Refunded,2023-08-20,France
TXN-C418D782-534,AUD,Completed,2024-12-03,Sri Lanka
TXN-D0072AE6-F2D,AED,Cancelled,2023-03-07,United Kingdom
TXN-CCCB8444-936,LKR,Failed,2023-04-26,Canada
TXN-31D57015-EBA,AUD,Refunded,2023-11-04,United Kingdom
TXN-845FFE1C-260,INR,Processing,2023-09-04,China
TXN-A7F07B71-F99,USD,Failed,2023-04-16,Switzerland
TXN-AC988B62-B69,AED,Cancelled,2024-10-02,Japan
TXN-A4BBCFA7-2BD,CAD,Cancelled,2024-01-14,Netherlands
TXN-CDBA3BCA-E1F,CNY,Processing,2023-01-12,France
TXN-A500E2C5-6E2,USD,Refunded,2024-10-05,Switzerland
TXN-016A6297-941,JPY,Completed,2024-06-10,United States
TXN-8F7850CA-12C,CHF,Refunded,2023-07-05,Australia
TXN-3F81F1BA-236,JPY,Processing,2024-09-17,Australia
TXN-6F40C675-ECA,CHF,Cancelled,2023-03-30,UAE
TXN-0EA0919C-242,CHF,Processing,2024-01-09,China
TXN-F648299A-356,INR,Failed,2023-04-21,India
TXN-4B604ECA-806,GBP,Processing,2024-01-17,United States
TXN-E77B5708-881,CHF,Pending,2024-10-21,UAE
TXN-AE81C298-C23,SGD,Failed,2024-02-16,South Africa
TXN-D48F5D58-654,EUR,Processing,2024-09-11,India
TXN-240F701A-94E,INR,Failed,2023-01-26,Sweden
TXN-0C1F55B4-FB1,GBP,Cancelled,2024-05-10,South Africa
TXN-A937C4DC-FF7,SGD,Cancelled,2024-05-09,Brazil
TXN-F58217CF-4F4,SGD,Pending,2024-03-01,Sweden
TXN-D4538474-756,LKR,Pending,2024-05-26,Sweden
TXN-E557E484-BFA,USD,Completed,2024-02-14,Japan
TXN-C87AB29E-F79,GBP,Processing,2023-04-28,India
TXN-14A8898D-1B0,SGD,Completed,2024-12-26,Norway
TXN-8E8C4AB5-A62,AUD,Processing,2024-01-25,United Kingdom
TXN-E3A3678C-BAB,AUD,Cancelled,2024-05-27,South Africa
TXN-1AD0E149-4CD,SGD,Cancelled,2023-11-22,United Kingdom
TXN-9167B075-6DC,CHF,Processing,2023-09-13,South Africa
TXN-55C13EA2-CE8,CAD,Cancelled,2023-03-01,United Kingdom
TXN-99FE3230-4F8,AUD,Failed,2023-01-07,United Kingdom
TXN-B0B129B3-9D2,AED,Processing,2024-10-11,Japan
TXN-D437D3F4-DBC,EUR,Failed,2023-05-08,France
TXN-19D283E5-DDF,JPY,Cancelled,2024-09-28,Singapore
TXN-FC7C97BA-DF3,EUR,Cancelled,2024-04-09,Japan
TXN-85249A09-DD9,SGD,Failed,2023-05-15,United Kingdom
TXN-56A0AFD2-612,AUD,Completed,2024-05-08,United Kingdom
TXN-80E2418A-547,USD,Refunded,2024-03-19,Canada
TXN-5DAAA2EF-BE5,CHF,Pending,2024-07-28,France
TXN-3AC48741-02C,EUR,Refunded,2023-12-02,Sweden
TXN-F47E1A07-78D,GBP,Failed,2024-09-18,South Africa
TXN-4734085D-007,SGD,Processing,2023-01-06,Australia
TXN-5A78790F-78A,CNY,Cancelled,2024-05-13,Switzerland
TXN-810153D9-FD4,LKR,Processing,2023-09-20,South Africa
TXN-97912C3F-9A4,INR,Completed,2024-07-27,Canada
TXN-6304FAF9-691,USD,Pending,2024-11-13,Singapore
TXN-D0BC2301-5AE,AUD,Failed,2024-11-01,India
TXN-0D99C7F3-55F,CAD,Completed,2023-11-05,Canada
TXN-15C0E56A-F58,AED,Failed,2024-04-17,Singapore
TXN-2C52717C-D7B,JPY,Processing,2024-10-24,France
TXN-5464A54C-C83,JPY,Failed,2023-09-16,Sri Lanka
TXN-9D7DD5AA-B0A,CHF,Failed,2023-07-19,Germany
TXN-97972346-F2C,INR,Pending,2023-12-13,Sweden
TXN-7471BFEC-902,SGD,Failed,2024-02-29,France
TXN-DE6FD912-519,LKR,Refunded,2024-07-23,Italy
TXN-47CCE46F-F4D,CHF,Cancelled,2024-05-28,Brazil
TXN-0491CD9B-EA9,USD,Failed,2023-09-07,Sweden
TXN-33D05D3F-D9F,EUR,Completed,2023-08-08,Singapore
TXN-F2C0D800-5FD,CHF,Failed,2024-04-14,Canada
TXN-B5FA119F-A3F,LKR,Pending,2024-12-11,South Africa
TXN-335340E3-24E,GBP,Cancelled,2023-08-13,Australia
TXN-B1FE8AA9-251,INR,Pending,2023-01-08,United Kingdom
TXN-6E3343B2-B22,SGD,Failed,2023-10-28,Brazil
TXN-D6C16E0F-041,GBP,Cancelled,2023-05-19,Spain
TXN-0EDD3291-6C7,SGD,Pending,2023-10-05,France
TXN-B419C2C2-C91,GBP,Processing,2023-04-17,UAE
TXN-B5FBBA1E-B60,EUR,Cancelled,2024-04-22,South Africa
TXN-BA30FAC6-EFE,CHF,Refunded,2024-12-06,Spain
TXN-4D1C81E9-A13,CAD,Processing,2024-12-26,Canada
TXN-A0D8C409-F5B,AED,Refunded,2023-10-14,Netherlands
TXN-BB461634-438,INR,Cancelled,2024-01-05,United Kingdom
TXN-7A301995-A31,SGD,Pending,2023-04-26,South Africa
TXN-3F0240F2-755,AUD,Pending,2024-10-22,Switzerland
TXN-8414A3D6-FED,USD,Completed,2024-01-15,Germany
TXN-094943E6-64E,INR,Cancelled,2023-01-23,Singapore
TXN-A0B09390-C20,INR,Failed,2023-11-12,United Kingdom
TXN-0E022B8E-2B4,CNY,Processing,2024-08-29,France
TXN-20B4E2B4-362,AUD,Pending,2023-07-15,Japan
TXN-E511925F-901,GBP,Processing,2023-04-15,Norway
TXN-21E837B2-B5F,GBP,Processing,2023-04-17,Singapore
TXN-33D5D675-084,INR,Processing,2024-12-21,Spain
TXN-67EDD289-D55,CHF,Processing,2023-04-01,Germany
TXN-8C12FF59-028,LKR,Cancelled,2024-03-13,United States
TXN-D6EAB3C3-EC2,LKR,Completed,2024-08-21,India
TXN-0D1EAC10-535,JPY,Completed,2024-04-13,United Kingdom
TXN-D24F4429-EFE,GBP,Pending,2024-10-07,UAE
TXN-6BD4265E-492,GBP,Failed,2023-05-18,Canada
TXN-A4CEAEC9-3F5,AED,Refunded,2023-11-16,India
TXN-8392C620-413,LKR,Cancelled,2023-02-26,Sri Lanka
TXN-EB1072CE-D16,JPY,Refunded,2023-08-22,France
TXN-BB41A9CE-286,CAD,Completed,2024-05-08,Switzerland
TXN-06775A6E-51E,SGD,Processing,2023-02-19,United Kingdom
TXN-B91357BA-A03,INR,Cancelled,2023-02-13,Japan
TXN-CFB55DAD-794,CNY,Refunded,2023-01-28,Germany
TXN-8122A902-59F,SGD,Cancelled,2023-05-04,Norway
TXN-8C5BACF8-A14,CHF,Failed,2024-08-27,Netherlands
TXN-EED3222B-C94,LKR,Failed,2024-12-14,South Africa
TXN-B6E436D3-422,CAD,Cancelled,2023-10-22,Germany
TXN-411A7AE1-42F,EUR,Completed,2023-02-06,Canada
TXN-BD592055-24C,CHF,Refunded,2023-09-24,South Africa
TXN-A9176AAA-B12,JPY,Refunded,2024-11-01,India
TXN-5D9AA7D7-ABD,INR,Failed,2023-01-01,India
TXN-FC1FDF38-01E,SGD,Pending,2023-04-17,Norway
TXN-ADE0D027-7E8,CNY,Processing,2023-03-15,Brazil
TXN-1D63154A-975,AUD,Cancelled,2023-05-07,Brazil
TXN-2F9CE791-292,LKR,Refunded,2023-09-23,China
TXN-D28B0D4D-200,EUR,Pending,2024-08-02,Sri Lanka
TXN-85A89933-ADC,CHF,Cancelled,2024-07-07,India
TXN-7B044B11-472,CNY,Failed,2023-04-04,China
TXN-A907EDD2-C93,CHF,Cancelled,2023-02-06,Italy
TXN-DD4555B0-38A,SGD,Failed,2024-05-20,France
TXN-0B820B5E-5F2,CAD,Cancelled,2024-06-25,Australia
TXN-B8074432-B1C,LKR,Processing,2023-05-07,Netherlands
TXN-63CD32D6-981,EUR,Refunded,2023-03-24,United States
TXN-B75F2485-F84,AED,Failed,2024-02-02,Sri Lanka
TXN-A6A5DFE7-B5D,GBP,Processing,2024-03-14,Australia
TXN-74A7841F-C68,AUD,Failed,2023-07-13,Germany
TXN-98C2AC47-668,AUD,Completed,2023-06-06,Netherlands
TXN-7DD0E731-649,CAD,Completed,2023-06-20,Sweden
TXN-B4E6ACDA-427,LKR,Processing,2023-08-06,Italy
TXN-08F44B27-D5E,AED,Completed,2023-02-25,India
TXN-80C24E40-393,JPY,Refunded,2023-09-08,UAE
TXN-13A8E9D1-92A,EUR,Failed,2023-01-18,United States
TXN-C1A6D9C2-A61,CAD,Refunded,2023-01-26,Brazil
TXN-6CFE7FAC-C72,LKR,Cancelled,2024-06-28,China
TXN-73F3ED06-47E,CHF,Failed,2023-04-22,United States
TXN-6919487E-347,CAD,Pending,2023-03-30,Singapore
TXN-F57CAFF0-F0B,SGD,Failed,2023-03-13,UAE
TXN-518D4B1C-46F,JPY,Cancelled,2024-08-12,Switzerland
TXN-8C118B12-78C,AUD,Completed,2024-11-29,Australia
TXN-1F2B6977-1C2,LKR,Failed,2024-08-25,UAE
TXN-64B3FB6F-A0F,LKR,Cancelled,2024-10-28,France
TXN-C2F92684-C94,LKR,Cancelled,2023-12-18,Norway
TXN-8F82DC0A-76B,LKR,Processing,2024-04-15,Australia
TXN-3E3BC49F-A80,LKR,Refunded,2024-06-12,China
TXN-5BEF39C6-0A4,SGD,Failed,2024-09-01,South Africa
TXN-72F036BB-EF5,EUR,Completed,2024-02-08,Japan
TXN-C9671613-FDB,LKR,Failed,2023-02-18,Sweden
TXN-505E2A39-B57,USD,Cancelled,2024-04-07,Switzerland
TXN-D0D71944-A1E,GBP,Failed,2024-04-20,Australia
TXN-4ADF142A-F71,LKR,Cancelled,2024-04-25,Switzerland
TXN-8B2B691B-0C8,CAD,Completed,2023-11-07,France
TXN-BBCB793E-575,LKR,Processing,2024-05-29,Japan
TXN-9DBC198B-E0E,INR,Processing,2023-12-31,Norway
TXN-418C1642-8CE,LKR,Failed,2024-06-25,India
TXN-374407ED-479,SGD,Failed,2024-09-05,Japan
TXN-F9EF3FC2-B71,AED,Processing,2024-09-26,Switzerland
TXN-0E08394F-53F,CNY,Processing,2023-08-28,Spain
TXN-8A954B6A-6E3,CNY,Failed,2024-11-15,Singapore
TXN-BB7EC497-CAC,USD,Pending,2023-07-21,Japan
TXN-F3C67CB6-245,AED,Completed,2024-07-15,Canada
TXN-FEA1CA59-4CE,GBP,Cancelled,2023-06-06,Canada
TXN-AF2D6807-6F0,CHF,Cancelled,2023-04-25,Canada
TXN-9D4420C7-814,INR,Processing,2024-08-16,Brazil
TXN-DD7C5504-419,USD,Cancelled,2023-07-19,Germany
TXN-5966CAA6-DED,AED,Processing,2024-08-21,Brazil
TXN-6570CB10-B2E,GBP,Pending,2023-08-02,France
TXN-40687D84-D5E,CHF,Pending,2023-01-02,United Kingdom
TXN-731F8BEA-80F,USD,Cancelled,2023-04-01,Brazil
TXN-CC7EA913-CA8,AUD,Pending,2024-01-24,UAE
TXN-8791AB2B-088,CAD,Cancelled,2024-05-18,India
TXN-BD5EE964-747,CHF,Completed,2024-11-14,India
TXN-0D1247CA-626,AUD,Completed,2024-07-25,UAE
TXN-4E087463-FC4,USD,Completed,2023-02-14,Germany
TXN-570223E8-966,LKR,Processing,2024-08-05,China
TXN-F5E3C148-CC8,EUR,Processing,2024-04-16,United Kingdom
TXN-4EA84CA9-584,INR,Cancelled,2023-09-17,Germany
TXN-F2412ED7-8A9,USD,Pending,2023-11-26,Germany
TXN-38EEF946-534,AED,Cancelled,2023-11-02,India
TXN-CE5428D8-EAA,LKR,Failed,2024-10-14,Spain
TXN-C8769010-8AD,SGD,Cancelled,2024-06-18,Sweden
TXN-FA8B585A-E1D,CNY,Failed,2023-04-21,France
TXN-3B81A8C2-706,GBP,Pending,2023-10-14,Singapore
TXN-F0795790-9AF,JPY,Pending,2024-06-22,Sweden
TXN-95734275-3AD,LKR,Completed,2023-01-01,Switzerland
TXN-1082DFC9-705,GBP,Processing,2023-10-04,China
TXN-DE93E341-451,USD,Refunded,2024-08-22,Netherlands
TXN-CD530BDF-B1A,JPY,Refunded,2024-12-09,Singapore
TXN-EF7150DC-A44,JPY,Refunded,2024-09-19,India
TXN-403B164E-4DA,CHF,Failed,2023-06-04,Singapore
TXN-430CC031-F0B,CNY,Pending,2023-07-22,India
TXN-1D5D45D4-EEF,CHF,Completed,2024-08-14,Australia
TXN-AA164AD3-A3A,GBP,Processing,2024-07-22,Germany
TXN-7A19DE30-C78,INR,Failed,2023-08-04,Spain
TXN-589EF546-6AB,USD,Failed,2024-06-22,South Africa
TXN-D48F0B94-F26,GBP,Refunded,2024-03-02,United Kingdom
TXN-A1C1F11B-4ED,EUR,Failed,2024-06-13,Norway
TXN-E74BF541-2D8,INR,Cancelled,2024-03-11,Sri Lanka
TXN-77CABC55-A07,AED,Failed,2024-06-08,China
TXN-8B7AA402-9F5,JPY,Failed,2024-06-07,Switzerland
TXN-0FA221A8-1F7,AUD,Cancelled,2023-08-05,France
TXN-79A39426-C3C,EUR,Failed,2023-10-30,United Kingdom
TXN-405C2BA5-9AE,CNY,Failed,2024-08-15,Canada
TXN-F7B57DBB-C3A,AUD,Completed,2023-05-05,Germany
TXN-F2D8336A-641,INR,Refunded,2023-01-20,UAE
TXN-F6B78FDF-477,CNY,Pending,2023-08-02,Canada
TXN-111B828B-40D,INR,Cancelled,2023-11-11,United States
TXN-58D99F6E-F78,CAD,Refunded,2023-01-18,Italy
TXN-A57659F6-112,CAD,Completed,2023-11-09,UAE
TXN-EC069AF7-026,LKR,Cancelled,2023-09-17,United States
TXN-044CB838-6BB,AUD,Refunded,2024-05-29,Singapore
TXN-9B4602F4-FB7,LKR,Completed,2023-10-11,Singapore
TXN-A6F1B0E3-464,JPY,Cancelled,2024-05-11,United Kingdom
TXN-7686761E-D79,INR,Cancelled,2023-04-23,India
TXN-63F065F1-2A3,USD,Failed,2024-04-28,China
TXN-D958747C-108,INR,Failed,2023-01-31,Sweden
TXN-3EB0A062-493,GBP,Refunded,2023-02-27,Netherlands
TXN-C4D2DEB5-6EB,EUR,Completed,2023-10-13,China
TXN-5BE38925-42C,LKR,Refunded,2023-03-08,South Africa
TXN-A50F0D6D-C33,INR,Processing,2024-05-25,Switzerland
TXN-83ED0C7E-327,AUD,Cancelled,2023-10-18,France
TXN-46171ECE-B7E,JPY,Refunded,2024-10-15,Japan
TXN-51EC9C4B-A6F,USD,Cancelled,2024-12-17,Spain
TXN-124693AE-D38,LKR,Pending,2023-09-15,India
TXN-3C67439F-531,EUR,Processing,2024-12-17,Switzerland
TXN-1C1C896E-CB6,AUD,Completed,2023-11-07,UAE
TXN-7D5FCF88-D2D,GBP,Refunded,2023-12-24,Italy
TXN-020C91D3-1CF,LKR,Completed,2024-01-03,Germany
TXN-CDBFC7D5-B43,CHF,Pending,2023-01-03,Germany
TXN-C0DDE9AD-1E6,GBP,Cancelled,2023-11-12,India
TXN-3068D5F7-ED1,CHF,Cancelled,2023-01-19,United States
TXN-F8DB00BA-F96,AED,Pending,2024-12-02,Japan
TXN-05635E30-E23,LKR,Cancelled,2024-09-16,India
TXN-48771E15-589,CNY,Cancelled,2023-07-28,Sweden
TXN-232C4C08-934,EUR,Pending,2023-01-22,Brazil
TXN-AC70CD27-E1D,CHF,Completed,2024-05-04,Switzerland
TXN-3196F837-E50,LKR,Cancelled,2023-08-25,Brazil
TXN-A3F529B4-DD3,INR,Cancelled,2023-03-18,Germany
TXN-2E9796CF-531,CHF,Pending,2023-01-11,UAE
TXN-BE09338B-5EB,AED,Cancelled,2023-03-15,Japan
TXN-D50AF572-08C,INR,Completed,2024-02-25,Singapore
TXN-A63AEB1C-EDF,EUR,Failed,2023-09-19,United Kingdom
TXN-B80872CC-2CC,INR,Pending,2023-12-06,South Africa
TXN-B434B1E0-F28,USD,Processing,2024-01-13,Germany
TXN-165C8F65-A2A,LKR,Refunded,2023-08-10,Canada
TXN-62BB2D01-6EE,LKR,Processing,2023-11-05,Australia
TXN-3150DBF0-3D3,USD,Refunded,2023-05-01,UAE
TXN-D9304E7D-B0B,USD,Completed,2024-05-28,Australia
TXN-CBD70E9B-9A0,EUR,Failed,2024-11-07,India
TXN-60D45A45-88C,EUR,Pending,2023-02-02,United States
TXN-157458A0-F87,EUR,Refunded,2024-01-03,Canada
TXN-D9A0214B-3AB,INR,Processing,2024-03-18,Japan
TXN-878B9BB1-90F,GBP,Cancelled,2024-02-23,United Kingdom
TXN-E070E648-1B3,EUR,Completed,2024-07-29,United States
TXN-8CD317FA-8C4,EUR,Failed,2023-02-06,UAE
TXN-E69216BC-1D5,SGD,Processing,2024-05-20,China
TXN-2B7F7853-EF6,INR,Processing,2023-04-12,Singapore
TXN-40098FDB-093,USD,Cancelled,2023-09-11,Norway
TXN-6DD99D2B-EE7,AUD,Refunded,2023-02-16,India
TXN-36386958-5D0,GBP,Refunded,2024-11-22,Japan
TXN-C71AB6DA-76F,INR,Refunded,2024-05-20,Sri Lanka
TXN-DD5241F2-451,EUR,Processing,2024-10-14,United States
TXN-9375C454-59E,CNY,Failed,2024-08-17,Sri Lanka
TXN-2EE71F27-9A9,AED,Processing,2023-04-09,Sri Lanka
TXN-88088D75-2E9,INR,Completed,2023-08-12,Germany
TXN-B08756E0-0B5,SGD,Processing,2023-09-21,Japan
TXN-B3BBAC0A-1E4,GBP,Refunded,2024-04-12,Norway
TXN-8C555BD0-C18,LKR,Processing,2023-08-29,Singapore
TXN-DA1DECF9-352,LKR,Cancelled,2023-11-27,Sri Lanka
TXN-F9A54A7F-560,USD,Failed,2024-02-11,Japan
TXN-DDAB7459-346,AUD,Refunded,2023-09-11,Singapore
TXN-05D51511-7D9,GBP,Failed,2024-12-12,Canada
TXN-A687D3AD-437,CAD,Failed,2024-07-24,Germany
TXN-E67E8989-D30,JPY,Cancelled,2023-08-11,Sri Lanka
TXN-467EE92B-539,CNY,Completed,2024-05-24,Spain
TXN-D6B1EFEE-759,EUR,Completed,2024-08-23,Norway
TXN-3F1BF725-E7D,LKR,Failed,2024-10-14,UAE
TXN-52B41FE3-8B2,CAD,Refunded,2024-10-10,Sweden
TXN-74A57F16-87B,CNY,Processing,2024-08-29,United Kingdom
TXN-E44D78D6-8C7,GBP,Processing,2023-06-04,India
TXN-5523C66C-18E,CHF,Completed,2024-03-05,Germany
TXN-D1EDA365-ADC,AED,Failed,2024-03-10,South Africa
TXN-9801FB69-D4F,AUD,Failed,2024-02-16,Australia
TXN-9711C456-643,EUR,Processing,2023-11-05,Australia
TXN-B78ABCFC-B88,SGD,Completed,2023-11-30,Singapore
TXN-DF972346-196,AUD,Cancelled,2023-06-10,Canada
TXN-3023F640-E88,LKR,Failed,2024-08-07,France
TXN-587819A4-FD5,AED,Cancelled,2023-04-01,Singapore
TXN-56C563B7-87B,EUR,Processing,2023-09-22,Singapore
TXN-25641FEB-87C,SGD,Completed,2023-10-22,Spain
TXN-B7242CC2-308,AUD,Refunded,2024-08-17,South Africa
TXN-353B65D6-A26,CHF,Failed,2024-12-17,France
TXN-672BAD7A-843,GBP,Cancelled,2024-10-14,UAE
TXN-CD6F8A78-55B,CHF,Refunded,2023-12-08,Germany
TXN-82FC90DF-07B,SGD,Failed,2023-07-29,Sweden
TXN-2AE34FB0-806,INR,Pending,2023-08-09,South Africa
TXN-774D170C-941,AUD,Cancelled,2023-09-16,South Africa
TXN-52A099B6-DD9,LKR,Cancelled,2023-11-12,Spain
TXN-A08C00FE-E85,INR,Completed,2023-11-09,Japan
TXN-01C127FD-6BE,LKR,Failed,2023-09-06,Switzerland
TXN-755B9632-8AD,USD,Failed,2024-11-09,Italy
TXN-D225EF2D-D53,CHF,Failed,2024-02-26,France
TXN-C49FE777-11C,GBP,Processing,2023-06-25,Canada
TXN-7C46FD19-880,USD,Cancelled,2024-01-20,Sweden
TXN-CFD458D0-DDB,GBP,Refunded,2024-05-08,Germany
TXN-DC2E33CB-899,AED,Cancelled,2023-06-30,Germany
TXN-273325CD-2F4,AUD,Refunded,2024-12-06,Italy
TXN-8A2B6438-D76,AED,Refunded,2024-05-30,Japan
TXN-FD5197D7-21D,GBP,Pending,2024-10-20,Japan
TXN-E6B7C8FF-5EF,INR,Refunded,2024-12-13,Canada
TXN-F0796C4B-857,EUR,Refunded,2024-06-02,Brazil
TXN-C87D6EF9-9E7,INR,Cancelled,2023-09-22,Switzerland
TXN-8C1EBBE7-C33,AED,Cancelled,2024-10-08,India
TXN-8FC573C0-0E3,CNY,Failed,2023-06-09,Norway
TXN-691A1216-F9F,USD,Pending,2023-04-24,United Kingdom
TXN-00B591E8-8F9,EUR,Failed,2023-01-11,South Africa
TXN-2FEE005D-01D,CAD,Failed,2024-08-19,Switzerland
TXN-F4157717-433,EUR,Processing,2024-06-26,Italy
TXN-672459B1-1FF,CHF,Processing,2023-03-01,UAE
TXN-AF60BB51-983,CAD,Refunded,2023-01-04,Japan
TXN-48086505-F23,LKR,Pending,2023-11-05,Spain
TXN-F0CB505F-FE3,JPY,Refunded,2024-11-11,Japan
TXN-C8510AB4-F31,USD,Failed,2024-12-08,Singapore
TXN-B628B091-49E,USD,Pending,2024-06-14,United Kingdom
TXN-08FBFCCF-E3F,JPY,Pending,2024-07-22,India
TXN-0565FE23-A47,GBP,Failed,2024-03-10,Japan
TXN-F77B816F-C0A,GBP,Completed,2023-06-30,Brazil
TXN-D20C0FE2-73D,INR,Refunded,2023-01-27,Sweden
TXN-33F9374C-66D,AUD,Failed,2023-11-26,United Kingdom
TXN-798C398E-36A,EUR,Pending,2023-01-15,France
TXN-F98E0ADC-103,JPY,Pending,2024-09-11,UAE
TXN-416439C1-6FE,INR,Cancelled,2023-10-28,Spain
TXN-C555C74F-036,CAD,Failed,2024-10-23,China
TXN-071F600C-6FE,AUD,Cancelled,2023-08-31,Japan
TXN-090C56D1-85B,SGD,Cancelled,2024-03-18,Spain
TXN-90F69D7B-C52,EUR,Completed,2024-04-04,Netherlands
TXN-216569AD-236,AUD,Failed,2024-10-02,Germany
TXN-EB6CCCAE-B38,GBP,Cancelled,2024-06-20,Sri Lanka
TXN-79EF512C-581,EUR,Failed,2024-06-12,France
TXN-FF0D0A23-73A,CHF,Cancelled,2023-12-11,China
TXN-E5D891F8-AB2,AUD,Cancelled,2023-11-03,Germany
TXN-D14D7D0C-FF6,CAD,Refunded,2023-06-17,Sri Lanka
TXN-5DD1649C-01F,JPY,Refunded,2024-05-31,France
TXN-21A3C456-6EB,USD,Completed,2023-05-05,Australia
TXN-F3AB98D4-9E9,AUD,Processing,2023-01-27,Sweden
TXN-39DBABAF-B65,EUR,Pending,2023-10-14,Norway
TXN-0CF88F23-F2E,AED,Cancelled,2024-05-22,Netherlands
TXN-265B095A-7DD,EUR,Failed,2023-06-03,Australia
TXN-93B280E9-5A5,GBP,Processing,2023-10-05,South Africa
TXN-DA058A45-050,CAD,Pending,2024-12-26,China
TXN-4238A38B-B97,GBP,Refunded,2024-04-12,Norway
TXN-1B8876E5-D7A,CNY,Refunded,2023-03-12,South Africa
TXN-24799E7D-F69,INR,Cancelled,2023-02-21,Sri Lanka
TXN-8DE3C337-173,AED,Pending,2024-11-06,Italy
TXN-83F56D1A-FAF,CHF,Failed,2024-11-25,Netherlands
TXN-3426FDD6-42D,CHF,Refunded,2024-10-05,South Africa
TXN-9A62ABCE-DBE,CHF,Cancelled,2023-06-08,Singapore
TXN-868AA03D-DFA,CNY,Completed,2024-02-01,Norway
TXN-83D81F84-6F8,CHF,Failed,2024-01-23,Germany
TXN-28FC53ED-307,USD,Pending,2023-07-31,Brazil
TXN-6764580B-224,LKR,Failed,2023-06-24,Netherlands
TXN-CC4CDEFB-1F5,CHF,Failed,2023-09-06,India
TXN-D4F6157D-A08,JPY,Refunded,2023-06-14,United States
TXN-13F05DDF-990,CHF,Failed,2024-05-24,Australia
TXN-6A7B2588-33B,LKR,Completed,2024-01-30,Canada
TXN-A86FF091-6CC,CHF,Failed,2023-04-03,Brazil
TXN-AE01020C-224,CAD,Cancelled,2024-03-19,Spain
TXN-0F71AA0C-369,EUR,Processing,2023-09-18,Singapore
TXN-12B11CA5-FB7,JPY,Cancelled,2024-08-29,South Africa
TXN-2E5B1402-C28,LKR,Refunded,2023-03-18,Sweden
TXN-972A273F-8C2,GBP,Processing,2023-11-18,Italy
TXN-0F6ADD07-939,CHF,Processing,2023-06-26,Italy
TXN-F9E2CB2A-B56,CHF,Pending,2024-05-25,UAE
TXN-11487E8C-F85,CNY,Refunded,2023-07-27,Singapore
TXN-846A2795-6F1,GBP,Pending,2024-05-12,United Kingdom
TXN-23523B0B-777,CNY,Refunded,2023-07-14,Singapore
TXN-A9C2D220-982,JPY,Pending,2024-09-26,Australia
TXN-5174A96C-C9E,CHF,Failed,2023-05-11,Brazil
TXN-CF35C9BC-8C2,GBP,Completed,2024-04-12,Japan
TXN-C3CCEDBF-FA5,CAD,Cancelled,2023-09-17,Canada
TXN-B0F17095-7D9,EUR,Completed,2023-08-18,Spain
TXN-B7101C86-040,INR,Pending,2023-03-01,Singapore
TXN-69D37DBE-ED4,AUD,Failed,2023-06-12,Sweden
TXN-3580A4AE-B83,INR,Failed,2024-06-30,Spain
TXN-37FFC7D8-96E,JPY,Failed,2023-07-17,Sweden
TXN-DEADFEF8-F3D,CHF,Cancelled,2023-02-04,Norway
TXN-0296EA20-C07,CNY,Pending,2023-07-18,China
TXN-86617801-0C2,EUR,Completed,2024-11-04,United States
TXN-E98A3C6C-19C,GBP,Refunded,2023-05-12,Germany
TXN-1984F53F-9E9,CHF,Completed,2023-03-24,Netherlands
TXN-BC97318D-AC5,USD,Processing,2024-10-21,United Kingdom
TXN-DE27B62B-EDC,EUR,Pending,2023-10-15,Sweden
TXN-9BC6AFD2-634,CHF,Cancelled,2023-07-26,UAE
TXN-4D5460AB-315,INR,Processing,2024-10-27,India
TXN-75F2E0F0-881,LKR,Pending,2023-06-21,Norway
TXN-A6F69CDF-AA8,CNY,Cancelled,2024-01-20,Singapore
TXN-85695A71-264,JPY,Refunded,2024-03-24,Canada
TXN-6FDE68A9-C59,INR,Refunded,2024-11-20,Norway
TXN-CD351E4D-353,EUR,Failed,2023-07-14,Sweden
TXN-7089EB02-CF9,AED,Completed,2023-05-31,Canada
TXN-6052F7BA-8E8,CAD,Processing,2024-10-07,Italy
TXN-7D224F8E-7E8,LKR,Cancelled,2024-12-16,United Kingdom
TXN-EC32EDCD-9F7,CAD,Pending,2023-06-09,United Kingdom
TXN-46B41F92-BAE,SGD,Cancelled,2023-11-06,France
TXN-A887B661-DC4,LKR,Pending,2024-03-11,United States
TXN-35114C91-5EA,AUD,Cancelled,2023-06-21,Japan
TXN-F0A075FD-450,GBP,Cancelled,2024-09-30,United States
TXN-2D1BB841-975,CHF,Completed,2024-05-27,United Kingdom
TXN-10DBC482-C2D,CAD,Cancelled,2024-01-20,Australia
TXN-D80DDC0A-0AC,SGD,Pending,2023-08-18,Singapore
TXN-A6A5C175-9DF,EUR,Processing,2024-08-26,China
TXN-24CEBC97-2B0,GBP,Refunded,2023-04-19,Sweden
TXN-76E11664-FB3,JPY,Pending,2024-05-10,Netherlands
TXN-CB93C5AA-040,CAD,Failed,2023-04-10,Italy
TXN-03CCDD04-660,CNY,Cancelled,2023-01-26,Japan
TXN-6C633E3C-276,LKR,Failed,2024-08-11,Switzerland
TXN-313B08ED-1A3,EUR,Completed,2024-01-26,Switzerland
TXN-36FE5279-852,JPY,Refunded,2024-05-11,Brazil
TXN-3C3F3FD1-A14,CNY,Pending,2023-05-07,China
TXN-FE051EA0-428,USD,Pending,2024-01-23,Germany
TXN-A283F26A-561,AUD,Failed,2024-01-08,Italy
TXN-C691772C-547,GBP,Pending,2023-10-30,Norway
TXN-A9216BC3-2B6,SGD,Failed,2024-01-18,Singapore
TXN-3FD814C5-9E4,EUR,Refunded,2023-10-17,Brazil
TXN-BB0CF3D3-828,INR,Cancelled,2023-06-02,Australia
TXN-8ABAD013-684,EUR,Failed,2023-02-20,Singapore
TXN-D93972FA-513,LKR,Cancelled,2024-04-08,France
TXN-573D23EA-AB9,GBP,Refunded,2023-12-26,United Kingdom
TXN-4589BC96-C90,AED,Processing,2023-01-23,Canada
TXN-187F14BC-D60,JPY,Refunded,2024-04-06,China
TXN-2090C0CE-7E6,GBP,Cancelled,2023-03-02,Singapore
TXN-A7A09A4A-3B6,LKR,Failed,2024-08-18,Japan
TXN-966E5637-96E,CHF,Refunded,2024-07-06,Spain
TXN-6E9EA311-314,EUR,Failed,2024-03-24,Japan
TXN-21A34B41-F87,CHF,Completed,2023-11-29,Japan
TXN-340505B3-8B2,LKR,Processing,2023-02-10,Sweden
TXN-32642C2B-98B,SGD,Pending,2023-04-05,United States
TXN-10C45B95-AF7,USD,Pending,2023-08-08,China
TXN-E58842A1-E08,AED,Pending,2024-07-03,Sri Lanka
TXN-C13A9B7F-72C,CHF,Cancelled,2023-12-29,UAE
TXN-E5C96013-622,CNY,Cancelled,2023-05-26,United Kingdom
TXN-2D539BD7-0C9,AED,Completed,2023-12-14,Italy
TXN-D9667835-825,SGD,Processing,2023-03-17,Japan
TXN-2E727399-543,CAD,Processing,2024-11-09,Italy
TXN-0372C008-6D6,JPY,Completed,2024-03-25,Sweden
TXN-141CB129-640,CAD,Cancelled,2023-05-06,France
TXN-B968B181-D67,INR,Failed,2023-11-09,Norway
TXN-659FFC3C-7ED,INR,Refunded,2023-02-01,South Africa
TXN-97BEE955-4BF,CNY,Failed,2024-06-23,Australia
TXN-57A867DC-97B,AUD,Refunded,2024-06-02,Spain
TXN-8044097D-92E,USD,Refunded,2024-07-01,India
TXN-909A94DC-2D6,AUD,Pending,2024-09-07,Norway
TXN-8B8FFEC3-BDD,AED,Completed,2024-11-30,Norway
TXN-E4191384-6F0,USD,Completed,2024-11-02,UAE
TXN-FCA28C18-A1C,AUD,Processing,2024-09-29,Singapore
TXN-48008CEB-071,INR,Pending,2024-11-23,France
TXN-F0249B01-258,LKR,Refunded,2023-04-23,Spain
TXN-F23DEB8E-FE2,SGD,Refunded,2024-05-08,United States
TXN-A4F43748-4C1,SGD,Failed,2023-12-06,Germany
TXN-77953916-8AB,SGD,Cancelled,2023-09-26,Italy
TXN-949BBA4C-AFA,CNY,Pending,2023-03-28,United Kingdom
TXN-26250135-628,SGD,Cancelled,2024-08-31,Sweden
TXN-2433871E-86A,SGD,Cancelled,2024-10-10,Netherlands
TXN-FAAF6604-C22,USD,Cancelled,2024-01-23,Australia
TXN-1A4FB741-CF2,CHF,Failed,2023-11-22,Spain
TXN-943F2C39-5F3,CHF,Refunded,2023-09-09,India
TXN-9C841378-721,CHF,Pending,2024-07-17,Japan
TXN-25E1BB55-1BD,AUD,Processing,2024-10-20,Netherlands
TXN-F3B16A6E-061,INR,Completed,2024-05-27,United States
TXN-F050B900-7F8,AED,Cancelled,2023-08-09,Italy
TXN-E442C4ED-86F,CAD,Cancelled,2023-05-19,United Kingdom
TXN-2A66E6B1-7EB,EUR,Processing,2024-06-24,Sri Lanka
TXN-22716A1A-699,USD,Cancelled,2023-11-08,Singapore
TXN-AFD15525-05C,EUR,Processing,2024-11-02,Japan
TXN-D3A89133-A4E,USD,Refunded,2023-08-16,Netherlands
TXN-C0D86DE1-A08,AED,Failed,2023-11-08,Norway
TXN-857D8145-DC2,EUR,Refunded,2023-01-03,Norway
TXN-92B5735C-84A,CNY,Completed,2023-07-20,Singapore
TXN-C2CAF85B-C34,JPY,Refunded,2023-08-31,China
TXN-C7E0E734-570,CNY,Processing,2024-10-28,Singapore
TXN-569C6E08-703,AUD,Cancelled,2023-05-04,Norway
TXN-DD61D4DB-002,CHF,Cancelled,2024-09-25,India
TXN-525AF2BE-435,SGD,Refunded,2024-02-09,Japan
TXN-D8133824-5DD,JPY,Processing,2024-07-16,China
TXN-3B093668-582,EUR,Completed,2023-03-25,Singapore
